{
"type": "FeatureCollection",
"name": "Plotboundary",
"crs": { "type": "name", "properties": { "name": "urn:ogc:def:crs:OGC:1.3:CRS84" } },
"features": [
{ "type": "Feature", "properties": { "OBJECTID": 1, "LAYER": "WATER BODY", "AREAHA": 0.45722308459799998, "Shape_Leng": 260.95733279299998, "Shape_Area": 4613.3134402100004 }, "geometry": { "type": "Polygon", "coordinates": [ [ [ 81.295547961874618, 18.600170763224657, 0.0 ], [ 81.295526547107741, 18.600120794042709, 0.0 ], [ 81.29522435569271, 18.600158865160729, 0.0 ], [ 81.294943579252816, 18.600304013088401, 0.0 ], [ 81.294817468389567, 18.600370637679699, 0.0 ], [ 81.294738945485264, 18.60060144441735, 0.0 ], [ 81.294743704677146, 18.600672829675293, 0.0 ], [ 81.294848401340175, 18.600748971128116, 0.0 ], [ 81.294984030541642, 18.600801319830023, 0.0 ], [ 81.295152971967951, 18.600794181386398, 0.0 ], [ 81.295321913683196, 18.600763248182783, 0.0 ], [ 81.295402815494697, 18.600708520711269, 0.0 ], [ 81.295469440744981, 18.600606204101375, 0.0 ], [ 81.295547961874618, 18.600170763224657, 0.0 ] ] ] } },
{ "type": "Feature", "properties": { "OBJECTID": 2, "LAYER": "WATER BODY", "AREAHA": 0.113183902458, "Shape_Leng": 126.97054788200001, "Shape_Area": 1141.9837525800001 }, "geometry": { "type": "Polygon", "coordinates": [ [ [ 81.301796427166295, 18.599156318872467, 0.0 ], [ 81.301860672796778, 18.599384746999849, 0.0 ], [ 81.30198916283436, 18.599425198208181, 0.0 ], [ 81.302148588099101, 18.599384747425042, 0.0 ], [ 81.302181899600527, 18.599241980085861, 0.0 ], [ 81.302150966355171, 18.599123007061749, 0.0 ], [ 81.301941574099118, 18.599099211902509, 0.0 ], [ 81.301796427166295, 18.599156318872467, 0.0 ] ] ] } },
{ "type": "Feature", "properties": { "OBJECTID": 3, "LAYER": "WATER BODY", "AREAHA": 0.23724233518400001, "Shape_Leng": 191.92833093, "Shape_Area": 2393.6375224100002 }, "geometry": { "type": "Polygon", "coordinates": [ [ [ 81.308074172768272, 18.606068461894342, 0.0 ], [ 81.308289186381984, 18.606188869595105, 0.0 ], [ 81.308457874211641, 18.606240644619461, 0.0 ], [ 81.308468984736436, 18.60624405490999, 0.0 ], [ 81.308476906857905, 18.606215418235859, 0.0 ], [ 81.308497846668402, 18.606160214189355, 0.0 ], [ 81.308581603243496, 18.60599079776879, 0.0 ], [ 81.308581602567088, 18.605941304546949, 0.0 ], [ 81.308562566939742, 18.605872775735893, 0.0 ], [ 81.308505459781273, 18.605764272596794, 0.0 ], [ 81.308395052414696, 18.60569764738046, 0.0 ], [ 81.30830368213465, 18.605648154688335, 0.0 ], [ 81.308202793131429, 18.605619601805969, 0.0 ], [ 81.30814758869731, 18.605876582797379, 0.0 ], [ 81.308074172768272, 18.606068461894342, 0.0 ] ] ] } },
{ "type": "Feature", "properties": { "OBJECTID": 4, "LAYER": "LOW LAND-CULTIVATION", "AREAHA": 5.7279301910899996, "Shape_Leng": 2982.6764685200001, "Shape_Area": 57788.670371499997 }, "geometry": { "type": "Polygon", "coordinates": [ [ [ 81.324724208878365, 18.607966128324016, 0.0 ], [ 81.324824393191307, 18.607894216524862, 0.0 ], [ 81.324979907928494, 18.607903513465903, 0.0 ], [ 81.32513555882899, 18.607984548690297, 0.0 ], [ 81.325386650632609, 18.608137158045867, 0.0 ], [ 81.325526698962037, 18.608297410331318, 0.0 ], [ 81.325641267438982, 18.608225805086089, 0.0 ], [ 81.325702092804718, 18.608060361612839, 0.0 ], [ 81.325541883286746, 18.607998194309399, 0.0 ], [ 81.325260714237487, 18.607855202558074, 0.0 ], [ 81.325059918629137, 18.607774245654106, 0.0 ], [ 81.324809027663278, 18.607726852432226, 0.0 ], [ 81.324583298159126, 18.60772245883841, 0.0 ], [ 81.324332298734632, 18.607617674909442, 0.0 ], [ 81.32420656314099, 18.607440935500183, 0.0 ], [ 81.323975574008799, 18.607307419680563, 0.0 ], [ 81.323845003676183, 18.60722634096761, 0.0 ], [ 81.323699341125064, 18.607121373946207, 0.0 ], [ 81.323628673931793, 18.606887148392829, 0.0 ], [ 81.323551442420751, 18.60666755335215, 0.0 ], [ 81.323425751185908, 18.60662468573808, 0.0 ], [ 81.32324015332884, 18.606517609684225, 0.0 ], [ 81.323158062245966, 18.606510471828845, 0.0 ], [ 81.323100954579914, 18.606374841754285, 0.0 ], [ 81.322854680935251, 18.606164259295284, 0.0 ], [ 81.322580387443082, 18.605919276727143, 0.0 ], [ 81.322328119662586, 18.605804926152732, 0.0 ], [ 81.32214356727313, 18.605690459304864, 0.0 ], [ 81.321970186181929, 18.605514995985757, 0.0 ], [ 81.321923463230235, 18.605368229641282, 0.0 ], [ 81.322010478554574, 18.604935635085987, 0.0 ], [ 81.321990904199026, 18.60452914853817, 0.0 ], [ 81.321921396069584, 18.604242311392859, 0.0 ], [ 81.322233495548517, 18.603500475845024, 0.0 ], [ 81.322346093772964, 18.603362783509009, 0.0 ], [ 81.322470770677512, 18.602979962515811, 0.0 ], [ 81.322582861677773, 18.60257325057087, 0.0 ], [ 81.322777260642894, 18.602590852267078, 0.0 ], [ 81.323021896810999, 18.60265021512723, 0.0 ], [ 81.323316701998877, 18.602715469889024, 0.0 ], [ 81.323621309673854, 18.602953400598434, 0.0 ], [ 81.323634787181632, 18.602921391700558, 0.0 ], [ 81.32366334063957, 18.602478811735146, 0.0 ], [ 81.322826607537934, 18.602160334038839, 0.0 ], [ 81.322619523329365, 18.602065036896764, 0.0 ], [ 81.322537689536475, 18.601891807505559, 0.0 ], [ 81.322625140306997, 18.601718289348053, 0.0 ], [ 81.322687409978926, 18.601491009012676, 0.0 ], [ 81.32289429022039, 18.601478697749037, 0.0 ], [ 81.323201735284712, 18.601597735710531, 0.0 ], [ 81.323552900427146, 18.6016270243794, 0.0 ], [ 81.323963152658692, 18.601657897962532, 0.0 ], [ 81.323967838867802, 18.601475144579027, 0.0 ], [ 81.323552516217788, 18.601423764843499, 0.0 ], [ 81.323132214877575, 18.60130492075734, 0.0 ], [ 81.322849564359686, 18.601258148734885, 0.0 ], [ 81.322346903869061, 18.60111837467996, 0.0 ], [ 81.322147028804594, 18.601189758539132, 0.0 ], [ 81.322123234897418, 18.601256384250952, 0.0 ], [ 81.322185100489378, 18.601375357390829, 0.0 ], [ 81.322270761309042, 18.601541919115093, 0.0 ], [ 81.322370697743295, 18.601994016595885, 0.0 ], [ 81.322337386348778, 18.602279551884781, 0.0 ], [ 81.322213654062665, 18.602355694926803, 0.0 ], [ 81.321951913512507, 18.602422320155135, 0.0 ], [ 81.321828181264763, 18.602546051152384, 0.0 ], [ 81.32169493186629, 18.602688819005049, 0.0 ], [ 81.321518851667847, 18.602917247543363, 0.0 ], [ 81.321471262015422, 18.603026703034654, 0.0 ], [ 81.321690172019601, 18.603240854154169, 0.0 ], [ 81.3216616188068, 18.603459764758377, 0.0 ], [ 81.321604511643443, 18.603721504537369, 0.0 ], [ 81.321575958511687, 18.603916620505295, 0.0 ], [ 81.321556922661742, 18.604035593776054, 0.0 ], [ 81.321556922732157, 18.604178361256199, 0.0 ], [ 81.321680654388317, 18.604187879878598, 0.0 ], [ 81.321780591537603, 18.604221192602846, 0.0 ], [ 81.321837698412125, 18.604273540230338, 0.0 ], [ 81.321842457875306, 18.604549557741315, 0.0 ], [ 81.32179962735897, 18.604801780694089, 0.0 ], [ 81.321733002744864, 18.604949307363199, 0.0 ], [ 81.321590235503194, 18.605030209488245, 0.0 ], [ 81.321504574293471, 18.605149182115316, 0.0 ], [ 81.321523610240348, 18.605334779676443, 0.0 ], [ 81.321568499562972, 18.605524695500581, 0.0 ], [ 81.321585475749927, 18.605596520748445, 0.0 ], [ 81.321585475801243, 18.605877296980744, 0.0 ], [ 81.32152719946869, 18.606132259155366, 0.0 ], [ 81.321651714261918, 18.606204233457007, 0.0 ], [ 81.321839677367336, 18.606132173457233, 0.0 ], [ 81.321975088923068, 18.606121181260896, 0.0 ], [ 81.322140642692702, 18.606135245490798, 0.0 ], [ 81.32234397792071, 18.606235331862116, 0.0 ], [ 81.322524607109443, 18.606263718374294, 0.0 ], [ 81.322704774370479, 18.606389119245829, 0.0 ], [ 81.322833265431441, 18.606603270606676, 0.0 ], [ 81.322872526879081, 18.60671034596616, 0.0 ], [ 81.322904648871045, 18.607049418821024, 0.0 ], [ 81.323072711851253, 18.607318536552501, 0.0 ], [ 81.323348546773076, 18.607294150008332, 0.0 ], [ 81.323409055396823, 18.607461436918598, 0.0 ], [ 81.323599636339907, 18.607446762003015, 0.0 ], [ 81.323675093200634, 18.607561413800688, 0.0 ], [ 81.323886154460808, 18.607766702545675, 0.0 ], [ 81.324061751154204, 18.607785530843255, 0.0 ], [ 81.324272704439281, 18.607933428331826, 0.0 ], [ 81.324393695990594, 18.608253653030971, 0.0 ], [ 81.324386088192128, 18.608326702040891, 0.0 ], [ 81.324522920236802, 18.608428059195987, 0.0 ], [ 81.325070196432051, 18.608582724402009, 0.0 ], [ 81.325115390638004, 18.608554478698832, 0.0 ], [ 81.325021043948951, 18.608434310003219, 0.0 ], [ 81.324789707928474, 18.608119058413948, 0.0 ], [ 81.324724208878365, 18.607966128324016, 0.0 ] ] ] } },
{ "type": "Feature", "properties": { "OBJECTID": 5, "LAYER": "WATER BODY", "AREAHA": 0.219156154465, "Shape_Leng": 178.89979175400001, "Shape_Area": 2211.15799444 }, "geometry": { "type": "Polygon", "coordinates": [ [ [ 81.307434677867363, 18.609950428831802, 0.0 ], [ 81.307431216127839, 18.609969398911183, 0.0 ], [ 81.307392883672364, 18.610179461949645, 0.0 ], [ 81.307400022471114, 18.610375766773473, 0.0 ], [ 81.307421436838595, 18.610479273578608, 0.0 ], [ 81.307532082578376, 18.610511395835324, 0.0 ], [ 81.307603466217287, 18.610511395969375, 0.0 ], [ 81.307724818817903, 18.610411458763544, 0.0 ], [ 81.307806909434817, 18.610183030117202, 0.0 ], [ 81.307812271809809, 18.610128628583812, 0.0 ], [ 81.307793711684127, 18.610052961707215, 0.0 ], [ 81.307630956847987, 18.609955879894716, 0.0 ], [ 81.307434677867363, 18.609950428831802, 0.0 ] ] ] } },
{ "type": "Feature", "properties": { "OBJECTID": 6, "LAYER": "WATER BODY", "AREAHA": 0.111251202868, "Shape_Leng": 133.70968053499999, "Shape_Area": 1122.5092180500001 }, "geometry": { "type": "Polygon", "coordinates": [ [ [ 81.294658316922067, 18.601165421159621, 0.0 ], [ 81.29488035658045, 18.60123733166381, 0.0 ], [ 81.29494817180975, 18.601187364173665, 0.0 ], [ 81.29510521574781, 18.600955365781324, 0.0 ], [ 81.2950695244092, 18.600901828190594, 0.0 ], [ 81.294930370548926, 18.600851065737807, 0.0 ], [ 81.294925832186863, 18.600855274093249, 0.0 ], [ 81.294689405231452, 18.601074458006615, 0.0 ], [ 81.294664787245907, 18.601146488125959, 0.0 ], [ 81.294658316922067, 18.601165421159621, 0.0 ] ] ] } },
{ "type": "Feature", "properties": { "OBJECTID": 7, "LAYER": "VILLAGE FOREST", "AREAHA": 429.17953818500001, "Shape_Leng": 19864.066475899999, "Shape_Area": 4329839.6230300004 }, "geometry": { "type": "Polygon", "coordinates": [ [ [ 81.346732474952162, 18.601712533216013, 0.0 ], [ 81.346826054899182, 18.601711219446837, 0.0 ], [ 81.347089179861797, 18.601720481351478, 0.0 ], [ 81.347182767777554, 18.601719641191977, 0.0 ], [ 81.34726804287115, 18.601682224221509, 0.0 ], [ 81.347615062918692, 18.601537207585586, 0.0 ], [ 81.347690152608379, 18.601482974316642, 0.0 ], [ 81.347738677172302, 18.601405251402859, 0.0 ], [ 81.347915853416353, 18.600967479734333, 0.0 ], [ 81.347935604354873, 18.600878609297702, 0.0 ], [ 81.347900282744362, 18.600794383061775, 0.0 ], [ 81.347717534404552, 18.600513886100124, 0.0 ], [ 81.347622874187891, 18.600321994654209, 0.0 ], [ 81.347574105651987, 18.600244357043813, 0.0 ], [ 81.347598049294888, 18.600156468149088, 0.0 ], [ 81.347701141883007, 18.599941538598657, 0.0 ], [ 81.347734201818966, 18.599856490791733, 0.0 ], [ 81.34776293052434, 18.599769966668223, 0.0 ], [ 81.347840692246649, 18.599626155942104, 0.0 ], [ 81.347892362958547, 18.599550371333113, 0.0 ], [ 81.347919962359981, 18.599463501662886, 0.0 ], [ 81.347962833784933, 18.599267004736998, 0.0 ], [ 81.34799495279205, 18.599132365971837, 0.0 ], [ 81.348032433512969, 18.599049069815759, 0.0 ], [ 81.348089492180847, 18.598977025897881, 0.0 ], [ 81.348329263296478, 18.598638905365199, 0.0 ], [ 81.348331130326855, 18.598637410363903, 0.0 ], [ 81.348401440849614, 18.598581063688052, 0.0 ], [ 81.34845846596636, 18.598508996065807, 0.0 ], [ 81.348539444958519, 18.598437151459862, 0.0 ], [ 81.348627679447787, 18.598329778380293, 0.0 ], [ 81.348790858759003, 18.598181469366587, 0.0 ], [ 81.348856029025839, 18.598116245770512, 0.0 ], [ 81.348917045152263, 18.59804733379443, 0.0 ], [ 81.349049262035592, 18.59795170207623, 0.0 ], [ 81.349164218067884, 18.597839817410073, 0.0 ], [ 81.34923040845203, 18.59777557141642, 0.0 ], [ 81.349296422218586, 18.597711154419979, 0.0 ], [ 81.349547065851198, 18.597469888218857, 0.0 ], [ 81.349591528355347, 18.597389902144574, 0.0 ], [ 81.349653180482406, 18.59732152569579, 0.0 ], [ 81.349893132800645, 18.596986366555861, 0.0 ], [ 81.350060827035151, 18.596782458449734, 0.0 ], [ 81.350116231011071, 18.596709206874362, 0.0 ], [ 81.350180105660641, 18.596642785810992, 0.0 ], [ 81.350455480012585, 18.596380364884435, 0.0 ], [ 81.350500485521678, 18.596300664845774, 0.0 ], [ 81.350514968789128, 18.596210837571, 0.0 ], [ 81.350505038427073, 18.596123073987567, 0.0 ], [ 81.350512545435009, 18.596032440860654, 0.0 ], [ 81.350520980865028, 18.595941883375044, 0.0 ], [ 81.35053435849224, 18.595839982366638, 0.0 ], [ 81.350508050538124, 18.595680048734749, 0.0 ], [ 81.350514090879059, 18.595589310264341, 0.0 ], [ 81.350498657592865, 18.59549961479005, 0.0 ], [ 81.350479377217781, 18.595430969384314, 0.0 ], [ 81.350468394299568, 18.595340658745222, 0.0 ], [ 81.350448951324054, 18.595251700638663, 0.0 ], [ 81.350401376602704, 18.595077456430097, 0.0 ], [ 81.350344033607016, 18.594808380885514, 0.0 ], [ 81.350333205165825, 18.59471805330444, 0.0 ], [ 81.350300483321746, 18.594632842508581, 0.0 ], [ 81.350130101561462, 18.59425394720332, 0.0 ], [ 81.349923033656253, 18.593864714086045, 0.0 ], [ 81.349889985274316, 18.593779621322494, 0.0 ], [ 81.349857471133689, 18.59369433396434, 0.0 ], [ 81.349692923187106, 18.593383431978967, 0.0 ], [ 81.34961781146275, 18.593249305488957, 0.0 ], [ 81.349539410311579, 18.593109303795973, 0.0 ], [ 81.349499006188637, 18.59293172739029, 0.0 ], [ 81.349345954123351, 18.592416364865439, 0.0 ], [ 81.349346044278903, 18.5923254322486, 0.0 ], [ 81.349301500884437, 18.592245433254508, 0.0 ], [ 81.349288766210577, 18.592089081682627, 0.0 ], [ 81.349226495836305, 18.591920385188331, 0.0 ], [ 81.349209432811222, 18.591830965820566, 0.0 ], [ 81.349140149491262, 18.591769795733128, 0.0 ], [ 81.348655997978682, 18.5913379115621, 0.0 ], [ 81.348610330619579, 18.591258511625728, 0.0 ], [ 81.348539155644488, 18.59119942628962, 0.0 ], [ 81.34837170859619, 18.591046480482284, 0.0 ], [ 81.34817004994396, 18.590856849449185, 0.0 ], [ 81.348119907917862, 18.590780040012284, 0.0 ], [ 81.348079002677423, 18.590698228305389, 0.0 ], [ 81.347894529674733, 18.590468570747117, 0.0 ], [ 81.347860084059633, 18.590383999553502, 0.0 ], [ 81.347791176712263, 18.590322427295018, 0.0 ], [ 81.347281789149008, 18.589885048312286, 0.0 ], [ 81.347208041317387, 18.589829021882156, 0.0 ], [ 81.347138419049429, 18.589768212124639, 0.0 ], [ 81.347077719374553, 18.589728782517671, 0.0 ], [ 81.34701210369586, 18.589663904272282, 0.0 ], [ 81.346932107896976, 18.589616662900063, 0.0 ], [ 81.346483205851982, 18.589344207233022, 0.0 ], [ 81.346416506941182, 18.589280377507009, 0.0 ], [ 81.346323846479649, 18.589293087329711, 0.0 ], [ 81.345988665921297, 18.589315456897307, 0.0 ], [ 81.345568504994574, 18.589319687760216, 0.0 ], [ 81.345478091136854, 18.589343106099946, 0.0 ], [ 81.345387152243291, 18.589364530665616, 0.0 ], [ 81.34518963067859, 18.589426591626108, 0.0 ], [ 81.344978486377286, 18.5895181667412, 0.0 ], [ 81.344888416205848, 18.589542806874174, 0.0 ], [ 81.344797977639431, 18.58956614036191, 0.0 ], [ 81.344769633142974, 18.589570648276919, 0.0 ], [ 81.344606972902142, 18.589596523206787, 0.0 ], [ 81.344559577313035, 18.589615991923104, 0.0 ], [ 81.344365057102905, 18.589665066534813, 0.0 ], [ 81.344178689307128, 18.589659935565056, 0.0 ], [ 81.343848232223706, 18.58967200987874, 0.0 ], [ 81.343664924287381, 18.589673727125206, 0.0 ], [ 81.34356568404732, 18.58968943425042, 0.0 ], [ 81.343473354932925, 18.589674515722947, 0.0 ], [ 81.343392123531586, 18.589719625280345, 0.0 ], [ 81.343272738504169, 18.589712612082348, 0.0 ], [ 81.343101813382077, 18.589690193313203, 0.0 ], [ 81.342989997069438, 18.589645588912365, 0.0 ], [ 81.342932954293715, 18.589573463021726, 0.0 ], [ 81.342839401277729, 18.589575835926425, 0.0 ], [ 81.342689075158688, 18.589534633417085, 0.0 ], [ 81.342470691940463, 18.589470809864682, 0.0 ], [ 81.342273497448801, 18.589433563052093, 0.0 ], [ 81.342244579712727, 18.58942810072659, 0.0 ], [ 81.342168479596381, 18.589219573936219, 0.0 ], [ 81.342122746135217, 18.589094252554915, 0.0 ], [ 81.342123212607518, 18.589003319578509, 0.0 ], [ 81.342087348835193, 18.588919305831375, 0.0 ], [ 81.341916211677457, 18.588690541455946, 0.0 ], [ 81.341833718215597, 18.588604706503215, 0.0 ], [ 81.341709351205452, 18.588504631071032, 0.0 ], [ 81.341616418724101, 18.588493850217542, 0.0 ], [ 81.341551702703086, 18.588428122666137, 0.0 ], [ 81.341431694597219, 18.588361691233931, 0.0 ], [ 81.341365298545895, 18.588344976365637, 0.0 ], [ 81.341357113038868, 18.58851784236991, 0.0 ], [ 81.340746336602308, 18.588667596550586, 0.0 ], [ 81.340241466299858, 18.588769589761402, 0.0 ], [ 81.340011368905408, 18.589079194548738, 0.0 ], [ 81.339743267976715, 18.589091569420219, 0.0 ], [ 81.339540392478483, 18.589070225889255, 0.0 ], [ 81.339311679343993, 18.588414509040589, 0.0 ], [ 81.33946101176366, 18.588253699106225, 0.0 ], [ 81.340046846410047, 18.588103994414382, 0.0 ], [ 81.340153155376981, 18.588258397563372, 0.0 ], [ 81.340901193459615, 18.588150018825651, 0.0 ], [ 81.340944512893188, 18.588137594471046, 0.0 ], [ 81.34084782114185, 18.588067624789527, 0.0 ], [ 81.340593751332889, 18.587957019429801, 0.0 ], [ 81.34052832422195, 18.587928535383334, 0.0 ], [ 81.340369773022047, 18.587875949979111, 0.0 ], [ 81.340219854574642, 18.587855432179666, 0.0 ], [ 81.340137276722018, 18.58781259320499, 0.0 ], [ 81.340072582067393, 18.587746846169832, 0.0 ], [ 81.340064117646094, 18.587739025252173, 0.0 ], [ 81.339180087622751, 18.588087718083798, 0.0 ], [ 81.338820307937823, 18.587353980270471, 0.0 ], [ 81.338527238698646, 18.587552671370421, 0.0 ], [ 81.338220288245054, 18.587259997349257, 0.0 ], [ 81.338134627176032, 18.587259997894968, 0.0 ], [ 81.338191734680649, 18.587581225030966, 0.0 ], [ 81.338113213239396, 18.587938144317942, 0.0 ], [ 81.337777708307542, 18.588309340006361, 0.0 ], [ 81.337513587948038, 18.588323617108792, 0.0 ], [ 81.337684770206749, 18.588594181499463, 0.0 ], [ 81.337859661121158, 18.58882974788645, 0.0 ], [ 81.337952460052989, 18.589043899205709, 0.0 ], [ 81.33796673689389, 18.589622108649557, 0.0 ], [ 81.338013136478395, 18.590021858244683, 0.0 ], [ 81.337995290556407, 18.590264562495864, 0.0 ], [ 81.338020275212386, 18.590553667681366, 0.0 ], [ 81.33810950380213, 18.59091772503341, 0.0 ], [ 81.338484269960901, 18.590985538751685, 0.0 ], [ 81.338630606278599, 18.591028370122189, 0.0 ], [ 81.339012509557847, 18.590917724994622, 0.0 ], [ 81.339019648806911, 18.590835633444222, 0.0 ], [ 81.338819773453267, 18.590514405873805, 0.0 ], [ 81.33861275996972, 18.590303823786449, 0.0 ], [ 81.338516392563392, 18.590071825898452, 0.0 ], [ 81.338602053201086, 18.589904074738101, 0.0 ], [ 81.338766235765036, 18.589772014384202, 0.0 ], [ 81.338958971716821, 18.58970419899574, 0.0 ], [ 81.338891156977411, 18.589468632335723, 0.0 ], [ 81.339012509956646, 18.589325864984918, 0.0 ], [ 81.339165985501538, 18.589204512493641, 0.0 ], [ 81.339315891058263, 18.589161682263605, 0.0 ], [ 81.339430105062135, 18.589200942971978, 0.0 ], [ 81.339544319080531, 18.589397249428121, 0.0 ], [ 81.339530042853795, 18.589661368730251, 0.0 ], [ 81.339005371534242, 18.589971888534571, 0.0 ], [ 81.338991095163777, 18.590075395009652, 0.0 ], [ 81.339080325033663, 18.5903537921339, 0.0 ], [ 81.339248076187346, 18.590414468909557, 0.0 ], [ 81.339455089078598, 18.590407330661026, 0.0 ], [ 81.339580011211439, 18.590560805269195, 0.0 ], [ 81.339644256580812, 18.590550097668466, 0.0 ], [ 81.339694225243406, 18.590264562226082, 0.0 ], [ 81.339908376894513, 18.590146779482211, 0.0 ], [ 81.340168927942713, 18.589893366973662, 0.0 ], [ 81.340390217687457, 18.589714907459317, 0.0 ], [ 81.340532985084977, 18.589800568344948, 0.0 ], [ 81.340672184331339, 18.589979027505258, 0.0 ], [ 81.340725721943699, 18.590128933938256, 0.0 ], [ 81.340600800740404, 18.590325238992669, 0.0 ], [ 81.340347387597518, 18.59051440558272, 0.0 ], [ 81.339979760781588, 18.590871325034353, 0.0 ], [ 81.339180261968096, 18.591224674850022, 0.0 ], [ 81.338798358167068, 18.591403135130395, 0.0 ], [ 81.338434300512816, 18.591524487788, 0.0 ], [ 81.338048828669557, 18.591603010029424, 0.0 ], [ 81.338052396692376, 18.591756484540877, 0.0 ], [ 81.33809165830651, 18.591920667872628, 0.0 ], [ 81.338137678115203, 18.592038852889363, 0.0 ], [ 81.338138994421925, 18.592042236181459, 0.0 ], [ 81.338248703155358, 18.592323986838775, 0.0 ], [ 81.338277256615982, 18.592577398553399, 0.0 ], [ 81.338566361642748, 18.59257739797642, 0.0 ], [ 81.338794789066043, 18.592327555209007, 0.0 ], [ 81.339169555168667, 18.592227617444617, 0.0 ], [ 81.339323029438845, 18.592677336761255, 0.0 ], [ 81.339198108349251, 18.592773704150272, 0.0 ], [ 81.339148139052554, 18.593009271122273, 0.0 ], [ 81.33921952307135, 18.593255545509901, 0.0 ], [ 81.339144569928933, 18.593326929010793, 0.0 ], [ 81.338919711699035, 18.593487542660309, 0.0 ], [ 81.338746093592064, 18.593634988106484, 0.0 ], [ 81.338749718336928, 18.593634811073684, 0.0 ], [ 81.338854414105811, 18.593715713497062, 0.0 ], [ 81.338992423199116, 18.593839444909886, 0.0 ], [ 81.339011459271788, 18.593982213420379, 0.0 ], [ 81.338930557499879, 18.594163051962926, 0.0 ], [ 81.338783030965359, 18.594310577898263, 0.0 ], [ 81.338640263233586, 18.59423919421689, 0.0 ], [ 81.338530807633362, 18.593844203721662, 0.0 ], [ 81.338554602865315, 18.593644329133127, 0.0 ], [ 81.33819873344838, 18.593437573813684, 0.0 ], [ 81.337977443704403, 18.593359051432635, 0.0 ], [ 81.337713324229981, 18.593273391309179, 0.0 ], [ 81.337363543407449, 18.593173453828097, 0.0 ], [ 81.337185084005412, 18.592338262902068, 0.0 ], [ 81.336835303533846, 18.59225974062544, 0.0 ], [ 81.336571183009937, 18.59215266462078, 0.0 ], [ 81.336571183386724, 18.591788607448326, 0.0 ], [ 81.336663982429585, 18.591695808211046, 0.0 ], [ 81.337092284535984, 18.591617286585418, 0.0 ], [ 81.337499172545336, 18.591488795110827, 0.0 ], [ 81.337470490920936, 18.591309531581786, 0.0 ], [ 81.33744206565153, 18.591131876474886, 0.0 ], [ 81.337384958511365, 18.590810649173374, 0.0 ], [ 81.337370682406046, 18.590139640963223, 0.0 ], [ 81.337242190355809, 18.589975457988011, 0.0 ], [ 81.336992347521686, 18.590018288609549, 0.0 ], [ 81.336592597594162, 18.589547154802592, 0.0 ], [ 81.336242816908126, 18.58959712400619, 0.0 ], [ 81.336042943211524, 18.589097437980879, 0.0 ], [ 81.33621426361006, 18.588676272568978, 0.0 ], [ 81.336335616728562, 18.588312215311333, 0.0 ], [ 81.335778961745007, 18.587688300586908, 0.0 ], [ 81.335379211305622, 18.587566948130032, 0.0 ], [ 81.335222167497449, 18.587752545392046, 0.0 ], [ 81.334658234687126, 18.587923867231531, 0.0 ], [ 81.334506538994191, 18.587857500088035, 0.0 ], [ 81.334500100134477, 18.58823321680018, 0.0 ], [ 81.333700600772531, 18.58868293486649, 0.0 ], [ 81.333186637316686, 18.588847117523027, 0.0 ], [ 81.333015317154164, 18.588697211034397, 0.0 ], [ 81.332672673795258, 18.588033341584062, 0.0 ], [ 81.332158710626331, 18.587655007839675, 0.0 ], [ 81.332151572149144, 18.587447994187265, 0.0 ], [ 81.331687577251728, 18.587419441206841, 0.0 ], [ 81.331487701979469, 18.587447994451647, 0.0 ], [ 81.331252135805713, 18.587583623888356, 0.0 ], [ 81.330895216603139, 18.58781205176108, 0.0 ], [ 81.330738172320821, 18.587819190926556, 0.0 ], [ 81.330595404408527, 18.587697837561972, 0.0 ], [ 81.330359838099383, 18.587576485326, 0.0 ], [ 81.329917258146537, 18.587704976875262, 0.0 ], [ 81.329331909926523, 18.588176110138864, 0.0 ], [ 81.329103482536198, 18.58857585993163, 0.0 ], [ 81.328832223691563, 18.588725765612786, 0.0 ], [ 81.328696593825825, 18.588740042863424, 0.0 ], [ 81.328503858948935, 18.58864724295962, 0.0 ], [ 81.328418197422835, 18.588440230045347, 0.0 ], [ 81.328461027251478, 18.588190387037862, 0.0 ], [ 81.328860777371005, 18.587904851442044, 0.0 ], [ 81.328875054152689, 18.587505101593241, 0.0 ], [ 81.328860777611908, 18.587233843968072, 0.0 ], [ 81.32909634333096, 18.587033967985171, 0.0 ], [ 81.329738799180063, 18.586648495111987, 0.0 ], [ 81.329845874456623, 18.5863772372802, 0.0 ], [ 81.329353326174441, 18.586034594596818, 0.0 ], [ 81.328946438236713, 18.586006041606332, 0.0 ], [ 81.327697221056852, 18.586327268595713, 0.0 ], [ 81.327026213005183, 18.586191639363125, 0.0 ], [ 81.326655017492982, 18.586063148151915, 0.0 ], [ 81.326348067210986, 18.58569909099808, 0.0 ], [ 81.326055393711357, 18.585249372165475, 0.0 ], [ 81.325734165339043, 18.585056636500259, 0.0 ], [ 81.32559256648554, 18.584981829591602, 0.0 ], [ 81.325355831124881, 18.584856761663985, 0.0 ], [ 81.324849005652865, 18.584349936679548, 0.0 ], [ 81.324504528225958, 18.583643775279153, 0.0 ], [ 81.324355658839721, 18.583706169648138, 0.0 ], [ 81.32423576742913, 18.583722547524687, 0.0 ], [ 81.324173092888955, 18.583790961705873, 0.0 ], [ 81.324115548775794, 18.583718849628809, 0.0 ], [ 81.323613593094947, 18.583607789027909, 0.0 ], [ 81.323542226666149, 18.583665994357226, 0.0 ], [ 81.323449767839676, 18.583680071133649, 0.0 ], [ 81.323356337429132, 18.58367690293257, 0.0 ], [ 81.323332056981897, 18.583677021061543, 0.0 ], [ 81.322820397950679, 18.583679521387975, 0.0 ], [ 81.322727840209851, 18.583666883357097, 0.0 ], [ 81.322658128647873, 18.583676126632586, 0.0 ], [ 81.322635120644506, 18.583679176531948, 0.0 ], [ 81.322195518518072, 18.583829126139772, 0.0 ], [ 81.322102085781822, 18.583833304190058, 0.0 ], [ 81.322008878935932, 18.5838411395451, 0.0 ], [ 81.321705210706796, 18.5838346649012, 0.0 ], [ 81.321440296066996, 18.583844842562041, 0.0 ], [ 81.321348918646706, 18.583825726188078, 0.0 ], [ 81.321267880054421, 18.583871932152167, 0.0 ], [ 81.321185557579241, 18.58387245917929, 0.0 ], [ 81.321121756051468, 18.583875530970072, 0.0 ], [ 81.321088690296904, 18.583877124374226, 0.0 ], [ 81.321074673444983, 18.583918864060308, 0.0 ], [ 81.321016844422758, 18.584091074721872, 0.0 ], [ 81.321012472322579, 18.584144139378203, 0.0 ], [ 81.321000245160079, 18.584292458163208, 0.0 ], [ 81.320952789580204, 18.584309344015722, 0.0 ], [ 81.320717178512695, 18.584393185164167, 0.0 ], [ 81.320683711526712, 18.584343679763727, 0.0 ], [ 81.320622163457131, 18.584380603190393, 0.0 ], [ 81.320572437629295, 18.584410432546527, 0.0 ], [ 81.320499444703344, 18.584468229815602, 0.0 ], [ 81.320405993826995, 18.584464768637062, 0.0 ], [ 81.320130140263984, 18.584550388547498, 0.0 ], [ 81.320038768367937, 18.58457052257608, 0.0 ], [ 81.319947681054757, 18.584550062048883, 0.0 ], [ 81.319711745762689, 18.584503413224304, 0.0 ], [ 81.31956568629964, 18.584474536101744, 0.0 ], [ 81.319472582728451, 18.584484002644562, 0.0 ], [ 81.319383024899892, 18.584511022279496, 0.0 ], [ 81.319113302039298, 18.584538655348517, 0.0 ], [ 81.318750206520335, 18.584629787087394, 0.0 ], [ 81.318648870541793, 18.58462174109372, 0.0 ], [ 81.318564687914673, 18.584636585799739, 0.0 ], [ 81.31836737326347, 18.584671066781866, 0.0 ], [ 81.318329918312287, 18.584664887419535, 0.0 ], [ 81.3182326380131, 18.584648837290366, 0.0 ], [ 81.318074263110034, 18.584647232345912, 0.0 ], [ 81.317636587301806, 18.584649408047458, 0.0 ], [ 81.317339652968954, 18.584654278254053, 0.0 ], [ 81.317132231116702, 18.58461573200978, 0.0 ], [ 81.316855313967451, 18.584753941958091, 0.0 ], [ 81.316710804437605, 18.584822872715598, 0.0 ], [ 81.318003595378343, 18.586292401209821, 0.0 ], [ 81.319585401160566, 18.585277212790938, 0.0 ], [ 81.319747203924678, 18.585467569502462, 0.0 ], [ 81.320032738530003, 18.585819730014418, 0.0 ], [ 81.320384900050058, 18.585800693594575, 0.0 ], [ 81.320908380677807, 18.585638890150651, 0.0 ], [ 81.321203433975555, 18.585362872879035, 0.0 ], [ 81.321926790236787, 18.585534194105726, 0.0 ], [ 81.322164736038332, 18.585619854413984, 0.0 ], [ 81.322336057246645, 18.585981532865251, 0.0 ], [ 81.322516896268226, 18.58632417589018, 0.0 ], [ 81.322507379250169, 18.586571639084955, 0.0 ], [ 81.32236461099933, 18.587066566806698, 0.0 ], [ 81.322155218410302, 18.587180780997418, 0.0 ], [ 81.322421717952224, 18.587675709124092, 0.0 ], [ 81.322383646565186, 18.588170637123348, 0.0 ], [ 81.321593666358481, 18.588475208494401, 0.0 ], [ 81.32092741701149, 18.588541832816986, 0.0 ], [ 81.320299238690296, 18.588522797111359, 0.0 ], [ 81.319642507955209, 18.587904136779859, 0.0 ], [ 81.318690722342254, 18.587294995544514, 0.0 ], [ 81.318347873854719, 18.587029046896035, 0.0 ], [ 81.31111584836475, 18.590602347300784, 0.0 ], [ 81.311415659759604, 18.590670162155501, 0.0 ], [ 81.31152273543411, 18.590770099563098, 0.0 ], [ 81.311554858934841, 18.590973542689287, 0.0 ], [ 81.311572704987668, 18.591176986473076, 0.0 ], [ 81.311519166089013, 18.591316185189221, 0.0 ], [ 81.311444213387546, 18.59168143291868, 0.0 ], [ 81.311468008588363, 18.591919378523691, 0.0 ], [ 81.311839203517323, 18.592281056477834, 0.0 ], [ 81.311958176879955, 18.592590386533061, 0.0 ], [ 81.312024802250903, 18.592985377279881, 0.0 ], [ 81.312024801681616, 18.593256636021277, 0.0 ], [ 81.312215158477628, 18.593789634952792, 0.0 ], [ 81.312572078221905, 18.59437022430409, 0.0 ], [ 81.312767194629799, 18.594789008897425, 0.0 ], [ 81.312924238236874, 18.595155445642842, 0.0 ], [ 81.313162184259113, 18.595217311831107, 0.0 ], [ 81.313423924636041, 18.595160204682621, 0.0 ], [ 81.3138902989092, 18.595150686921222, 0.0 ], [ 81.314294808181842, 18.595188758042415, 0.0 ], [ 81.314523235164529, 18.595122133387303, 0.0 ], [ 81.314918227255191, 18.595055508299886, 0.0 ], [ 81.315089547408505, 18.594988883533198, 0.0 ], [ 81.315189484944071, 18.594674794691663, 0.0 ], [ 81.315365565217647, 18.59454630386232, 0.0 ], [ 81.315555921633646, 18.594498714213813, 0.0 ], [ 81.315841457416553, 18.594512990879807, 0.0 ], [ 81.316117474820473, 18.594612928233996, 0.0 ], [ 81.316548430985151, 18.594776949596806, 0.0 ], [ 81.316491345279303, 18.594643056896679, 0.0 ], [ 81.316516169529876, 18.594505515870459, 0.0 ], [ 81.317105350846703, 18.594420829790003, 0.0 ], [ 81.317124856503, 18.594797426240874, 0.0 ], [ 81.317557255159159, 18.594689089585149, 0.0 ], [ 81.317996167049259, 18.594712262654138, 0.0 ], [ 81.318283922004525, 18.594365038665, 0.0 ], [ 81.318540605356645, 18.594167322739942, 0.0 ], [ 81.318891598276338, 18.594112924945904, 0.0 ], [ 81.319029817725436, 18.594268125372178, 0.0 ], [ 81.319055440539074, 18.594561016096804, 0.0 ], [ 81.318792399132676, 18.594710917220464, 0.0 ], [ 81.318755159420107, 18.594914240926467, 0.0 ], [ 81.318750591274977, 18.595016811272494, 0.0 ], [ 81.318763435395894, 18.595007919142013, 0.0 ], [ 81.318963310080008, 18.594993642169619, 0.0 ], [ 81.319191738214599, 18.595017436882326, 0.0 ], [ 81.319363059690147, 18.595088820619843, 0.0 ], [ 81.319767567903895, 18.595736034499943, 0.0 ], [ 81.320124487906156, 18.596292828125776, 0.0 ], [ 81.320452852795668, 18.596749684441473, 0.0 ], [ 81.320781218861868, 18.597439727438172, 0.0 ], [ 81.320771700809331, 18.597834719420849, 0.0 ], [ 81.32091446836634, 18.598172602093456, 0.0 ], [ 81.321185726882277, 18.59844861985486, 0.0 ], [ 81.321537887371093, 18.598729395815294, 0.0 ], [ 81.321818664094536, 18.598781744084796, 0.0 ], [ 81.322394493386852, 18.598905475760819, 0.0 ], [ 81.322737135323806, 18.599072038756468, 0.0 ], [ 81.322984599906889, 18.5991576986947, 0.0 ], [ 81.323146403304662, 18.599148181918345, 0.0 ], [ 81.323332000626394, 18.599143421967959, 0.0 ], [ 81.323346277398599, 18.599290948935323, 0.0 ], [ 81.323525133589158, 18.599367884846281, 0.0 ], [ 81.323739284741549, 18.599486858210291, 0.0 ], [ 81.323953436271537, 18.599410715385154, 0.0 ], [ 81.323939159848507, 18.599239393689999, 0.0 ], [ 81.323739285094518, 18.598773019564067, 0.0 ], [ 81.323596517636361, 18.598306645094002, 0.0 ], [ 81.32353465101653, 18.597849788643369, 0.0 ], [ 81.323520374751126, 18.597112156126865, 0.0 ], [ 81.323572723367093, 18.59646494254574, 0.0 ], [ 81.323829704064906, 18.596236514451778, 0.0 ], [ 81.324177105809596, 18.596298380197599, 0.0 ], [ 81.324343668003252, 18.596531566974686, 0.0 ], [ 81.324476917241157, 18.596864691772712, 0.0 ], [ 81.324557819480816, 18.597307271294294, 0.0 ], [ 81.324672033981329, 18.59754997619784, 0.0 ], [ 81.324786247263575, 18.597588047306964, 0.0 ], [ 81.324881426565099, 18.597469074883069, 0.0 ], [ 81.325185997322535, 18.597059807055256, 0.0 ], [ 81.325519121737003, 18.59666957647195, 0.0 ], [ 81.325918871584975, 18.596055674918016, 0.0 ], [ 81.326385245404481, 18.595679720759357, 0.0 ], [ 81.326618432533408, 18.595622613722366, 0.0 ], [ 81.326746923687494, 18.595689237937769, 0.0 ], [ 81.326827825389273, 18.595751104350771, 0.0 ], [ 81.32688493275046, 18.595970014322901, 0.0 ], [ 81.326965834262396, 18.596483977524432, 0.0 ], [ 81.327022941070965, 18.597083602803313, 0.0 ], [ 81.32705625306312, 18.597507145962084, 0.0 ], [ 81.327108601772096, 18.597949725871427, 0.0 ], [ 81.327279922814867, 18.598249538392437, 0.0 ], [ 81.327432208356939, 18.598449413255931, 0.0 ], [ 81.327693949087006, 18.598501760346942, 0.0 ], [ 81.327922377295579, 18.598411342219343, 0.0 ], [ 81.328136528537229, 18.598144842608853, 0.0 ], [ 81.328360198107831, 18.597930690379126, 0.0 ], [ 81.328721877259355, 18.597687985767639, 0.0 ], [ 81.328802777820798, 18.597683226003049, 0.0 ], [ 81.329331017809452, 18.598097252649676, 0.0 ], [ 81.329835463918343, 18.598311403725365, 0.0 ], [ 81.330463641870281, 18.598363752617971, 0.0 ], [ 81.331091819842229, 18.598468448958791, 0.0 ], [ 81.331562952871266, 18.598439895301386, 0.0 ], [ 81.331891318754856, 18.598506519443678, 0.0 ], [ 81.332343415808609, 18.598673082760317, 0.0 ], [ 81.332576602764206, 18.598820609184539, 0.0 ], [ 81.33293352257374, 18.598977653001665, 0.0 ], [ 81.333514110556521, 18.599110902660701, 0.0 ], [ 81.334032832844144, 18.599225116752343, 0.0 ], [ 81.334442100738897, 18.599225116684508, 0.0 ], [ 81.334614655095933, 18.599217743471435, 0.0 ], [ 81.334389217429617, 18.599152562794561, 0.0 ], [ 81.334084645986977, 18.59910021497026, 0.0 ], [ 81.333803869578603, 18.599081179815879, 0.0 ], [ 81.333446950425412, 18.598905099497866, 0.0 ], [ 81.33316617434302, 18.598828956827802, 0.0 ], [ 81.332928227856058, 18.598762332112845, 0.0 ], [ 81.332852085757054, 18.598648118391019, 0.0 ], [ 81.332737871522369, 18.598505349720053, 0.0 ], [ 81.332656969687918, 18.598353064994804, 0.0 ], [ 81.332558360549626, 18.598151028281322, 0.0 ], [ 81.33245842283462, 18.598158166168826, 0.0 ], [ 81.332080089179897, 18.598393733348953, 0.0 ], [ 81.331937320738106, 18.598343765254281, 0.0 ], [ 81.332008705430241, 18.598079644725939, 0.0 ], [ 81.331801692533105, 18.597901185336895, 0.0 ], [ 81.331601817278568, 18.597480019990307, 0.0 ], [ 81.331137822866211, 18.59772986337174, 0.0 ], [ 81.330738073582367, 18.597886908252285, 0.0 ], [ 81.330545336605951, 18.597658480238078, 0.0 ], [ 81.331130683823943, 18.597073132537773, 0.0 ], [ 81.331411460115717, 18.596766182220549, 0.0 ], [ 81.331649407024784, 18.596118968809463, 0.0 ], [ 81.332058673877853, 18.596204629812767, 0.0 ], [ 81.332051535974472, 18.596237942086212, 0.0 ], [ 81.33208722721011, 18.597080270924483, 0.0 ], [ 81.332308516964645, 18.597201622906397, 0.0 ], [ 81.332751097173002, 18.597387221503297, 0.0 ], [ 81.33338641258679, 18.597430052393772, 0.0 ], [ 81.33367908617879, 18.597337252428247, 0.0 ], [ 81.333807577801934, 18.597201623000572, 0.0 ], [ 81.333957483610462, 18.597008887332866, 0.0 ], [ 81.334307264885069, 18.597208762469602, 0.0 ], [ 81.334564246534896, 18.59713737819115, 0.0 ], [ 81.334777260408842, 18.597198239167692, 0.0 ], [ 81.335144696407383, 18.596865188134611, 0.0 ], [ 81.335751458422365, 18.596743834809239, 0.0 ], [ 81.33633680622934, 18.5969080179811, 0.0 ], [ 81.336793662361103, 18.59702223174018, 0.0 ], [ 81.337178233446338, 18.59714893024357, 0.0 ], [ 81.337226070411987, 18.597093119923041, 0.0 ], [ 81.337349801623731, 18.597012218087343, 0.0 ], [ 81.337606783680485, 18.597093120267818, 0.0 ], [ 81.338106470310834, 18.597488110612947, 0.0 ], [ 81.338330140535419, 18.597754610106936, 0.0 ], [ 81.338610363413551, 18.598020239674248, 0.0 ], [ 81.338613706441691, 18.598023407693645, 0.0 ], [ 81.33878699700827, 18.59818767263425, 0.0 ], [ 81.338910727830594, 18.598439895587774, 0.0 ], [ 81.338958317286753, 18.598706395368247, 0.0 ], [ 81.338977353149446, 18.598906269306188, 0.0 ], [ 81.338905969424331, 18.599049037131831, 0.0 ], [ 81.338677541405701, 18.599082349403801, 0.0 ], [ 81.338358693371603, 18.599082349247738, 0.0 ], [ 81.33817785387717, 18.599277465014648, 0.0 ], [ 81.337992257093688, 18.599563000045563, 0.0 ], [ 81.337830453242532, 18.600076964577799, 0.0 ], [ 81.337982738193332, 18.600424365425699, 0.0 ], [ 81.338344416816881, 18.600843151206515, 0.0 ], [ 81.338615675278348, 18.600985918642724, 0.0 ], [ 81.338991629855741, 18.600990677601086, 0.0 ], [ 81.339248612120144, 18.600871704596162, 0.0 ], [ 81.339496076476735, 18.60072893622878, 0.0 ], [ 81.339971968113872, 18.600500508618548, 0.0 ], [ 81.340419306828352, 18.600462436636757, 0.0 ], [ 81.340876163044882, 18.600414848163133, 0.0 ], [ 81.34129018930247, 18.600448159463035, 0.0 ], [ 81.341689939342388, 18.60037677578357, 0.0 ], [ 81.342099206093934, 18.600257802922059, 0.0 ], [ 81.342399018743293, 18.600124553126044, 0.0 ], [ 81.342851115828879, 18.600124553347634, 0.0 ], [ 81.34347929386783, 18.600305392676479, 0.0 ], [ 81.344116988557658, 18.600633757784575, 0.0 ], [ 81.344588122383342, 18.600981159140122, 0.0 ], [ 81.34501642477511, 18.601266695170033, 0.0 ], [ 81.345325754515173, 18.601461810754081, 0.0 ], [ 81.345811165489096, 18.601580783670531, 0.0 ], [ 81.345920620129831, 18.601694997379781, 0.0 ], [ 81.345986935972704, 18.601863392844319, 0.0 ], [ 81.346181401856938, 18.601817183667475, 0.0 ], [ 81.346640935166846, 18.601731416190262, 0.0 ], [ 81.346732474952162, 18.601712533216013, 0.0 ] ], [ [ 81.323331555840156, 18.590132011321245, 0.0 ], [ 81.323513224145898, 18.590719959873635, 0.0 ], [ 81.323844424379885, 18.590812651154032, 0.0 ], [ 81.323994998169098, 18.590869784055826, 0.0 ], [ 81.323935204753596, 18.591077929533444, 0.0 ], [ 81.323762711828024, 18.5913651823187, 0.0 ], [ 81.323507840913294, 18.591853445326119, 0.0 ], [ 81.323048864067019, 18.591825536598336, 0.0 ], [ 81.322747026490546, 18.591345402742288, 0.0 ], [ 81.322378085324416, 18.59053965067913, 0.0 ], [ 81.322662284075676, 18.590290984571194, 0.0 ], [ 81.323195961641062, 18.590038983878998, 0.0 ], [ 81.323331555840156, 18.590132011321245, 0.0 ] ] ] } },
{ "type": "Feature", "properties": { "OBJECTID": 8, "LAYER": "VILLAGE FOREST", "AREAHA": 3.26592237261, "Shape_Leng": 830.16594947199997, "Shape_Area": 32948.216258599998 }, "geometry": { "type": "Polygon", "coordinates": [ [ [ 81.336618772554388, 18.597594016355043, 0.0 ], [ 81.336440312350831, 18.597643985619936, 0.0 ], [ 81.335933487761224, 18.597729645970645, 0.0 ], [ 81.335847826669905, 18.597822445006262, 0.0 ], [ 81.335476630858579, 18.597829583306634, 0.0 ], [ 81.335298171256227, 18.597947365980911, 0.0 ], [ 81.335267373170026, 18.59818414418217, 0.0 ], [ 81.335449405608912, 18.598622161979581, 0.0 ], [ 81.335470821146615, 18.598964804402453, 0.0 ], [ 81.335263808165848, 18.598979081141909, 0.0 ], [ 81.334935442051389, 18.599050464750544, 0.0 ], [ 81.334953952884987, 18.599203243466935, 0.0 ], [ 81.334998894592488, 18.599201322341024, 0.0 ], [ 81.335422438731726, 18.599201322264182, 0.0 ], [ 81.335798394221698, 18.599267947073574, 0.0 ], [ 81.335964955419769, 18.599348848814479, 0.0 ], [ 81.336255249914473, 18.599491616712989, 0.0 ], [ 81.336526508030559, 18.599582036397788, 0.0 ], [ 81.336664517510755, 18.599591554623068, 0.0 ], [ 81.3367454182671, 18.599339331174026, 0.0 ], [ 81.336888187218221, 18.598982411933029, 0.0 ], [ 81.336988123904234, 18.598663564219393, 0.0 ], [ 81.337011918490575, 18.598259055865707, 0.0 ], [ 81.33707854340085, 18.597668949793519, 0.0 ], [ 81.33707854332124, 18.597429833018225, 0.0 ], [ 81.336618772554388, 18.597594016355043, 0.0 ] ] ] } },
{ "type": "Feature", "properties": { "OBJECTID": 9, "LAYER": "VILLAGE FOREST", "AREAHA": 24.4049797996, "Shape_Leng": 2530.6295745900002, "Shape_Area": 246228.04147200001 }, "geometry": { "type": "Polygon", "coordinates": [ [ [ 81.317036201386358, 18.587677136344215, 0.0 ], [ 81.317055134447529, 18.587667782031261, 0.0 ], [ 81.318347873854719, 18.587029046896035, 0.0 ], [ 81.317672313810974, 18.586505014421039, 0.0 ], [ 81.318003595378343, 18.586292401209821, 0.0 ], [ 81.316710804437605, 18.584822872715598, 0.0 ], [ 81.316702145033318, 18.584827003096787, 0.0 ], [ 81.316626265685841, 18.584925136752044, 0.0 ], [ 81.316553298258796, 18.584982953573476, 0.0 ], [ 81.316489831745287, 18.584915756048527, 0.0 ], [ 81.316404990665944, 18.584847883152023, 0.0 ], [ 81.316316756254722, 18.584871719194343, 0.0 ], [ 81.316207603378857, 18.584867914126271, 0.0 ], [ 81.316030670260488, 18.584822527004139, 0.0 ], [ 81.315934391967019, 18.584974958185146, 0.0 ], [ 81.315833225687612, 18.585154869939569, 0.0 ], [ 81.315939487306366, 18.585232163986188, 0.0 ], [ 81.316024478849116, 18.585361687781976, 0.0 ], [ 81.315881405277224, 18.585466065090838, 0.0 ], [ 81.315813505514214, 18.585602301263858, 0.0 ], [ 81.315718398955525, 18.585605362898402, 0.0 ], [ 81.315496882259168, 18.585723662846139, 0.0 ], [ 81.315457542913649, 18.585767168904063, 0.0 ], [ 81.315461835790131, 18.585858554832349, 0.0 ], [ 81.315403882795096, 18.585930476594413, 0.0 ], [ 81.315275203414629, 18.586064930201879, 0.0 ], [ 81.31509306285291, 18.586106283205094, 0.0 ], [ 81.314853910119737, 18.586295506294793, 0.0 ], [ 81.314596387464491, 18.586470113051416, 0.0 ], [ 81.314588439072836, 18.586468987587121, 0.0 ], [ 81.314511979950794, 18.586458158450974, 0.0 ], [ 81.314451902017893, 18.58649507970534, 0.0 ], [ 81.314370584674691, 18.586539285733732, 0.0 ], [ 81.314295326622144, 18.586592332729118, 0.0 ], [ 81.314222210386191, 18.586662718374047, 0.0 ], [ 81.314022259958094, 18.586789631300388, 0.0 ], [ 81.313968266615291, 18.586762240364195, 0.0 ], [ 81.313887181849225, 18.586788616641829, 0.0 ], [ 81.313807626388737, 18.586833630082204, 0.0 ], [ 81.313718883460467, 18.586859179433258, 0.0 ], [ 81.313553829061519, 18.586882197579026, 0.0 ], [ 81.313491163469351, 18.586825257338877, 0.0 ], [ 81.313341988987503, 18.586771451215949, 0.0 ], [ 81.313193404822798, 18.586774986690173, 0.0 ], [ 81.31304730199588, 18.586851342114837, 0.0 ], [ 81.31292361242717, 18.58691492623711, 0.0 ], [ 81.312796345464577, 18.586911335751527, 0.0 ], [ 81.312574125424177, 18.586924391602878, 0.0 ], [ 81.312344659211959, 18.587020519029824, 0.0 ], [ 81.312258963719401, 18.587056442416849, 0.0 ], [ 81.312170752975973, 18.587066711060146, 0.0 ], [ 81.31208628035283, 18.587081272649101, 0.0 ], [ 81.31197792091632, 18.587107093213262, 0.0 ], [ 81.311911497226504, 18.587122921349266, 0.0 ], [ 81.311635449092734, 18.587313075494873, 0.0 ], [ 81.311461179668555, 18.587453744046716, 0.0 ], [ 81.311367308738681, 18.587602346385225, 0.0 ], [ 81.311229009464512, 18.587676285095945, 0.0 ], [ 81.310973248742883, 18.587828196040583, 0.0 ], [ 81.310924567349844, 18.587900698136746, 0.0 ], [ 81.310861221734982, 18.588025216684272, 0.0 ], [ 81.310792412047078, 18.5881009405926, 0.0 ], [ 81.310718882051574, 18.588171644015745, 0.0 ], [ 81.310385780286424, 18.588508836705881, 0.0 ], [ 81.310285628418768, 18.588486023421911, 0.0 ], [ 81.310232878712213, 18.588520482157456, 0.0 ], [ 81.310208635868122, 18.588536554466476, 0.0 ], [ 81.310219711668637, 18.588622832993671, 0.0 ], [ 81.310185583884916, 18.588575686438887, 0.0 ], [ 81.310168673836628, 18.588552327125765, 0.0 ], [ 81.310067837047384, 18.5885683868783, 0.0 ], [ 81.310009315578498, 18.588541672373008, 0.0 ], [ 81.309920169009075, 18.58871900369174, 0.0 ], [ 81.309935946235655, 18.58883260009604, 0.0 ], [ 81.30994396352996, 18.588890324941325, 0.0 ], [ 81.309801195555949, 18.588966467456835, 0.0 ], [ 81.309570150134775, 18.589111415594044, 0.0 ], [ 81.309548972853051, 18.589124701681801, 0.0 ], [ 81.309520419796868, 18.589288884538906, 0.0 ], [ 81.309566819544415, 18.589449498010627, 0.0 ], [ 81.309570149745696, 18.589452205076761, 0.0 ], [ 81.309738140094424, 18.589588696968121, 0.0 ], [ 81.309830939453008, 18.589867093317324, 0.0 ], [ 81.309966567384393, 18.590099090581226, 0.0 ], [ 81.310262811111798, 18.590445303031867, 0.0 ], [ 81.310609022808151, 18.590595209311573, 0.0 ], [ 81.310855296255625, 18.590591639412352, 0.0 ], [ 81.31111584836475, 18.590602347300784, 0.0 ], [ 81.316476535034482, 18.587953664681464, 0.0 ], [ 81.317036201386358, 18.587677136344215, 0.0 ] ] ] } },
{ "type": "Feature", "properties": { "OBJECTID": 10, "LAYER": "VILLAGE FOREST", "AREAHA": 130.071006141, "Shape_Leng": 11055.452042700001, "Shape_Area": 1312235.85882 }, "geometry": { "type": "Polygon", "coordinates": [ [ [ 81.330154006907605, 18.604146625994652, 0.0 ], [ 81.33084086589686, 18.603868759614773, 0.0 ], [ 81.330901264548075, 18.603976261049024, 0.0 ], [ 81.33137493346986, 18.603803255911643, 0.0 ], [ 81.332337070973225, 18.6031266206212, 0.0 ], [ 81.332641642021343, 18.603316977444237, 0.0 ], [ 81.332089606830252, 18.603631066201945, 0.0 ], [ 81.331946839496226, 18.603954673165543, 0.0 ], [ 81.332127679040525, 18.604097440647944, 0.0 ], [ 81.332622606121134, 18.603964190487993, 0.0 ], [ 81.332746338509608, 18.604259243931093, 0.0 ], [ 81.332746338971404, 18.60463044010752, 0.0 ], [ 81.332660677627302, 18.604716100017299, 0.0 ], [ 81.33175648304379, 18.604944527593219, 0.0 ], [ 81.331299626327564, 18.60513488558615, 0.0 ], [ 81.330680966493574, 18.605401384883926, 0.0 ], [ 81.33030025202045, 18.605563188262405, 0.0 ], [ 81.329976645082482, 18.605553670632727, 0.0 ], [ 81.329415091910604, 18.605591742140611, 0.0 ], [ 81.328539450949549, 18.60572499163473, 0.0 ], [ 81.328272951167236, 18.605715473230092, 0.0 ], [ 81.327968381033926, 18.60563933086507, 0.0 ], [ 81.327739952388782, 18.605410903310233, 0.0 ], [ 81.326616845976176, 18.605037327271813, 0.0 ], [ 81.326759614335884, 18.605644090046017, 0.0 ], [ 81.326914278774581, 18.606119982561605, 0.0 ], [ 81.32708084199065, 18.606643463274263, 0.0 ], [ 81.32791365209502, 18.60650069586141, 0.0 ], [ 81.328139701495246, 18.606726745241264, 0.0 ], [ 81.328568004383499, 18.607059868968111, 0.0 ], [ 81.328722669123309, 18.607500069703306, 0.0 ], [ 81.328972513879776, 18.607987858654695, 0.0 ], [ 81.329222356502257, 18.608404264844541, 0.0 ], [ 81.329817221676635, 18.608499443002611, 0.0 ], [ 81.330197934967558, 18.608570827594665, 0.0 ], [ 81.330733313725261, 18.608451854487772, 0.0 ], [ 81.330911773580993, 18.608666005251248, 0.0 ], [ 81.331102130855854, 18.608749286415872, 0.0 ], [ 81.331923043984958, 18.608915849057428, 0.0 ], [ 81.332089607121716, 18.609189486853236, 0.0 ], [ 81.332268066127824, 18.608701697596356, 0.0 ], [ 81.332360955195483, 18.608738189594245, 0.0 ], [ 81.332601190447605, 18.608832567878665, 0.0 ], [ 81.332862931720328, 18.609177589464331, 0.0 ], [ 81.332981904782443, 18.608915848753909, 0.0 ], [ 81.333481591502647, 18.608903951581738, 0.0 ], [ 81.333854754310252, 18.608988050725422, 0.0 ], [ 81.333884337508991, 18.608927773286236, 0.0 ], [ 81.333930974767156, 18.608848967296808, 0.0 ], [ 81.334003484400654, 18.608791516144223, 0.0 ], [ 81.334245427313803, 18.608564403258566, 0.0 ], [ 81.334315748299716, 18.608504441634071, 0.0 ], [ 81.334377820745701, 18.608436427458177, 0.0 ], [ 81.334625979907329, 18.608203836981883, 0.0 ], [ 81.334837970761967, 18.60803138349694, 0.0 ], [ 81.334911705892452, 18.60797542275715, 0.0 ], [ 81.335058095614599, 18.607835692526564, 0.0 ], [ 81.335097859414674, 18.60775340521857, 0.0 ], [ 81.335228378170768, 18.607387026406236, 0.0 ], [ 81.335302172392801, 18.607223862160826, 0.0 ], [ 81.335357266919061, 18.607150393697975, 0.0 ], [ 81.335404837994218, 18.607072116692365, 0.0 ], [ 81.335496764739048, 18.606904902712632, 0.0 ], [ 81.335531320664387, 18.606842044329873, 0.0 ], [ 81.335711935677267, 18.606550740298303, 0.0 ], [ 81.335960591859219, 18.606128952958358, 0.0 ], [ 81.336020079754661, 18.606058791065102, 0.0 ], [ 81.336108144032195, 18.606028055368483, 0.0 ], [ 81.336290660500126, 18.605969785266183, 0.0 ], [ 81.336516303560629, 18.605900583210861, 0.0 ], [ 81.336608804190931, 18.605886786449268, 0.0 ], [ 81.336678378868228, 18.605826007814372, 0.0 ], [ 81.337052011539569, 18.605594322335545, 0.0 ], [ 81.337072149619402, 18.605582110863995, 0.0 ], [ 81.337110797316996, 18.605558675000431, 0.0 ], [ 81.337297132665597, 18.605430196832817, 0.0 ], [ 81.337372215626232, 18.605375956122455, 0.0 ], [ 81.337446787941971, 18.60532105447162, 0.0 ], [ 81.33770263243072, 18.60516256782191, 0.0 ], [ 81.337778132222894, 18.605108876024019, 0.0 ], [ 81.33784447019174, 18.605044774372679, 0.0 ], [ 81.337895616529664, 18.604992351965514, 0.0 ], [ 81.33811772902618, 18.604764693724942, 0.0 ], [ 81.338172743170006, 18.604691164807857, 0.0 ], [ 81.33825059746988, 18.604640745116651, 0.0 ], [ 81.338482616065306, 18.604490206241941, 0.0 ], [ 81.338564330496141, 18.604445922019497, 0.0 ], [ 81.338643922579394, 18.604398129299391, 0.0 ], [ 81.339122320914967, 18.604110811464999, 0.0 ], [ 81.339204649512297, 18.604067614923423, 0.0 ], [ 81.339290076082932, 18.604053680653049, 0.0 ], [ 81.339876310487981, 18.60399358062919, 0.0 ], [ 81.339966037677286, 18.603973672717736, 0.0 ], [ 81.340051836632654, 18.60393891331378, 0.0 ], [ 81.340195898772834, 18.60390478952943, 0.0 ], [ 81.340273529315567, 18.603854316101319, 0.0 ], [ 81.340358610628542, 18.603817704629765, 0.0 ], [ 81.340406111055131, 18.603799372841731, 0.0 ], [ 81.340480674397128, 18.603744667365099, 0.0 ], [ 81.340569859687562, 18.603751462982224, 0.0 ], [ 81.340622926261801, 18.603738195526876, 0.0 ], [ 81.340713751320976, 18.603733439541752, 0.0 ], [ 81.340803217081557, 18.603711416640731, 0.0 ], [ 81.341034176755912, 18.603669131638409, 0.0 ], [ 81.341090007112498, 18.603664118257807, 0.0 ], [ 81.341181058879343, 18.603665681608309, 0.0 ], [ 81.341370329043414, 18.603647131239363, 0.0 ], [ 81.341690253737539, 18.603478131705614, 0.0 ], [ 81.341770584488302, 18.603431521848865, 0.0 ], [ 81.341840156585164, 18.603370741424786, 0.0 ], [ 81.342018572539132, 18.60321272156747, 0.0 ], [ 81.342302630407559, 18.602946767247968, 0.0 ], [ 81.342358787682358, 18.602874059614319, 0.0 ], [ 81.342445620689872, 18.602840181679376, 0.0 ], [ 81.342913584257374, 18.602610804942266, 0.0 ], [ 81.342991546421203, 18.602560544400717, 0.0 ], [ 81.343062530492432, 18.602501323745749, 0.0 ], [ 81.343347048626612, 18.602328496978092, 0.0 ], [ 81.343777177484711, 18.602067481439104, 0.0 ], [ 81.343847165724938, 18.602007155435114, 0.0 ], [ 81.343989575044887, 18.601913921727281, 0.0 ], [ 81.344070342472023, 18.601868029524926, 0.0 ], [ 81.344422993636911, 18.601703884504843, 0.0 ], [ 81.344513580246513, 18.601681082054593, 0.0 ], [ 81.344602365044679, 18.601709899637978, 0.0 ], [ 81.345029795909042, 18.601843374698433, 0.0 ], [ 81.345306982967827, 18.601961633147546, 0.0 ], [ 81.345394101066816, 18.601994914236329, 0.0 ], [ 81.345482072498768, 18.601963929112713, 0.0 ], [ 81.345537581261652, 18.601957838607881, 0.0 ], [ 81.345629915702077, 18.601943045845459, 0.0 ], [ 81.345673658115615, 18.601928512802093, 0.0 ], [ 81.345718457335266, 18.601913629852806, 0.0 ], [ 81.345780094803729, 18.60190209616875, 0.0 ], [ 81.34532099702929, 18.60176638154546, 0.0 ], [ 81.345116362836123, 18.601652167449437, 0.0 ], [ 81.344942551513697, 18.601502057317777, 0.0 ], [ 81.344794924824569, 18.601375029441783, 0.0 ], [ 81.344469149728383, 18.601114409387371, 0.0 ], [ 81.343969461942876, 18.600790802653432, 0.0 ], [ 81.343731516470768, 18.600662311242829, 0.0 ], [ 81.343412668248718, 18.600519544586163, 0.0 ], [ 81.343169964120975, 18.600381535572239, 0.0 ], [ 81.342946294780134, 18.600310151511998, 0.0 ], [ 81.342675035148531, 18.600262561887565, 0.0 ], [ 81.342556062006523, 18.600257803298291, 0.0 ], [ 81.342389501005073, 18.600295874778812, 0.0 ], [ 81.34205637560278, 18.600419605846334, 0.0 ], [ 81.341718492319316, 18.600524302291113, 0.0 ], [ 81.341347296488323, 18.600609963327305, 0.0 ], [ 81.341033207666229, 18.600614722651734, 0.0 ], [ 81.340785743152736, 18.600614722128231, 0.0 ], [ 81.340457378792919, 18.600609962815401, 0.0 ], [ 81.340157566188822, 18.600619481284948, 0.0 ], [ 81.339895825723971, 18.600671828802277, 0.0 ], [ 81.339634084020204, 18.600843150854448, 0.0 ], [ 81.339396138711948, 18.601023989115443, 0.0 ], [ 81.339015424714717, 18.601161998839181, 0.0 ], [ 81.338582362986287, 18.601128685255585, 0.0 ], [ 81.338368210700622, 18.601081097095928, 0.0 ], [ 81.33822068413123, 18.600933570808881, 0.0 ], [ 81.338087435022061, 18.6008050791466, 0.0 ], [ 81.337930390063292, 18.600595686134408, 0.0 ], [ 81.337797140564049, 18.600410089148735, 0.0 ], [ 81.337692444163537, 18.600143588603959, 0.0 ], [ 81.337701961598285, 18.599924678970595, 0.0 ], [ 81.33780190036191, 18.599563000163631, 0.0 ], [ 81.337859006875448, 18.599439269122623, 0.0 ], [ 81.337973220428566, 18.599139456057124, 0.0 ], [ 81.3381207470471, 18.599030001784175, 0.0 ], [ 81.338306345218783, 18.598949099575805, 0.0 ], [ 81.338644229633445, 18.598868197993063, 0.0 ], [ 81.33883934390461, 18.598815849763042, 0.0 ], [ 81.338853621435433, 18.598677841417839, 0.0 ], [ 81.338791756016576, 18.598497002689996, 0.0 ], [ 81.338587121174612, 18.598240020564695, 0.0 ], [ 81.338030327888859, 18.597678467083394, 0.0 ], [ 81.337816176939526, 18.597454797684019, 0.0 ], [ 81.337554434998552, 18.597273959590122, 0.0 ], [ 81.337435463216394, 18.597235887291745, 0.0 ], [ 81.337287936736317, 18.597273959589899, 0.0 ], [ 81.337226070178872, 18.597797440740546, 0.0 ], [ 81.337197516902989, 18.598230502833129, 0.0 ], [ 81.337192757546262, 18.598649287496581, 0.0 ], [ 81.337016677200381, 18.599168009581582, 0.0 ], [ 81.336859633519353, 18.599686732815098, 0.0 ], [ 81.336802525602963, 18.59982474162469, 0.0 ], [ 81.336693070934132, 18.599824741707099, 0.0 ], [ 81.336538951468555, 18.59981845117456, 0.0 ], [ 81.336665072503365, 18.600069250965046, 0.0 ], [ 81.336772147966357, 18.600526107587921, 0.0 ], [ 81.336736450178563, 18.600672465680784, 0.0 ], [ 81.336700765045336, 18.600818780920928, 0.0 ], [ 81.336550858662918, 18.600911580500451, 0.0 ], [ 81.336372398660998, 18.601104315691725, 0.0 ], [ 81.336143971382327, 18.601197114895786, 0.0 ], [ 81.336122555441378, 18.601589727006711, 0.0 ], [ 81.336208215588272, 18.601918092113753, 0.0 ], [ 81.336072586314785, 18.602203627658664, 0.0 ], [ 81.335958372771699, 18.602567684294339, 0.0 ], [ 81.335986926274089, 18.602896050701322, 0.0 ], [ 81.336101140276625, 18.603110201174665, 0.0 ], [ 81.336500889689674, 18.603459983022649, 0.0 ], [ 81.336622241734361, 18.603674133585653, 0.0 ], [ 81.336679348576027, 18.603952530462731, 0.0 ], [ 81.336686488027667, 18.604138129765325, 0.0 ], [ 81.336522304434155, 18.604380834250911, 0.0 ], [ 81.336707902357162, 18.604573570055258, 0.0 ], [ 81.33681497809512, 18.604801998696946, 0.0 ], [ 81.336829255150079, 18.604959043374034, 0.0 ], [ 81.336814978347817, 18.605208886432393, 0.0 ], [ 81.336779286526607, 18.605315962033231, 0.0 ], [ 81.336657933905485, 18.605358792853455, 0.0 ], [ 81.336479474507712, 18.605358792502805, 0.0 ], [ 81.336279599294286, 18.605251716701432, 0.0 ], [ 81.336222492850354, 18.605151779590543, 0.0 ], [ 81.336208215339269, 18.604844829054628, 0.0 ], [ 81.336229631324784, 18.604687784607734, 0.0 ], [ 81.336086862633721, 18.604423664443605, 0.0 ], [ 81.335936957967746, 18.604295173517617, 0.0 ], [ 81.336086863225418, 18.603923977223069, 0.0 ], [ 81.336101140223604, 18.603724103087586, 0.0 ], [ 81.336008341835523, 18.603617026828747, 0.0 ], [ 81.335772774887332, 18.603452844089048, 0.0 ], [ 81.335530069263967, 18.603274384449669, 0.0 ], [ 81.335422993497005, 18.60301026449056, 0.0 ], [ 81.335258811759104, 18.602339256885223, 0.0 ], [ 81.335201703883016, 18.601946644789283, 0.0 ], [ 81.334966136846575, 18.60152548072924, 0.0 ], [ 81.334766262212895, 18.601254222498611, 0.0 ], [ 81.334694879213004, 18.601375574755494, 0.0 ], [ 81.334459312209745, 18.601361297836178, 0.0 ], [ 81.334138084927446, 18.601454097403185, 0.0 ], [ 81.333852549204835, 18.601561173180521, 0.0 ], [ 81.333524183449612, 18.601632556582679, 0.0 ], [ 81.333152987437671, 18.601304191056691, 0.0 ], [ 81.332774654015338, 18.600754535691781, 0.0 ], [ 81.332353489452018, 18.600397616266111, 0.0 ], [ 81.332053676626401, 18.599919344949644, 0.0 ], [ 81.33180383381179, 18.599498179670697, 0.0 ], [ 81.331618234775661, 18.599441072795877, 0.0 ], [ 81.33088298168424, 18.599126984968091, 0.0 ], [ 81.329862194088463, 18.599155537717213, 0.0 ], [ 81.32911980176911, 18.599498179381573, 0.0 ], [ 81.328605838602641, 18.599833684653653, 0.0 ], [ 81.327784923183117, 18.600019282232342, 0.0 ], [ 81.327542218965334, 18.599983590256343, 0.0 ], [ 81.327299513902361, 18.599705193292841, 0.0 ], [ 81.327292375931975, 18.599305443207189, 0.0 ], [ 81.327341789218579, 18.598777778505337, 0.0 ], [ 81.32725612873304, 18.598644528808752, 0.0 ], [ 81.327160949807521, 18.598477966423147, 0.0 ], [ 81.327056253415023, 18.598278092283294, 0.0 ], [ 81.326975352385233, 18.598021109745588, 0.0 ], [ 81.326861138221872, 18.597478592950171, 0.0 ], [ 81.326804031053783, 18.596931316891364, 0.0 ], [ 81.326718370199657, 18.596284103886394, 0.0 ], [ 81.326699334991346, 18.595998568011815, 0.0 ], [ 81.326656504229803, 18.595889113397664, 0.0 ], [ 81.3264899424193, 18.595855800892139, 0.0 ], [ 81.326347175021695, 18.595898630776329, 0.0 ], [ 81.32612826343636, 18.596065193554221, 0.0 ], [ 81.325914112285673, 18.596303139032074, 0.0 ], [ 81.325595264812762, 18.59672192435481, 0.0 ], [ 81.325362077366464, 18.597131191478809, 0.0 ], [ 81.324990881715067, 18.597592806465563, 0.0 ], [ 81.324733900275575, 18.597745092321681, 0.0 ], [ 81.324648239175716, 18.597754610096164, 0.0 ], [ 81.32455306024768, 18.597711780139626, 0.0 ], [ 81.32446740005031, 18.597507146675518, 0.0 ], [ 81.324305596828452, 18.597116914350867, 0.0 ], [ 81.324158069713775, 18.5967409603752, 0.0 ], [ 81.324015303028602, 18.596479219927279, 0.0 ], [ 81.323905847230463, 18.596407835251014, 0.0 ], [ 81.323801151209921, 18.596460183276907, 0.0 ], [ 81.323696454377966, 18.596569638005111, 0.0 ], [ 81.323663142282953, 18.596721923892641, 0.0 ], [ 81.323682177777428, 18.597131190904115, 0.0 ], [ 81.323720249910721, 18.597745092459114, 0.0 ], [ 81.323729767387462, 18.598102011841203, 0.0 ], [ 81.323848740064093, 18.598444653363135, 0.0 ], [ 81.324043856488487, 18.599001448355693, 0.0 ], [ 81.324119998959745, 18.599291741810543, 0.0 ], [ 81.324105722414188, 18.599472581294535, 0.0 ], [ 81.324058133334844, 18.599596312546307, 0.0 ], [ 81.323924883154689, 18.599639142884733, 0.0 ], [ 81.323753561458744, 18.59962962558404, 0.0 ], [ 81.32351085677675, 18.599577277518637, 0.0 ], [ 81.323372847383823, 18.599515411539478, 0.0 ], [ 81.323257413267697, 18.599380330567076, 0.0 ], [ 81.323084536614502, 18.599495582411766, 0.0 ], [ 81.322889421219784, 18.599552689422094, 0.0 ], [ 81.322770447567592, 18.599571725570094, 0.0 ], [ 81.32273713506666, 18.599671662962258, 0.0 ], [ 81.322803760463671, 18.599728769361118, 0.0 ], [ 81.322827554407098, 18.599847742579453, 0.0 ], [ 81.322708581695238, 18.599971474624123, 0.0 ], [ 81.322561054788196, 18.600185626213513, 0.0 ], [ 81.322542019866802, 18.600409295809651, 0.0 ], [ 81.32258484998809, 18.600585375197817, 0.0 ], [ 81.322632438700865, 18.600932777295036, 0.0 ], [ 81.322551537196318, 18.601018437951964, 0.0 ], [ 81.322346903869061, 18.60111837467996, 0.0 ], [ 81.322849564359686, 18.601258148734885, 0.0 ], [ 81.323442050280931, 18.601079688391874, 0.0 ], [ 81.32386321589037, 18.601079688972241, 0.0 ], [ 81.323970291261077, 18.601379500827168, 0.0 ], [ 81.323963152658692, 18.601657897962532, 0.0 ], [ 81.323727586707562, 18.601850634776525, 0.0 ], [ 81.32366334063957, 18.602478811735146, 0.0 ], [ 81.32814921911023, 18.604230690223797, 0.0 ], [ 81.328548968911107, 18.604164064689279, 0.0 ], [ 81.328482343786462, 18.603811905139089, 0.0 ], [ 81.328263434409905, 18.603631065941737, 0.0 ], [ 81.328263433910394, 18.603345531013844, 0.0 ], [ 81.328501379710062, 18.602793495051479, 0.0 ], [ 81.328767878542479, 18.602460371506595, 0.0 ], [ 81.329148593095042, 18.602374710564838, 0.0 ], [ 81.329281843364541, 18.60257458469831, 0.0 ], [ 81.329310396758899, 18.603059995369968, 0.0 ], [ 81.32951027074418, 18.60357395883122, 0.0 ], [ 81.329900503104795, 18.604154547680601, 0.0 ], [ 81.330154006907605, 18.604146625994652, 0.0 ] ] ] } },
{ "type": "Feature", "properties": { "OBJECTID": 11, "LAYER": "VILLAGE FOREST", "AREAHA": 16.6262321695, "Shape_Leng": 2393.8559361799998, "Shape_Area": 167739.68251099999 }, "geometry": { "type": "Polygon", "coordinates": [ [ [ 81.321923463230235, 18.605368229641282, 0.0 ], [ 81.321970186181929, 18.605514995985757, 0.0 ], [ 81.32214356727313, 18.605690459304864, 0.0 ], [ 81.322328119662586, 18.605804926152732, 0.0 ], [ 81.322580387443082, 18.605919276727143, 0.0 ], [ 81.322854680935251, 18.606164259295284, 0.0 ], [ 81.323100954579914, 18.606374841754285, 0.0 ], [ 81.323158062245966, 18.606510471828845, 0.0 ], [ 81.32324015332884, 18.606517609684225, 0.0 ], [ 81.323425751185908, 18.60662468573808, 0.0 ], [ 81.323690109803294, 18.606714847340914, 0.0 ], [ 81.323820979595851, 18.606869512094274, 0.0 ], [ 81.323892363429238, 18.607036075386386, 0.0 ], [ 81.324201693581557, 18.607107458557426, 0.0 ], [ 81.324689482956686, 18.607095561868167, 0.0 ], [ 81.32496312089377, 18.607285918467326, 0.0 ], [ 81.325581780362995, 18.607511966719152, 0.0 ], [ 81.325938700189653, 18.607416788863198, 0.0 ], [ 81.326200441085774, 18.607047972375316, 0.0 ], [ 81.326069570046172, 18.606738642538222, 0.0 ], [ 81.325724548451745, 18.606643463735647, 0.0 ], [ 81.325070196762454, 18.606643463472665, 0.0 ], [ 81.324689483284445, 18.606702950057858, 0.0 ], [ 81.32459430418254, 18.606512592998172, 0.0 ], [ 81.324975018454495, 18.606346030874015, 0.0 ], [ 81.325082094285051, 18.606369825408876, 0.0 ], [ 81.325367629657407, 18.605477527576362, 0.0 ], [ 81.325391423548609, 18.605084916241278, 0.0 ], [ 81.325914905697815, 18.604930251527676, 0.0 ], [ 81.326616845976176, 18.605037327271813, 0.0 ], [ 81.327739952388782, 18.605410903310233, 0.0 ], [ 81.328177772962292, 18.605287171042875, 0.0 ], [ 81.328501379374657, 18.605058742669922, 0.0 ], [ 81.328510897605383, 18.60487790394146, 0.0 ], [ 81.328425237152771, 18.604678029109518, 0.0 ], [ 81.328253915745108, 18.604620921524202, 0.0 ], [ 81.32813970163653, 18.604459118468569, 0.0 ], [ 81.32814921911023, 18.604230690223797, 0.0 ], [ 81.325699494950186, 18.603273995356339, 0.0 ], [ 81.325329825206751, 18.603129626993379, 0.0 ], [ 81.32366334063957, 18.602478811735146, 0.0 ], [ 81.323634787181632, 18.602921391700558, 0.0 ], [ 81.323520573038209, 18.603192650350007, 0.0 ], [ 81.323306421056145, 18.60392076509725, 0.0 ], [ 81.323541987457105, 18.604548943533448, 0.0 ], [ 81.32348488105427, 18.604620327365634, 0.0 ], [ 81.322835287616698, 18.604977246506518, 0.0 ], [ 81.322357016788914, 18.605177120596313, 0.0 ], [ 81.321923463230235, 18.605368229641282, 0.0 ] ] ] } },
{ "type": "Feature", "properties": { "OBJECTID": 12, "LAYER": "VILLAGE FOREST", "AREAHA": 96.483971012200001, "Shape_Leng": 8225.1825464100002, "Shape_Area": 973412.50029300002 }, "geometry": { "type": "Polygon", "coordinates": [ [ [ 81.314349832812894, 18.614636668291315, 0.0 ], [ 81.313499261562299, 18.614657340129135, 0.0 ], [ 81.313298981348581, 18.614858542172112, 0.0 ], [ 81.313058850055697, 18.615212852851247, 0.0 ], [ 81.312890182624557, 18.615793464109768, 0.0 ], [ 81.31296297918324, 18.61578198332931, 0.0 ], [ 81.312987095640281, 18.615776774507246, 0.0 ], [ 81.313054334844267, 18.615762252570978, 0.0 ], [ 81.313689277935708, 18.615661203308171, 0.0 ], [ 81.313779635458275, 18.615637536652461, 0.0 ], [ 81.31387322212062, 18.615639221425695, 0.0 ], [ 81.313966783802897, 18.615662869529036, 0.0 ], [ 81.314209210306814, 18.615724142425265, 0.0 ], [ 81.314495957314946, 18.615784565058007, 0.0 ], [ 81.314588534912318, 18.615798029214275, 0.0 ], [ 81.314679609897823, 18.615819067463047, 0.0 ], [ 81.314969199270919, 18.61583142689101, 0.0 ], [ 81.315130711418675, 18.615850275262463, 0.0 ], [ 81.315556595022557, 18.615871619209774, 0.0 ], [ 81.315586609932211, 18.61587239351644, 0.0 ], [ 81.315650180728952, 18.615873315692824, 0.0 ], [ 81.315736009993103, 18.615909649050728, 0.0 ], [ 81.315838330022643, 18.615969704701428, 0.0 ], [ 81.315920876787644, 18.616012624675228, 0.0 ], [ 81.315998421828979, 18.616063596137437, 0.0 ], [ 81.316264699868356, 18.616229642359055, 0.0 ], [ 81.316736253512516, 18.616508942140168, 0.0 ], [ 81.317219862171157, 18.616749530983792, 0.0 ], [ 81.317307841407583, 18.616780622857807, 0.0 ], [ 81.31735791434626, 18.616857476685819, 0.0 ], [ 81.317380939262577, 18.616907447312872, 0.0 ], [ 81.317410652022446, 18.616971933537368, 0.0 ], [ 81.317456625218583, 18.617051165877498, 0.0 ], [ 81.317511090242078, 18.617125148599829, 0.0 ], [ 81.317708987824219, 18.617415772840793, 0.0 ], [ 81.31775906591588, 18.617492623202217, 0.0 ], [ 81.317840351407071, 18.617537758629251, 0.0 ], [ 81.317904251316776, 18.617570912730109, 0.0 ], [ 81.317986112969848, 18.617615053681785, 0.0 ], [ 81.31800003327028, 18.617621932750282, 0.0 ], [ 81.317997281696336, 18.617639334938584, 0.0 ], [ 81.318369559659303, 18.617813407595573, 0.0 ], [ 81.318468163977158, 18.61781160708718, 0.0 ], [ 81.318568401618776, 18.61781468852416, 0.0 ], [ 81.318683613002733, 18.617831378689381, 0.0 ], [ 81.318823626765891, 18.617872818693311, 0.0 ], [ 81.3188819056613, 18.6178619916817, 0.0 ], [ 81.318954149689233, 18.617846240947056, 0.0 ], [ 81.319117327316803, 18.617754076626039, 0.0 ], [ 81.3192065993494, 18.61772578326044, 0.0 ], [ 81.319295266484133, 18.617695409056587, 0.0 ], [ 81.319563338430456, 18.617626229417127, 0.0 ], [ 81.319656035263137, 18.617609725644659, 0.0 ], [ 81.319750911490218, 18.61762207871524, 0.0 ], [ 81.320141455895978, 18.617671206285124, 0.0 ], [ 81.320319597543119, 18.617710362346397, 0.0 ], [ 81.320416216830296, 18.617724167759508, 0.0 ], [ 81.320424052449994, 18.617724954120099, 0.0 ], [ 81.320507766940196, 18.617759932544285, 0.0 ], [ 81.320789864352705, 18.617722806864347, 0.0 ], [ 81.320891452971068, 18.617714676587077, 0.0 ], [ 81.321126420933496, 18.617695871656135, 0.0 ], [ 81.321219952870763, 18.617699406759534, 0.0 ], [ 81.321308285023093, 18.617669390466325, 0.0 ], [ 81.321735438938759, 18.617616496227818, 0.0 ], [ 81.322123931443329, 18.617569105389897, 0.0 ], [ 81.322217170678684, 18.617561184395466, 0.0 ], [ 81.322301193467354, 18.617521174876376, 0.0 ], [ 81.322611852007114, 18.617402374371686, 0.0 ], [ 81.323025752505401, 18.617237847591458, 0.0 ], [ 81.323413076601554, 18.617097970313335, 0.0 ], [ 81.323500725174199, 18.617066122612567, 0.0 ], [ 81.323591536747458, 18.617044153632829, 0.0 ], [ 81.324030534029831, 18.616943745273733, 0.0 ], [ 81.32420946233222, 18.616904057189632, 0.0 ], [ 81.324235699352712, 18.616898236715226, 0.0 ], [ 81.32470742567962, 18.616793603274715, 0.0 ], [ 81.324800257768189, 18.616782048601088, 0.0 ], [ 81.324893839000367, 18.616780301429696, 0.0 ], [ 81.325483265689627, 18.616808168040635, 0.0 ], [ 81.325536257915971, 18.616818640095769, 0.0 ], [ 81.325574998828571, 18.616826295437409, 0.0 ], [ 81.325659053569751, 18.61678635080575, 0.0 ], [ 81.32628910355966, 18.616593453201823, 0.0 ], [ 81.326377031296758, 18.616562338900071, 0.0 ], [ 81.326466908197631, 18.616537007335108, 0.0 ], [ 81.326872821714531, 18.616412488649967, 0.0 ], [ 81.327042145773987, 18.61636370800132, 0.0 ], [ 81.327156715929291, 18.616330701634993, 0.0 ], [ 81.327248440891154, 18.616312656396616, 0.0 ], [ 81.327340594208906, 18.616328631377907, 0.0 ], [ 81.32772976639626, 18.616397004634884, 0.0 ], [ 81.327822093027038, 18.616412003353293, 0.0 ], [ 81.32798647655828, 18.616578328360244, 0.0 ], [ 81.328060830741393, 18.616710664719307, 0.0 ], [ 81.328086569716817, 18.616756473869145, 0.0 ], [ 81.328242957707019, 18.616719309638871, 0.0 ], [ 81.328461069327531, 18.616689478361614, 0.0 ], [ 81.328547743938032, 18.616655212862096, 0.0 ], [ 81.329142564542778, 18.61646131806873, 0.0 ], [ 81.32922861845563, 18.616425608314898, 0.0 ], [ 81.32932149800169, 18.616414417292528, 0.0 ], [ 81.329857150829625, 18.616292997851602, 0.0 ], [ 81.329950597470329, 18.616298234521913, 0.0 ], [ 81.330028427935616, 18.616247777085231, 0.0 ], [ 81.330180245853668, 18.616173839380597, 0.0 ], [ 81.330267856986126, 18.616141895103052, 0.0 ], [ 81.33034569181757, 18.616091443927566, 0.0 ], [ 81.330493402736607, 18.616030494141071, 0.0 ], [ 81.330580504180602, 18.615997262210136, 0.0 ], [ 81.330672286815798, 18.615979495069851, 0.0 ], [ 81.330827288106107, 18.615926187926835, 0.0 ], [ 81.331440220488844, 18.615715391830385, 0.0 ], [ 81.331531450679066, 18.615695121884645, 0.0 ], [ 81.3315975467996, 18.615630784427001, 0.0 ], [ 81.331835245667605, 18.615405957744287, 0.0 ], [ 81.332002442331785, 18.61526027063173, 0.0 ], [ 81.332069739408979, 18.615197119740866, 0.0 ], [ 81.332118786806561, 18.61511970830502, 0.0 ], [ 81.332408479970027, 18.614708924739478, 0.0 ], [ 81.332451279453593, 18.614628087974282, 0.0 ], [ 81.332442638759929, 18.614537545584287, 0.0 ], [ 81.33243058395675, 18.614371516279036, 0.0 ], [ 81.33241231509308, 18.614282328773044, 0.0 ], [ 81.332412955723726, 18.614191405925389, 0.0 ], [ 81.332393456245384, 18.613969967255059, 0.0 ], [ 81.33237319856066, 18.613881185128413, 0.0 ], [ 81.332366247828389, 18.613790506540617, 0.0 ], [ 81.332345455231547, 18.613627708183714, 0.0 ], [ 81.332331450271397, 18.613408371065571, 0.0 ], [ 81.332307082168654, 18.613210095076841, 0.0 ], [ 81.332302633241085, 18.613173907748614, 0.0 ], [ 81.332310631460018, 18.613083319666583, 0.0 ], [ 81.332362649185725, 18.613007761329474, 0.0 ], [ 81.332748070861982, 18.612555082724704, 0.0 ], [ 81.332825161572273, 18.612503564964211, 0.0 ], [ 81.332847294273876, 18.612415231174634, 0.0 ], [ 81.332930110572093, 18.612253888942398, 0.0 ], [ 81.333048114051067, 18.612023998750843, 0.0 ], [ 81.33317474951167, 18.611771077349413, 0.0 ], [ 81.333206681600885, 18.611685626723052, 0.0 ], [ 81.333245831840145, 18.61160306063222, 0.0 ], [ 81.333346019003656, 18.611417331251186, 0.0 ], [ 81.333428184001832, 18.611234995371223, 0.0 ], [ 81.333478165108858, 18.611140151562225, 0.0 ], [ 81.333522266394326, 18.61105997830926, 0.0 ], [ 81.333521498078809, 18.610969055086493, 0.0 ], [ 81.333554146838893, 18.610747814278902, 0.0 ], [ 81.332732061624242, 18.611033569011227, 0.0 ], [ 81.332160990152786, 18.611283413148044, 0.0 ], [ 81.331899250412377, 18.611283413389103, 0.0 ], [ 81.331351974257288, 18.611259617483132, 0.0 ], [ 81.331209206102884, 18.611104953650997, 0.0 ], [ 81.331161616744993, 18.610688547251808, 0.0 ], [ 81.330971260561697, 18.610355422466764, 0.0 ], [ 81.330697622348112, 18.610498190429812, 0.0 ], [ 81.330281216484593, 18.610200757959092, 0.0 ], [ 81.329912400710896, 18.609903324932727, 0.0 ], [ 81.329519788330543, 18.609356049128639, 0.0 ], [ 81.32911528108653, 18.608749286278485, 0.0 ], [ 81.328330058564305, 18.608332881420399, 0.0 ], [ 81.327961241846751, 18.608356675463003, 0.0 ], [ 81.327961242090225, 18.608808772898112, 0.0 ], [ 81.328115907837017, 18.609665379054523, 0.0 ], [ 81.327925551047898, 18.610260244192716, 0.0 ], [ 81.32769444422533, 18.61057794197183, 0.0 ], [ 81.327887180993471, 18.610777816526944, 0.0 ], [ 81.328029949498188, 18.610938430179729, 0.0 ], [ 81.328440405704413, 18.610884892489015, 0.0 ], [ 81.328601019621587, 18.610970552815417, 0.0 ], [ 81.328775909894162, 18.611124028146627, 0.0 ], [ 81.32893592864977, 18.611176931364732, 0.0 ], [ 81.329468928697267, 18.611843180437688, 0.0 ], [ 81.329849641800564, 18.61216678697258, 0.0 ], [ 81.329725909399372, 18.612300036906962, 0.0 ], [ 81.330068552045319, 18.612747375738191, 0.0 ], [ 81.330163730300583, 18.613156642985871, 0.0 ], [ 81.329783016390195, 18.613204232843948, 0.0 ], [ 81.329497482023058, 18.613166160803839, 0.0 ], [ 81.329164356947373, 18.612890143198705, 0.0 ], [ 81.328421965870746, 18.612471358138027, 0.0 ], [ 81.328098358768855, 18.612347626147546, 0.0 ], [ 81.327717644006697, 18.612081126467881, 0.0 ], [ 81.327375002298325, 18.612242929795134, 0.0 ], [ 81.326956217119104, 18.612471357959304, 0.0 ], [ 81.326613574689731, 18.612490393720385, 0.0 ], [ 81.32628996799329, 18.612433287020949, 0.0 ], [ 81.325937807418171, 18.61191932398167, 0.0 ], [ 81.325718897521185, 18.611138860452822, 0.0 ], [ 81.325676067787683, 18.610470270941963, 0.0 ], [ 81.325441095338093, 18.610443503051261, 0.0 ], [ 81.325146637645616, 18.61041673402066, 0.0 ], [ 81.324974126215437, 18.610458374211117, 0.0 ], [ 81.324870024966003, 18.610556526825782, 0.0 ], [ 81.324765923449519, 18.610624936663765, 0.0 ], [ 81.32466479544415, 18.610556527120842, 0.0 ], [ 81.324530951440565, 18.610586269824694, 0.0 ], [ 81.324406029705088, 18.610752833117065, 0.0 ], [ 81.324293005048048, 18.610761755714947, 0.0 ], [ 81.324191878687728, 18.61064278311034, 0.0 ], [ 81.324129418091303, 18.610702269059228, 0.0 ], [ 81.323897419900419, 18.6107736530872, 0.0 ], [ 81.323677319316573, 18.610746883488869, 0.0 ], [ 81.323403681686116, 18.610699294567009, 0.0 ], [ 81.323216298893712, 18.610601141695472, 0.0 ], [ 81.323076505891223, 18.61054165464785, 0.0 ], [ 81.322713638362842, 18.610479194281421, 0.0 ], [ 81.322374564982212, 18.610514886657402, 0.0 ], [ 81.322205029093325, 18.610476220559367, 0.0 ], [ 81.321910569917307, 18.610422682813436, 0.0 ], [ 81.321714265065836, 18.61040186146268, 0.0 ], [ 81.321580419687038, 18.610363196192264, 0.0 ], [ 81.321401959785916, 18.610268017051443, 0.0 ], [ 81.321098578992419, 18.610178787793458, 0.0 ], [ 81.320852602032105, 18.610146050280704, 0.0 ], [ 81.320805012601269, 18.610260263758402, 0.0 ], [ 81.32068170664364, 18.610924240939877, 0.0 ], [ 81.320681696537605, 18.610924289247642, 0.0 ], [ 81.320622984871321, 18.611240443535493, 0.0 ], [ 81.320323172525733, 18.611890036186242, 0.0 ], [ 81.320273202927396, 18.612211262953309, 0.0 ], [ 81.31987345430808, 18.612518213418934, 0.0 ], [ 81.319859177467663, 18.612860855974507, 0.0 ], [ 81.319809208680084, 18.613117838687987, 0.0 ], [ 81.319830624089747, 18.613353404608851, 0.0 ], [ 81.319951975589703, 18.613353404861932, 0.0 ], [ 81.319930561252477, 18.613760292041594, 0.0 ], [ 81.32011615909316, 18.613924475703989, 0.0 ], [ 81.320437386071461, 18.614060105194191, 0.0 ], [ 81.320423109362238, 18.614217148626771, 0.0 ], [ 81.320451663023732, 18.614381331983505, 0.0 ], [ 81.320630122383136, 18.614509822225326, 0.0 ], [ 81.3207514754519, 18.614602621942229, 0.0 ], [ 81.320801444137771, 18.614652590380974, 0.0 ], [ 81.320937072458094, 18.614674005389599, 0.0 ], [ 81.321172639658911, 18.614681143907365, 0.0 ], [ 81.32143676025197, 18.614681143906246, 0.0 ], [ 81.321708017958287, 18.614759666207959, 0.0 ], [ 81.321979277265413, 18.614802496779536, 0.0 ], [ 81.322172013614207, 18.614788220022312, 0.0 ], [ 81.322271951284733, 18.614745388739514, 0.0 ], [ 81.322443271939022, 18.61480249657162, 0.0 ], [ 81.322571763355896, 18.61490243432328, 0.0 ], [ 81.322771637411705, 18.615004750589534, 0.0 ], [ 81.322938200394518, 18.614923849148941, 0.0 ], [ 81.323161869924945, 18.614866742288466, 0.0 ], [ 81.323276083742613, 18.614866741631275, 0.0 ], [ 81.323509270703809, 18.614909572385049, 0.0 ], [ 81.323571136302988, 18.615090411099843, 0.0 ], [ 81.323713903630463, 18.615047581021706, 0.0 ], [ 81.32374245756499, 18.615314080492539, 0.0 ], [ 81.323556859684658, 18.615328357774072, 0.0 ], [ 81.323537824278219, 18.615590098254408, 0.0 ], [ 81.323347467494969, 18.615685276729753, 0.0 ], [ 81.323161869754614, 18.615785213651982, 0.0 ], [ 81.322900128403887, 18.615632928648239, 0.0 ], [ 81.32286681638945, 18.615471124503141, 0.0 ], [ 81.322638388106938, 18.615471125030332, 0.0 ], [ 81.32249086099857, 18.615423535347379, 0.0 ], [ 81.32244327191485, 18.615290285597869, 0.0 ], [ 81.322443271280548, 18.615195108044393, 0.0 ], [ 81.321957861739648, 18.615076134280407, 0.0 ], [ 81.321324924769016, 18.614971437909464, 0.0 ], [ 81.320910899289316, 18.614823911799665, 0.0 ], [ 81.320420730095137, 18.614676384819212, 0.0 ], [ 81.320197061010646, 18.614657349490706, 0.0 ], [ 81.320111399628715, 18.614605001443817, 0.0 ], [ 81.320030498958971, 18.614462234049341, 0.0 ], [ 81.320001945329807, 18.614400367822029, 0.0 ], [ 81.319916284992061, 18.614257599485104, 0.0 ], [ 81.319749722556963, 18.614148144578689, 0.0 ], [ 81.31962123153869, 18.614219528436362, 0.0 ], [ 81.319597436242645, 18.614471751410754, 0.0 ], [ 81.319659302700771, 18.614738251060849, 0.0 ], [ 81.319649785411585, 18.614976197088858, 0.0 ], [ 81.319502258817664, 18.615342633977278, 0.0 ], [ 81.319594164241664, 18.615417131187364, 0.0 ], [ 81.319560853161619, 18.615536104466443, 0.0 ], [ 81.319132550103873, 18.615745496278073, 0.0 ], [ 81.318899361840465, 18.615669354329672, 0.0 ], [ 81.318832737161003, 18.615769291172708, 0.0 ], [ 81.318699487382233, 18.616007238055065, 0.0 ], [ 81.318766112465667, 18.61612145169709, 0.0 ], [ 81.31864713990052, 18.616397469280265, 0.0 ], [ 81.318413952217739, 18.616559272232791, 0.0 ], [ 81.318356845036973, 18.616435541194079, 0.0 ], [ 81.318432987826228, 18.616173799476794, 0.0 ], [ 81.318523407498944, 18.615888264287648, 0.0 ], [ 81.318551960841489, 18.615574175900747, 0.0 ], [ 81.318271184901079, 18.615498032720087, 0.0 ], [ 81.318066551202406, 18.615374301392659, 0.0 ], [ 81.317838122476928, 18.615007863538583, 0.0 ], [ 81.317628730641161, 18.614926962079302, 0.0 ], [ 81.317324158371704, 18.614865096185369, 0.0 ], [ 81.317029105640003, 18.614898408701723, 0.0 ], [ 81.316805436092679, 18.615193461774922, 0.0 ], [ 81.316662669026968, 18.61514111291881, 0.0 ], [ 81.316362856166393, 18.614998345828461, 0.0 ], [ 81.316082080168371, 18.614931721679074, 0.0 ], [ 81.315653777496905, 18.614974551305501, 0.0 ], [ 81.315401554922119, 18.614988828393358, 0.0 ], [ 81.315287340346671, 18.614974551662975, 0.0 ], [ 81.315154089907438, 18.614860337222833, 0.0 ], [ 81.315035117042783, 18.614679498791052, 0.0 ], [ 81.314863796079891, 18.614636667980577, 0.0 ], [ 81.314583020008811, 18.614746123255639, 0.0 ], [ 81.314387903787548, 18.614746123007926, 0.0 ], [ 81.314349832812894, 18.614636668291315, 0.0 ] ] ] } },
{ "type": "Feature", "properties": { "OBJECTID": 13, "LAYER": "VILLAGE FOREST", "AREAHA": 4.5101090219, "Shape_Leng": 917.19096978100004, "Shape_Area": 45504.905673599998 }, "geometry": { "type": "Polygon", "coordinates": [ [ [ 81.303483758212508, 18.614884447681096, 0.0 ], [ 81.303499027631531, 18.61488841585393, 0.0 ], [ 81.303690559134353, 18.614938190662389, 0.0 ], [ 81.303778715376808, 18.614968101635007, 0.0 ], [ 81.303834156700603, 18.61496852261396, 0.0 ], [ 81.303872119484282, 18.61496880996695, 0.0 ], [ 81.304166277383302, 18.615023341853831, 0.0 ], [ 81.30421073889066, 18.615031583708667, 0.0 ], [ 81.304472320387276, 18.615099730712192, 0.0 ], [ 81.304568278987134, 18.615075549232593, 0.0 ], [ 81.304722883039815, 18.615076351268929, 0.0 ], [ 81.304740697274653, 18.615076442776729, 0.0 ], [ 81.304847939189216, 18.614770813968555, 0.0 ], [ 81.30497881012657, 18.614580456696565, 0.0 ], [ 81.305139423044835, 18.614360357139965, 0.0 ], [ 81.305234601390836, 18.61427112683436, 0.0 ], [ 81.305514187579959, 18.614086719116131, 0.0 ], [ 81.305978183673304, 18.614033180618581, 0.0 ], [ 81.30609012907891, 18.613770068018795, 0.0 ], [ 81.305925945827539, 18.613595177710394, 0.0 ], [ 81.305484445173775, 18.613670313239499, 0.0 ], [ 81.305097782245426, 18.613557288091407, 0.0 ], [ 81.304943117411426, 18.613253907899917, 0.0 ], [ 81.304526711383602, 18.612998115308567, 0.0 ], [ 81.304068664997672, 18.612849400019133, 0.0 ], [ 81.303705798047346, 18.612926731148391, 0.0 ], [ 81.303176368055915, 18.613301497375705, 0.0 ], [ 81.303075240815701, 18.613652467682247, 0.0 ], [ 81.303402415814119, 18.61399748955245, 0.0 ], [ 81.303402416097455, 18.614425792882532, 0.0 ], [ 81.303483758212508, 18.614884447681096, 0.0 ] ] ] } },
{ "type": "Feature", "properties": { "OBJECTID": 14, "LAYER": "VILLAGE FOREST", "AREAHA": 3.98066860038, "Shape_Leng": 1045.1937496099999, "Shape_Area": 40162.741816900001 }, "geometry": { "type": "Polygon", "coordinates": [ [ [ 81.305937586361793, 18.6153605559923, 0.0 ], [ 81.306169478565792, 18.615498937229059, 0.0 ], [ 81.306242345043685, 18.615556060890214, 0.0 ], [ 81.306306842379499, 18.615621998619925, 0.0 ], [ 81.306358815487499, 18.615657422762229, 0.0 ], [ 81.306496242110157, 18.615751089744499, 0.0 ], [ 81.306819323092071, 18.615278829584241, 0.0 ], [ 81.307304732622683, 18.615064677292235, 0.0 ], [ 81.30799001738697, 18.614486468470329, 0.0 ], [ 81.308068539293274, 18.61415810288122, 0.0 ], [ 81.308161339261559, 18.613772629907082, 0.0 ], [ 81.308039985895107, 18.613380019955823, 0.0 ], [ 81.308039985857135, 18.613094484063961, 0.0 ], [ 81.307932910159508, 18.612858917696123, 0.0 ], [ 81.307169103066045, 18.612837501999461, 0.0 ], [ 81.307043102565657, 18.613038383782776, 0.0 ], [ 81.307068087244062, 18.613216843576847, 0.0 ], [ 81.307196578543213, 18.6133060740944, 0.0 ], [ 81.307325068769742, 18.613541640406414, 0.0 ], [ 81.30742857574009, 18.613887851078701, 0.0 ], [ 81.307346483606693, 18.613994927298442, 0.0 ], [ 81.307239408569004, 18.614034187922005, 0.0 ], [ 81.307157317187716, 18.614030619790437, 0.0 ], [ 81.30689070674498, 18.614012956020765, 0.0 ], [ 81.306667036893046, 18.614093856959396, 0.0 ], [ 81.3063767428022, 18.614108134313906, 0.0 ], [ 81.306253011071178, 18.614141446964457, 0.0 ], [ 81.306186386237258, 18.614517400918388, 0.0 ], [ 81.306119760543439, 18.614541196052297, 0.0 ], [ 81.305791395015959, 18.61434132098104, 0.0 ], [ 81.305624833679232, 18.61446505361468, 0.0 ], [ 81.30560103830021, 18.614631616324981, 0.0 ], [ 81.305724770475123, 18.614831490666159, 0.0 ], [ 81.305937586361793, 18.6153605559923, 0.0 ] ] ] } },
{ "type": "Feature", "properties": { "OBJECTID": 15, "LAYER": "VILLAGE FOREST", "AREAHA": 4.0668107405400002, "Shape_Leng": 783.359200461, "Shape_Area": 41032.058291300003 }, "geometry": { "type": "Polygon", "coordinates": [ [ [ 81.304662451847634, 18.612056856125569, 0.0 ], [ 81.304910757676453, 18.612557915267786, 0.0 ], [ 81.305005934749801, 18.612824415105827, 0.0 ], [ 81.304943117411426, 18.613253907899917, 0.0 ], [ 81.305097782245426, 18.613557288091407, 0.0 ], [ 81.305484445173775, 18.613670313239499, 0.0 ], [ 81.305925945827539, 18.613595177710394, 0.0 ], [ 81.305925946519224, 18.613523793743692, 0.0 ], [ 81.306225757559645, 18.61333819592836, 0.0 ], [ 81.306525569696944, 18.613198997361135, 0.0 ], [ 81.306643353417712, 18.613074075217227, 0.0 ], [ 81.306629076394287, 18.612831371063287, 0.0 ], [ 81.306557693086404, 18.612438759405276, 0.0 ], [ 81.306536277713732, 18.612242454623228, 0.0 ], [ 81.306447047890629, 18.612074702120537, 0.0 ], [ 81.306347110682282, 18.611914088588179, 0.0 ], [ 81.306215050370312, 18.611685660768924, 0.0 ], [ 81.305961637344879, 18.611364433233192, 0.0 ], [ 81.305822439158334, 18.611210958241578, 0.0 ], [ 81.305444104517747, 18.611264495845798, 0.0 ], [ 81.305183553919576, 18.611357294812908, 0.0 ], [ 81.305015802075417, 18.611321602579984, 0.0 ], [ 81.304873034652388, 18.611375141409777, 0.0 ], [ 81.304812358151196, 18.61153575494027, 0.0 ], [ 81.304733836200711, 18.611803444131205, 0.0 ], [ 81.304662451847634, 18.612056856125569, 0.0 ] ] ] } },
{ "type": "Feature", "properties": { "OBJECTID": 16, "LAYER": "VILLAGE FOREST", "AREAHA": 3.3765930710899998, "Shape_Leng": 1004.21051601, "Shape_Area": 34068.592753700003 }, "geometry": { "type": "Polygon", "coordinates": [ [ [ 81.300275597848469, 18.610448302190637, 0.0 ], [ 81.30011379383393, 18.61043117012095, 0.0 ], [ 81.299993869872338, 18.610393099549807, 0.0 ], [ 81.299908208817101, 18.610347413906187, 0.0 ], [ 81.299880390172163, 18.610323458384869, 0.0 ], [ 81.299685553024091, 18.610542659871644, 0.0 ], [ 81.299755763228831, 18.610616498992833, 0.0 ], [ 81.29984377470295, 18.610647509525638, 0.0 ], [ 81.29988621858466, 18.610728581182073, 0.0 ], [ 81.300041358376717, 18.610903836510552, 0.0 ], [ 81.300078207313675, 18.610987447005076, 0.0 ], [ 81.300127421811084, 18.611064825417088, 0.0 ], [ 81.300133773787692, 18.611076596147946, 0.0 ], [ 81.30022145748454, 18.611239057521338, 0.0 ], [ 81.300262715344815, 18.611320706200637, 0.0 ], [ 81.300303959940592, 18.611402357177916, 0.0 ], [ 81.300471655629067, 18.611735896140626, 0.0 ], [ 81.300533758115193, 18.611859410972773, 0.0 ], [ 81.300698018693822, 18.612028186066016, 0.0 ], [ 81.300732177710344, 18.611854602038438, 0.0 ], [ 81.300732177498858, 18.611673762704054, 0.0 ], [ 81.300813078802548, 18.611630932866063, 0.0 ], [ 81.301150962922961, 18.611811771735788, 0.0 ], [ 81.301393667638337, 18.611968815682161, 0.0 ], [ 81.301645890670258, 18.611949781222144, 0.0 ], [ 81.301879077553195, 18.611949780753992, 0.0 ], [ 81.302174131317898, 18.611983092631736, 0.0 ], [ 81.302378764964104, 18.611830807916242, 0.0 ], [ 81.302526291425849, 18.611697558271729, 0.0 ], [ 81.302778514593058, 18.611412021892434, 0.0 ], [ 81.303092602245584, 18.61113600503198, 0.0 ], [ 81.303263924331986, 18.611026549766084, 0.0 ], [ 81.30320681708686, 18.610855228248244, 0.0 ], [ 81.302307626571064, 18.610837232557365, 0.0 ], [ 81.302263844681562, 18.610900049996523, 0.0 ], [ 81.302149629711963, 18.610892434943651, 0.0 ], [ 81.302092522642681, 18.610795353394931, 0.0 ], [ 81.301466883661959, 18.610853825108499, 0.0 ], [ 81.301264629926024, 18.610919259721694, 0.0 ], [ 81.300901761077682, 18.610943054875726, 0.0 ], [ 81.300592430887605, 18.610812184249426, 0.0 ], [ 81.300275597848469, 18.610448302190637, 0.0 ] ] ] } },
{ "type": "Feature", "properties": { "OBJECTID": 17, "LAYER": "VILLAGE FOREST", "AREAHA": 12.042613942799999, "Shape_Leng": 1462.4356269100001, "Shape_Area": 121509.3954 }, "geometry": { "type": "Polygon", "coordinates": [ [ [ 81.294612256759308, 18.609803728917392, 0.0 ], [ 81.29436921988254, 18.609612597615374, 0.0 ], [ 81.293857259806217, 18.609426875193808, 0.0 ], [ 81.293345583280271, 18.609406151181457, 0.0 ], [ 81.293247610504196, 18.609313043283628, 0.0 ], [ 81.293096452431911, 18.608918714184874, 0.0 ], [ 81.292735210453003, 18.608869058845428, 0.0 ], [ 81.292223352334034, 18.608740722923191, 0.0 ], [ 81.292050420429959, 18.608812731004697, 0.0 ], [ 81.291757323848159, 18.609014054102577, 0.0 ], [ 81.291501210854037, 18.608842277578688, 0.0 ], [ 81.291373155072733, 18.608756388351349, 0.0 ], [ 81.291170273876844, 18.608914528122551, 0.0 ], [ 81.290801580464588, 18.608907923885109, 0.0 ], [ 81.290440594847126, 18.609008915591293, 0.0 ], [ 81.29013200992739, 18.608952000010298, 0.0 ], [ 81.289913775128625, 18.608930814832927, 0.0 ], [ 81.289725720996017, 18.60895980011475, 0.0 ], [ 81.289636166262881, 18.608865730769168, 0.0 ], [ 81.289629480733396, 18.608927565514936, 0.0 ], [ 81.289605006715163, 18.609015312675133, 0.0 ], [ 81.289468854099397, 18.609280003185386, 0.0 ], [ 81.289454291993522, 18.609315076183016, 0.0 ], [ 81.289433851536913, 18.60936430979865, 0.0 ], [ 81.289452464135877, 18.60945343723678, 0.0 ], [ 81.289566318060821, 18.60997649522449, 0.0 ], [ 81.289568684453087, 18.609979814295283, 0.0 ], [ 81.289760619572874, 18.610141937594442, 0.0 ], [ 81.290025057226444, 18.610389068345366, 0.0 ], [ 81.290248934594814, 18.610602107968379, 0.0 ], [ 81.290320617293958, 18.610660094933898, 0.0 ], [ 81.290384688060641, 18.610725899105592, 0.0 ], [ 81.290681450513176, 18.610997764965663, 0.0 ], [ 81.290747350179117, 18.611061854895155, 0.0 ], [ 81.290839616950237, 18.611075976685651, 0.0 ], [ 81.29087748202565, 18.611091803921386, 0.0 ], [ 81.291312110001812, 18.611273480264533, 0.0 ], [ 81.291394280910168, 18.61131649587012, 0.0 ], [ 81.291483620427329, 18.611342908995738, 0.0 ], [ 81.29169826814497, 18.611434243993148, 0.0 ], [ 81.291777534625268, 18.611482095300349, 0.0 ], [ 81.291859550270672, 18.611525385095099, 0.0 ], [ 81.292222088391071, 18.611719698939055, 0.0 ], [ 81.292288334392651, 18.611783455175232, 0.0 ], [ 81.292379208771194, 18.611804390916845, 0.0 ], [ 81.292561606680621, 18.611836542584445, 0.0 ], [ 81.292652641013049, 18.611856820511953, 0.0 ], [ 81.292742074122927, 18.611830756962284, 0.0 ], [ 81.29301369618355, 18.611746208007997, 0.0 ], [ 81.293095428076029, 18.611702461146521, 0.0 ], [ 81.293167682589768, 18.611645185631446, 0.0 ], [ 81.293240246744631, 18.611601627100736, 0.0 ], [ 81.293301679962923, 18.611533541203531, 0.0 ], [ 81.29337241879486, 18.611474519872989, 0.0 ], [ 81.293663183442931, 18.611323211976487, 0.0 ], [ 81.293993488419574, 18.610969120813131, 0.0 ], [ 81.294036412842672, 18.610888347641616, 0.0 ], [ 81.294053888547396, 18.610799030905625, 0.0 ], [ 81.294212873288743, 18.610421761606968, 0.0 ], [ 81.294209799308533, 18.610330879315885, 0.0 ], [ 81.294240165712594, 18.610244889156931, 0.0 ], [ 81.294274767402541, 18.610135784107236, 0.0 ], [ 81.294288339308224, 18.610045826488864, 0.0 ], [ 81.294371452924196, 18.610004066172024, 0.0 ], [ 81.294537771485622, 18.609851548198073, 0.0 ], [ 81.294612256759308, 18.609803728917392, 0.0 ] ] ] } },
{ "type": "Feature", "properties": { "OBJECTID": 18, "LAYER": "VILLAGE FOREST", "AREAHA": 42.960728119800002, "Shape_Leng": 4943.5241045900002, "Shape_Area": 433453.96102699998 }, "geometry": { "type": "Polygon", "coordinates": [ [ [ 81.305451361932057, 18.588710518990222, 0.0 ], [ 81.305713956038716, 18.589306815195702, 0.0 ], [ 81.304862005558562, 18.589690803929415, 0.0 ], [ 81.304938301292083, 18.590288506090573, 0.0 ], [ 81.304763119923862, 18.590492050448162, 0.0 ], [ 81.304137030054022, 18.59097132227015, 0.0 ], [ 81.304802394877939, 18.591424594888839, 0.0 ], [ 81.305241106124882, 18.591340189445624, 0.0 ], [ 81.305618721163484, 18.592152620484626, 0.0 ], [ 81.305619916012901, 18.592822183231863, 0.0 ], [ 81.305307634646908, 18.593492254838289, 0.0 ], [ 81.305007486039159, 18.593935131687228, 0.0 ], [ 81.30433050558203, 18.594007964783987, 0.0 ], [ 81.304331163895668, 18.594378616218918, 0.0 ], [ 81.304546007090025, 18.595322833359614, 0.0 ], [ 81.304093959169876, 18.595543055780681, 0.0 ], [ 81.303441609795073, 18.59478657215605, 0.0 ], [ 81.30306452776955, 18.594273049046237, 0.0 ], [ 81.303201610609463, 18.593794567913758, 0.0 ], [ 81.303577549115104, 18.593662440503806, 0.0 ], [ 81.303803399070532, 18.593745772137588, 0.0 ], [ 81.304028252945685, 18.593267149285506, 0.0 ], [ 81.304140679289233, 18.593027837626533, 0.0 ], [ 81.304654331153571, 18.592775920877351, 0.0 ], [ 81.303863974530231, 18.592550023566353, 0.0 ], [ 81.302484395602406, 18.592384851741837, 0.0 ], [ 81.302408233791027, 18.591858886480328, 0.0 ], [ 81.302182322644185, 18.591739684241045, 0.0 ], [ 81.301706266583864, 18.591979576841389, 0.0 ], [ 81.301632169509872, 18.592625347969484, 0.0 ], [ 81.301357974329278, 18.593570350964423, 0.0 ], [ 81.300982463169632, 18.593601823994739, 0.0 ], [ 81.300999470218343, 18.593803773938969, 0.0 ], [ 81.300985192436926, 18.593938213599888, 0.0 ], [ 81.300967347305047, 18.594083362132285, 0.0 ], [ 81.300961398032044, 18.594138089146522, 0.0 ], [ 81.300962588088595, 18.594335583734935, 0.0 ], [ 81.300982813644225, 18.594453367413941, 0.0 ], [ 81.301003038786732, 18.594539028285293, 0.0 ], [ 81.301013746360667, 18.594711538722546, 0.0 ], [ 81.30101374694371, 18.594842409240304, 0.0 ], [ 81.301022074105546, 18.595061319868428, 0.0 ], [ 81.301045868352162, 18.595381356946408, 0.0 ], [ 81.301055387000631, 18.595596698336664, 0.0 ], [ 81.301083940860792, 18.595804901532567, 0.0 ], [ 81.301111304086959, 18.595896510802472, 0.0 ], [ 81.301169601174408, 18.596000017261282, 0.0 ], [ 81.301180307939106, 18.596085678306181, 0.0 ], [ 81.301230277367239, 18.596326002463012, 0.0 ], [ 81.301251691987062, 18.596454494490885, 0.0 ], [ 81.301230277380284, 18.59658298494103, 0.0 ], [ 81.301204103354735, 18.596713855185186, 0.0 ], [ 81.301193395153319, 18.596794757727828, 0.0 ], [ 81.30175170475647, 18.597262263972762, 0.0 ], [ 81.302322775401734, 18.597747674908724, 0.0 ], [ 81.30295095423476, 18.597976102364793, 0.0 ], [ 81.30332214857053, 18.597833335295714, 0.0 ], [ 81.304235862455073, 18.597390755506414, 0.0 ], [ 81.304935424147544, 18.596776853924766, 0.0 ], [ 81.305092468395785, 18.596319997296458, 0.0 ], [ 81.305240440524429, 18.596272434920028, 0.0 ], [ 81.305342091120821, 18.595995799880129, 0.0 ], [ 81.305461955358595, 18.595708649532099, 0.0 ], [ 81.3056422124222, 18.595536183387424, 0.0 ], [ 81.306191465329505, 18.595556813008557, 0.0 ], [ 81.306695719408211, 18.595656428160019, 0.0 ], [ 81.306958771395614, 18.59550534740303, 0.0 ], [ 81.307447078095862, 18.595102813048339, 0.0 ], [ 81.307664678328933, 18.594779631709056, 0.0 ], [ 81.30809243164758, 18.594176324421063, 0.0 ], [ 81.30824237130085, 18.593881949597254, 0.0 ], [ 81.308309385185126, 18.593494449167242, 0.0 ], [ 81.307932144949731, 18.592899631692983, 0.0 ], [ 81.307599545564841, 18.592024957792788, 0.0 ], [ 81.307033996966325, 18.591301315166032, 0.0 ], [ 81.306717158068764, 18.590821179559306, 0.0 ], [ 81.307062689628239, 18.59051931287598, 0.0 ], [ 81.306964488506679, 18.590297081888409, 0.0 ], [ 81.307648615339843, 18.590023357384684, 0.0 ], [ 81.30756555092411, 18.589851318778106, 0.0 ], [ 81.307670592696283, 18.589693321905486, 0.0 ], [ 81.30795885425556, 18.589621111992063, 0.0 ], [ 81.308773483396365, 18.589404562125452, 0.0 ], [ 81.309363023418754, 18.589339167064129, 0.0 ], [ 81.309314596025871, 18.589187281188785, 0.0 ], [ 81.309341246015222, 18.589113042896635, 0.0 ], [ 81.309369798865632, 18.589065453451951, 0.0 ], [ 81.309447846276413, 18.588955045815251, 0.0 ], [ 81.30956967400887, 18.588888421287887, 0.0 ], [ 81.309594420091955, 18.588831314390532, 0.0 ], [ 81.309560156036966, 18.588785628310603, 0.0 ], [ 81.309484012949454, 18.588762785627587, 0.0 ], [ 81.309278427835324, 18.588701871348892, 0.0 ], [ 81.309143273987985, 18.588688546140531, 0.0 ], [ 81.309049999846494, 18.58868854640291, 0.0 ], [ 81.30897766389802, 18.588692354255254, 0.0 ], [ 81.30886725728601, 18.588751364476199, 0.0 ], [ 81.308760656916007, 18.588812278694721, 0.0 ], [ 81.308661671795846, 18.588878903284858, 0.0 ], [ 81.30859695103311, 18.588899842716305, 0.0 ], [ 81.308511289919863, 18.588888421566281, 0.0 ], [ 81.308459893297012, 18.588831314426525, 0.0 ], [ 81.308411757802446, 18.58858421849212, 0.0 ], [ 81.308089382213211, 18.588644051193747, 0.0 ], [ 81.30791757683069, 18.587931723137196, 0.0 ], [ 81.307731593289049, 18.587702462327684, 0.0 ], [ 81.307370413564158, 18.587664790530784, 0.0 ], [ 81.306999374333643, 18.587722786093511, 0.0 ], [ 81.30658828034862, 18.587819107956186, 0.0 ], [ 81.306257500180877, 18.587953558081349, 0.0 ], [ 81.30609728859362, 18.588111644642733, 0.0 ], [ 81.306122707613724, 18.588302908045968, 0.0 ], [ 81.305807066478465, 18.588489942095038, 0.0 ], [ 81.305451361932057, 18.588710518990222, 0.0 ] ] ] } },
{ "type": "Feature", "properties": { "OBJECTID": 19, "LAYER": "VILLAGE FOREST", "AREAHA": 1.1187407169000001, "Shape_Leng": 940.23902024799997, "Shape_Area": 11287.5207864 }, "geometry": { "type": "Polygon", "coordinates": [ [ [ 81.307305140772442, 18.585946931662978, 0.0 ], [ 81.307476461764537, 18.585946931699048, 0.0 ], [ 81.307712028124683, 18.585913619403861, 0.0 ], [ 81.30797139002776, 18.585944551918814, 0.0 ], [ 81.308076086261181, 18.586011177740819, 0.0 ], [ 81.308254546147865, 18.586220569501346, 0.0 ], [ 81.308551978684775, 18.586456136008529, 0.0 ], [ 81.308640767840288, 18.58663178813967, 0.0 ], [ 81.308782189012959, 18.58659859348554, 0.0 ], [ 81.30870226119319, 18.586328385195262, 0.0 ], [ 81.308627791578317, 18.586273254843384, 0.0 ], [ 81.308578871778934, 18.586237087724438, 0.0 ], [ 81.308375100291016, 18.586086442220481, 0.0 ], [ 81.308307483672763, 18.586023522593184, 0.0 ], [ 81.308222551978147, 18.585985263411192, 0.0 ], [ 81.307754974527342, 18.585801228003589, 0.0 ], [ 81.30754705897445, 18.585724906686306, 0.0 ], [ 81.307456706745086, 18.58570113162585, 0.0 ], [ 81.307379357559782, 18.58564988372402, 0.0 ], [ 81.307158111748748, 18.585554091199807, 0.0 ], [ 81.307075627372072, 18.585496517407709, 0.0 ], [ 81.306997315058808, 18.585446670685759, 0.0 ], [ 81.306952461616206, 18.58536682557877, 0.0 ], [ 81.306815115348144, 18.585154212865259, 0.0 ], [ 81.306781021128771, 18.585069501213667, 0.0 ], [ 81.30671502034248, 18.585004980971931, 0.0 ], [ 81.306417491803231, 18.584793871861152, 0.0 ], [ 81.306364364706567, 18.584718969455764, 0.0 ], [ 81.306276550853184, 18.584687461377502, 0.0 ], [ 81.306004242049255, 18.584573365423235, 0.0 ], [ 81.305853532001791, 18.584508473605389, 0.0 ], [ 81.305776368398369, 18.584456959030536, 0.0 ], [ 81.305775232478439, 18.58445835417622, 0.0 ], [ 81.305765870966781, 18.584469838318714, 0.0 ], [ 81.30571828635118, 18.584528224826396, 0.0 ], [ 81.305681150774447, 18.584564419459692, 0.0 ], [ 81.305580614489003, 18.584662412915385, 0.0 ], [ 81.305379841535469, 18.584871860835417, 0.0 ], [ 81.305460820014218, 18.584888309221608, 0.0 ], [ 81.305592881371084, 18.584906155403374, 0.0 ], [ 81.305921246500475, 18.584920432437492, 0.0 ], [ 81.306096136527302, 18.584941847488917, 0.0 ], [ 81.306224627876205, 18.585031077106152, 0.0 ], [ 81.306413795118388, 18.585113168189018, 0.0 ], [ 81.30664579217067, 18.585213105940355, 0.0 ], [ 81.306774282591334, 18.585395135010241, 0.0 ], [ 81.306802835997075, 18.585537902336242, 0.0 ], [ 81.306813544233407, 18.585727068953062, 0.0 ], [ 81.30687422095761, 18.585894821625686, 0.0 ], [ 81.306934896246659, 18.585923374614211, 0.0 ], [ 81.307070526293089, 18.585923374725645, 0.0 ], [ 81.307191878693985, 18.585948358458204, 0.0 ], [ 81.307305140772442, 18.585946931662978, 0.0 ] ] ] } },
{ "type": "Feature", "properties": { "OBJECTID": 20, "LAYER": "VILLAGE FOREST", "AREAHA": 1.1156394893599999, "Shape_Leng": 682.68498925999995, "Shape_Area": 11256.148072800001 }, "geometry": { "type": "Polygon", "coordinates": [ [ [ 81.309183495473221, 18.588564642393351, 0.0 ], [ 81.309363374707374, 18.588580995005355, 0.0 ], [ 81.30973932973211, 18.588685690818615, 0.0 ], [ 81.309920169009075, 18.58871900369174, 0.0 ], [ 81.310009315578498, 18.588541672373008, 0.0 ], [ 81.309873063106181, 18.588479475620804, 0.0 ], [ 81.309595715607571, 18.588293493077021, 0.0 ], [ 81.309337853946133, 18.588208750658726, 0.0 ], [ 81.309179379933212, 18.588086723107772, 0.0 ], [ 81.309031793444717, 18.588055255147321, 0.0 ], [ 81.308943278627183, 18.587992347915655, 0.0 ], [ 81.30889834181589, 18.587910770123997, 0.0 ], [ 81.308828917722892, 18.587847446423531, 0.0 ], [ 81.308724884088306, 18.58769801178671, 0.0 ], [ 81.308685617783439, 18.587506448313228, 0.0 ], [ 81.308739273187612, 18.58730778547487, 0.0 ], [ 81.308734860738042, 18.58724116032554, 0.0 ], [ 81.3086537612797, 18.587156766710397, 0.0 ], [ 81.308601376777773, 18.58709344607151, 0.0 ], [ 81.308629581918893, 18.586972205925882, 0.0 ], [ 81.3086127759899, 18.586708458651351, 0.0 ], [ 81.308542460450766, 18.586882060115197, 0.0 ], [ 81.308492492073356, 18.587015309064316, 0.0 ], [ 81.308478215208368, 18.58744361232549, 0.0 ], [ 81.308449661160182, 18.587900468841958, 0.0 ], [ 81.308516286396809, 18.5884429865275, 0.0 ], [ 81.308563876308156, 18.58868093303316, 0.0 ], [ 81.308701884584309, 18.588719003510356, 0.0 ], [ 81.308863687503944, 18.588609548248449, 0.0 ], [ 81.309101633896233, 18.588557200462891, 0.0 ], [ 81.309183495473221, 18.588564642393351, 0.0 ] ] ] } },
{ "type": "Feature", "properties": { "OBJECTID": 21, "LAYER": "VILLAGE FOREST", "AREAHA": 3.6422842874899999, "Shape_Leng": 835.68697241699999, "Shape_Area": 36750.504315699996 }, "geometry": { "type": "Polygon", "coordinates": [ [ [ 81.291859691877434, 18.602533250166172, 0.0 ], [ 81.29227722641329, 18.602326649517533, 0.0 ], [ 81.292415235685866, 18.601931658819698, 0.0 ], [ 81.292443789248097, 18.601546186478338, 0.0 ], [ 81.292681734334678, 18.601569981260141, 0.0 ], [ 81.292991064590822, 18.601441490086195, 0.0 ], [ 81.293267083058879, 18.601203543777149, 0.0 ], [ 81.29329087733224, 18.60083948636316, 0.0 ], [ 81.293245667335682, 18.600839485932852, 0.0 ], [ 81.293139780768442, 18.600839486634943, 0.0 ], [ 81.292842349367575, 18.600619386325576, 0.0 ], [ 81.292312918435655, 18.60044687538932, 0.0 ], [ 81.291938153574776, 18.600316005675182, 0.0 ], [ 81.291236212979911, 18.600155391204538, 0.0 ], [ 81.290950677485014, 18.600143493706604, 0.0 ], [ 81.290857989196937, 18.600301497727791, 0.0 ], [ 81.290871028344483, 18.600356430092283, 0.0 ], [ 81.290893782396168, 18.600452294434639, 0.0 ], [ 81.290900026631675, 18.600542488630474, 0.0 ], [ 81.290925445118148, 18.600630021494606, 0.0 ], [ 81.29107289266878, 18.600935864339341, 0.0 ], [ 81.29129140439187, 18.60141034742286, 0.0 ], [ 81.291316323885908, 18.601498014574922, 0.0 ], [ 81.291358555519935, 18.601579194555796, 0.0 ], [ 81.291596081173253, 18.602018474968723, 0.0 ], [ 81.291792925339735, 18.602421031949497, 0.0 ], [ 81.291846414223443, 18.602510932512949, 0.0 ], [ 81.291859691877434, 18.602533250166172, 0.0 ] ] ] } },
{ "type": "Feature", "properties": { "OBJECTID": 22, "LAYER": "VILLAGE FOREST", "AREAHA": 45.488306972799997, "Shape_Leng": 4763.4847905099996, "Shape_Area": 458971.86554799997 }, "geometry": { "type": "Polygon", "coordinates": [ [ [ 81.290450838539627, 18.598434746876347, 0.0 ], [ 81.290928901051231, 18.598965887738039, 0.0 ], [ 81.29131029490182, 18.599080080219917, 0.0 ], [ 81.291561116417924, 18.599098823469095, 0.0 ], [ 81.292363476629816, 18.599001927041645, 0.0 ], [ 81.292955009726157, 18.598809704722996, 0.0 ], [ 81.293564000917158, 18.598561256533898, 0.0 ], [ 81.293513310448475, 18.598250466081904, 0.0 ], [ 81.293544034009997, 18.597885743979116, 0.0 ], [ 81.293606218956384, 18.597586734171411, 0.0 ], [ 81.293750215641978, 18.597466944742131, 0.0 ], [ 81.293825205824177, 18.597323349492644, 0.0 ], [ 81.293536238547333, 18.59699499561458, 0.0 ], [ 81.293209214813928, 18.596409635204115, 0.0 ], [ 81.293465899539513, 18.596194018593476, 0.0 ], [ 81.294119088700668, 18.596862565413094, 0.0 ], [ 81.294257513170237, 18.597149305868243, 0.0 ], [ 81.294308132941708, 18.597418248452676, 0.0 ], [ 81.294114225007192, 18.597681594710938, 0.0 ], [ 81.294001914969897, 18.597998617375485, 0.0 ], [ 81.293908567054928, 18.59840528457385, 0.0 ], [ 81.294072236221211, 18.598787637730133, 0.0 ], [ 81.294398609968994, 18.598990388410282, 0.0 ], [ 81.294649902762487, 18.599282930851139, 0.0 ], [ 81.294832043331581, 18.5994679716135, 0.0 ], [ 81.294845190119631, 18.599820668279808, 0.0 ], [ 81.295077406947314, 18.59995780491813, 0.0 ], [ 81.29522435569271, 18.600158865160729, 0.0 ], [ 81.295526547107741, 18.600120794042709, 0.0 ], [ 81.295547961874618, 18.600170763224657, 0.0 ], [ 81.296486493011471, 18.60007389424689, 0.0 ], [ 81.296550739049522, 18.599809774586394, 0.0 ], [ 81.296643537609, 18.599617037397902, 0.0 ], [ 81.296779166918043, 18.599395747920077, 0.0 ], [ 81.296950488035108, 18.599331503073838, 0.0 ], [ 81.297300268824458, 18.599360056453133, 0.0 ], [ 81.297435897940645, 18.599038829835532, 0.0 ], [ 81.297521558643382, 18.598931753629223, 0.0 ], [ 81.297778541057582, 18.598910337576072, 0.0 ], [ 81.298170445131504, 18.598920259903444, 0.0 ], [ 81.298141011631358, 18.598355408572047, 0.0 ], [ 81.29808390426588, 18.598084149407811, 0.0 ], [ 81.297884030284592, 18.59787713675043, 0.0 ], [ 81.297462864922593, 18.597777199240038, 0.0 ], [ 81.297584218025818, 18.597291789000629, 0.0 ], [ 81.297784092265871, 18.597291789172171, 0.0 ], [ 81.297726985618823, 18.59678496341855, 0.0 ], [ 81.297819784837074, 18.596063987605007, 0.0 ], [ 81.297732164775439, 18.595717156575937, 0.0 ], [ 81.297728738385004, 18.595703595105164, 0.0 ], [ 81.297648463962602, 18.59538584110425, 0.0 ], [ 81.297384343445145, 18.595086028462585, 0.0 ], [ 81.296948901464177, 18.594400744207405, 0.0 ], [ 81.296699058450727, 18.594000994587041, 0.0 ], [ 81.296413523222313, 18.593751151510986, 0.0 ], [ 81.296363554218431, 18.593615521780691, 0.0 ], [ 81.296285032270603, 18.593351401503739, 0.0 ], [ 81.295970942702027, 18.593094420067345, 0.0 ], [ 81.295292797102405, 18.592773192594485, 0.0 ], [ 81.294871632361875, 18.59279460842783, 0.0 ], [ 81.294807387055215, 18.593080143753046, 0.0 ], [ 81.294364806953737, 18.59309442074796, 0.0 ], [ 81.294571819828434, 18.592537626025671, 0.0 ], [ 81.294371945932653, 18.592323475205031, 0.0 ], [ 81.294122102157047, 18.591923725144628, 0.0 ], [ 81.294450468294158, 18.591709573422705, 0.0 ], [ 81.294514713508121, 18.591152779795699, 0.0 ], [ 81.294529203739515, 18.590578862297967, 0.0 ], [ 81.294453571737108, 18.590632372297389, 0.0 ], [ 81.294385061646707, 18.590694277069019, 0.0 ], [ 81.294353650938106, 18.590734516072573, 0.0 ], [ 81.294317960001408, 18.590780232515218, 0.0 ], [ 81.293894804043433, 18.591424217205258, 0.0 ], [ 81.293835098616341, 18.591494205715939, 0.0 ], [ 81.293791666295391, 18.591574725092308, 0.0 ], [ 81.29371963147878, 18.591743940885074, 0.0 ], [ 81.293612642659383, 18.591982371984798, 0.0 ], [ 81.293578925761153, 18.59206717708549, 0.0 ], [ 81.29353613087099, 18.592148019977905, 0.0 ], [ 81.293383572780556, 18.592536650349818, 0.0 ], [ 81.293344084062937, 18.592619066354747, 0.0 ], [ 81.293305020320773, 18.592701674397659, 0.0 ], [ 81.293192440913231, 18.592832415870507, 0.0 ], [ 81.293127770765039, 18.592898106716873, 0.0 ], [ 81.293056641256598, 18.592957157506397, 0.0 ], [ 81.292682158555166, 18.593269223494747, 0.0 ], [ 81.292136258491212, 18.593716419879421, 0.0 ], [ 81.292056968767668, 18.593764677894995, 0.0 ], [ 81.292007835210526, 18.593842039929452, 0.0 ], [ 81.291784523170676, 18.594000854705882, 0.0 ], [ 81.29120060736868, 18.594455072005658, 0.0 ], [ 81.291123213769069, 18.594506152572681, 0.0 ], [ 81.291030086096313, 18.594515158597957, 0.0 ], [ 81.290978038231458, 18.594511595954511, 0.0 ], [ 81.290849970538929, 18.594502830881275, 0.0 ], [ 81.290580248177278, 18.594534089516852, 0.0 ], [ 81.290366529857067, 18.594530241537885, 0.0 ], [ 81.290272962279687, 18.594527954120348, 0.0 ], [ 81.290199319557857, 18.594584023818509, 0.0 ], [ 81.28995759002801, 18.594670392892656, 0.0 ], [ 81.289866795515408, 18.594692403494872, 0.0 ], [ 81.289833338048467, 18.594777304351219, 0.0 ], [ 81.289677095689214, 18.594982263694597, 0.0 ], [ 81.289663678356632, 18.594995957557114, 0.0 ], [ 81.289585797410425, 18.595075453910699, 0.0 ], [ 81.289599645268126, 18.595321700551999, 0.0 ], [ 81.289605807650247, 18.595431277274486, 0.0 ], [ 81.289648364341986, 18.595591980067478, 0.0 ], [ 81.289711559566243, 18.595774536545672, 0.0 ], [ 81.289765542463428, 18.595848861187861, 0.0 ], [ 81.28985871957542, 18.59584034450673, 0.0 ], [ 81.289980394189882, 18.595826426982057, 0.0 ], [ 81.290002969921588, 18.595955955521823, 0.0 ], [ 81.290864620265324, 18.595847456339168, 0.0 ], [ 81.290828928442508, 18.595240693645717, 0.0 ], [ 81.291114464119303, 18.595109823452002, 0.0 ], [ 81.291637944843913, 18.59510982362039, 0.0 ], [ 81.291709328753683, 18.595323974282167, 0.0 ], [ 81.292078145256127, 18.595442947404603, 0.0 ], [ 81.292304194083528, 18.595740380521228, 0.0 ], [ 81.29198296650604, 18.595823661621825, 0.0 ], [ 81.292101940240855, 18.596561293953833, 0.0 ], [ 81.292637317686427, 18.597049084276975, 0.0 ], [ 81.292637317823107, 18.59722754319635, 0.0 ], [ 81.29213763183887, 18.597287030066273, 0.0 ], [ 81.291875890973472, 18.596858727321287, 0.0 ], [ 81.291221538916176, 18.597263235763872, 0.0 ], [ 81.291328614386757, 18.597655846462178, 0.0 ], [ 81.290430135114093, 18.598077452678698, 0.0 ], [ 81.290454913094223, 18.598284486464781, 0.0 ], [ 81.290441941251217, 18.598375354801519, 0.0 ], [ 81.290450838539627, 18.598434746876347, 0.0 ] ] ] } },
{ "type": "Feature", "properties": { "OBJECTID": 23, "LAYER": "VILLAGE FOREST", "AREAHA": 27.543250622199999, "Shape_Leng": 6064.4055010599996, "Shape_Area": 277903.40728799999 }, "geometry": { "type": "Polygon", "coordinates": [ [ [ 81.297464207866383, 18.60537597169429, 0.0 ], [ 81.297527482792134, 18.605647640214364, 0.0 ], [ 81.297548136980552, 18.605987172685374, 0.0 ], [ 81.297533263243565, 18.606087630386096, 0.0 ], [ 81.297417946246213, 18.606116508076394, 0.0 ], [ 81.297302437025877, 18.606035386179169, 0.0 ], [ 81.297151618378351, 18.605839537542966, 0.0 ], [ 81.297141170886363, 18.605600423610195, 0.0 ], [ 81.297239434342373, 18.605363967806156, 0.0 ], [ 81.297352083936815, 18.605119076332617, 0.0 ], [ 81.297191448493777, 18.605129987992143, 0.0 ], [ 81.29694874365245, 18.605244202023698, 0.0 ], [ 81.296867841094098, 18.605334621748323, 0.0 ], [ 81.296796457576249, 18.605496424739115, 0.0 ], [ 81.296777421441064, 18.605624915652943, 0.0 ], [ 81.296839287851881, 18.605886656039711, 0.0 ], [ 81.296558511169195, 18.606005628756655, 0.0 ], [ 81.296239664042304, 18.606024664679218, 0.0 ], [ 81.296187315207803, 18.605767683100066, 0.0 ], [ 81.296192075078196, 18.605591603183424, 0.0 ], [ 81.296211110664274, 18.605382210458902, 0.0 ], [ 81.296196834069221, 18.605210889512168, 0.0 ], [ 81.295321192193128, 18.605220406493835, 0.0 ], [ 81.295340227720999, 18.605377452202731, 0.0 ], [ 81.295054692404065, 18.605662986922347, 0.0 ], [ 81.29504517481918, 18.605753406479348, 0.0 ], [ 81.29504041523937, 18.60585810228719, 0.0 ], [ 81.295111798774229, 18.606005629360677, 0.0 ], [ 81.295226014241763, 18.606157915032977, 0.0 ], [ 81.29530691518265, 18.606162672919258, 0.0 ], [ 81.295711423933497, 18.606086531199601, 0.0 ], [ 81.295863708466243, 18.606138878749572, 0.0 ], [ 81.295939851243276, 18.606238816129551, 0.0 ], [ 81.296282494276269, 18.6064386913792, 0.0 ], [ 81.296377671938401, 18.606343512498231, 0.0 ], [ 81.296491886706235, 18.606448209290676, 0.0 ], [ 81.296534717257245, 18.606671878001553, 0.0 ], [ 81.296534717234266, 18.606833681990299, 0.0 ], [ 81.29641822786752, 18.607161442632719, 0.0 ], [ 81.296516048958608, 18.607202717716323, 0.0 ], [ 81.296885323668718, 18.607396801294801, 0.0 ], [ 81.296815493482654, 18.60695265443093, 0.0 ], [ 81.296929707953552, 18.606643324663153, 0.0 ], [ 81.297381805180848, 18.606419655576989, 0.0 ], [ 81.297762518370916, 18.606443449295451, 0.0 ], [ 81.297810107773685, 18.606562422708951, 0.0 ], [ 81.297772037293285, 18.606938377659276, 0.0 ], [ 81.297886250903446, 18.607281020816046, 0.0 ], [ 81.297986187669352, 18.60747613562226, 0.0 ], [ 81.298067089964292, 18.607509448492788, 0.0 ], [ 81.298257446993219, 18.607442824407713, 0.0 ], [ 81.298495392759278, 18.607304814852281, 0.0 ], [ 81.298590570755209, 18.607304815342932, 0.0 ], [ 81.298704785696714, 18.607480895420501, 0.0 ], [ 81.298709543756175, 18.607890162095366, 0.0 ], [ 81.298709543972322, 18.608275634462355, 0.0 ], [ 81.298714303678182, 18.608523098514368, 0.0 ], [ 81.298852312603856, 18.608865740827255, 0.0 ], [ 81.29912357056385, 18.609098928583155, 0.0 ], [ 81.29929965060488, 18.609336874362647, 0.0 ], [ 81.299537596342631, 18.609432053713281, 0.0 ], [ 81.299647052113443, 18.609674758035084, 0.0 ], [ 81.299680363697718, 18.609803248918872, 0.0 ], [ 81.299894515612564, 18.609917463467294, 0.0 ], [ 81.300218122796494, 18.609846079766474, 0.0 ], [ 81.300498899320999, 18.60968427591801, 0.0 ], [ 81.300646425416829, 18.609717588482976, 0.0 ], [ 81.300836782374631, 18.609698552575981, 0.0 ], [ 81.30085581853605, 18.609703311296535, 0.0 ], [ 81.300889130308491, 18.610036436349532, 0.0 ], [ 81.300865335964318, 18.610179203635795, 0.0 ], [ 81.300801008428635, 18.61035533391825, 0.0 ], [ 81.300968853699089, 18.61034634240989, 0.0 ], [ 81.301178245794645, 18.610329210383917, 0.0 ], [ 81.301362892509786, 18.61030256120744, 0.0 ], [ 81.30158305057634, 18.610226535028314, 0.0 ], [ 81.301540270194607, 18.609944886261342, 0.0 ], [ 81.301409400210972, 18.609932988753012, 0.0 ], [ 81.301397503092431, 18.609546326394092, 0.0 ], [ 81.30151647609145, 18.609046639548165, 0.0 ], [ 81.3013737079349, 18.608915769655162, 0.0 ], [ 81.300933507364803, 18.608737309871938, 0.0 ], [ 81.300457615551139, 18.608648079719874, 0.0 ], [ 81.300368386035387, 18.608618337136257, 0.0 ], [ 81.300326744375027, 18.608207880176231, 0.0 ], [ 81.300368385789255, 18.608029419961138, 0.0 ], [ 81.300760996953329, 18.607963984610493, 0.0 ], [ 81.300647973011309, 18.607797423472093, 0.0 ], [ 81.300457615547813, 18.607749833920447, 0.0 ], [ 81.300255361110501, 18.607607066612836, 0.0 ], [ 81.299993620470389, 18.607202557907662, 0.0 ], [ 81.300088799014162, 18.607041943838169, 0.0 ], [ 81.300255360610606, 18.606827793124666, 0.0 ], [ 81.300469512757346, 18.606982456987215, 0.0 ], [ 81.300755047526437, 18.607208506578615, 0.0 ], [ 81.30089781634922, 18.607000303373361, 0.0 ], [ 81.301272580925215, 18.606506565239133, 0.0 ], [ 81.301575488196008, 18.606017400626413, 0.0 ], [ 81.301343522483847, 18.60567561706371, 0.0 ], [ 81.301018687959939, 18.604575493063454, 0.0 ], [ 81.301041891770055, 18.604550571637709, 0.0 ], [ 81.301379512830337, 18.601701134188573, 0.0 ], [ 81.301746417458688, 18.601100645663227, 0.0 ], [ 81.302223386155077, 18.601182822739968, 0.0 ], [ 81.302215373656566, 18.601175345343833, 0.0 ], [ 81.302029776534383, 18.60096833176387, 0.0 ], [ 81.301725204430966, 18.600618550968953, 0.0 ], [ 81.301549124482335, 18.600335395800638, 0.0 ], [ 81.30127072753703, 18.59996419965298, 0.0 ], [ 81.301075612015879, 18.599638213574707, 0.0 ], [ 81.300987572058318, 18.599495444483583, 0.0 ], [ 81.300961398138753, 18.599357436566304, 0.0 ], [ 81.300826630125016, 18.599395747650671, 0.0 ], [ 81.300776661507058, 18.599652730165946, 0.0 ], [ 81.300669585640733, 18.600352292324391, 0.0 ], [ 81.300655308912226, 18.600930500276522, 0.0 ], [ 81.300533956639853, 18.601508709354132, 0.0 ], [ 81.300698139626107, 18.601972704535935, 0.0 ], [ 81.300598202174584, 18.602372454556111, 0.0 ], [ 81.300541094877133, 18.602786480550691, 0.0 ], [ 81.30051364902225, 18.603736075718196, 0.0 ], [ 81.300521952913599, 18.604180845208948, 0.0 ], [ 81.300612668098992, 18.604424612515146, 0.0 ], [ 81.300929642089855, 18.604976497371478, 0.0 ], [ 81.301141232282049, 18.605499853120971, 0.0 ], [ 81.301103991667944, 18.605715129910962, 0.0 ], [ 81.30108179775506, 18.605930382772581, 0.0 ], [ 81.301044897384827, 18.606339353686941, 0.0 ], [ 81.300887675864317, 18.606784386651313, 0.0 ], [ 81.300722084706209, 18.606748781716195, 0.0 ], [ 81.300894203457446, 18.60621763818218, 0.0 ], [ 81.300923630677985, 18.605837374677819, 0.0 ], [ 81.300818446986483, 18.605923629496175, 0.0 ], [ 81.300510493633027, 18.606225425398222, 0.0 ], [ 81.300209773938889, 18.606362209106006, 0.0 ], [ 81.299969359277611, 18.606563461208943, 0.0 ], [ 81.299916653954583, 18.606542023320142, 0.0 ], [ 81.300036635141566, 18.606312267062261, 0.0 ], [ 81.300126834860421, 18.606261906259842, 0.0 ], [ 81.300299709781498, 18.606161196365161, 0.0 ], [ 81.300449999862579, 18.606053347676902, 0.0 ], [ 81.300637708868976, 18.60583065788104, 0.0 ], [ 81.300825403946078, 18.605600792548032, 0.0 ], [ 81.3008553234571, 18.60550031019428, 0.0 ], [ 81.300779643021542, 18.605249344631282, 0.0 ], [ 81.300515625260005, 18.604862375622066, 0.0 ], [ 81.300349117953914, 18.604303076939416, 0.0 ], [ 81.30025121927001, 18.604253015495448, 0.0 ], [ 81.300018180946779, 18.604368169698642, 0.0 ], [ 81.299694866999616, 18.604490640489999, 0.0 ], [ 81.299356455231035, 18.604584439071491, 0.0 ], [ 81.299288551559997, 18.604476939050176, 0.0 ], [ 81.299717175121984, 18.604339953096993, 0.0 ], [ 81.299905234733004, 18.6043181319064, 0.0 ], [ 81.300070470686265, 18.60415286870289, 0.0 ], [ 81.300024900198039, 18.603909029027665, 0.0 ], [ 81.300122333346863, 18.60369365649656, 0.0 ], [ 81.30006143823752, 18.603292014590973, 0.0 ], [ 81.300134206697379, 18.602593743807709, 0.0 ], [ 81.299970024270536, 18.602072641648455, 0.0 ], [ 81.299930045669655, 18.601777800362623, 0.0 ], [ 81.298119834353756, 18.603615064111668, 0.0 ], [ 81.298203116558938, 18.603728088848122, 0.0 ], [ 81.29813768025393, 18.604025521062404, 0.0 ], [ 81.298137680730704, 18.604269415898557, 0.0 ], [ 81.297988964334152, 18.604418132055976, 0.0 ], [ 81.297822401430579, 18.604566848764378, 0.0 ], [ 81.297768864490621, 18.604775051886346, 0.0 ], [ 81.297501174871101, 18.605286635841406, 0.0 ], [ 81.297464207866383, 18.60537597169429, 0.0 ] ] ] } },
{ "type": "Feature", "properties": { "OBJECTID": 24, "LAYER": "VILLAGE FOREST", "AREAHA": 19.224376416199998, "Shape_Leng": 1881.25509059, "Shape_Area": 193970.90306800001 }, "geometry": { "type": "Polygon", "coordinates": [ [ [ 81.29775696653968, 18.603734037286234, 0.0 ], [ 81.297734061861732, 18.603294273147565, 0.0 ], [ 81.297652801672939, 18.602715706419339, 0.0 ], [ 81.297637164039557, 18.602376167036887, 0.0 ], [ 81.297641756606922, 18.602132246236419, 0.0 ], [ 81.297756971295328, 18.602045978139692, 0.0 ], [ 81.297550864379019, 18.601783259873034, 0.0 ], [ 81.297329693199657, 18.601511000718773, 0.0 ], [ 81.297214096523049, 18.601377270575298, 0.0 ], [ 81.296847401834313, 18.601066979287516, 0.0 ], [ 81.296556053061622, 18.60081874301369, 0.0 ], [ 81.296259905165982, 18.600694861260482, 0.0 ], [ 81.296034093914557, 18.600637824735603, 0.0 ], [ 81.295803292149543, 18.600595144306606, 0.0 ], [ 81.295469440744981, 18.600606204101375, 0.0 ], [ 81.295402815494697, 18.600708520711269, 0.0 ], [ 81.295321913683196, 18.600763248182783, 0.0 ], [ 81.295152971967951, 18.600794181386398, 0.0 ], [ 81.294984030541642, 18.600801319830023, 0.0 ], [ 81.294930370548926, 18.600851065737807, 0.0 ], [ 81.2950695244092, 18.600901828190594, 0.0 ], [ 81.29510521574781, 18.600955365781324, 0.0 ], [ 81.29494817180975, 18.601187364173665, 0.0 ], [ 81.29488035658045, 18.60123733166381, 0.0 ], [ 81.294658316922067, 18.601165421159621, 0.0 ], [ 81.294609098626225, 18.601309429693739, 0.0 ], [ 81.294400896195583, 18.601630657082403, 0.0 ], [ 81.294275973940657, 18.601761527930773, 0.0 ], [ 81.294133206719565, 18.601862655024085, 0.0 ], [ 81.29391310633514, 18.60188644881574, 0.0 ], [ 81.293639468283899, 18.601957832687585, 0.0 ], [ 81.293521006191568, 18.60200742139169, 0.0 ], [ 81.29378326635144, 18.602475302334337, 0.0 ], [ 81.293704744966931, 18.60253240928645, 0.0 ], [ 81.293640499373168, 18.602546686549164, 0.0 ], [ 81.293383517319, 18.602718006845159, 0.0 ], [ 81.293276442179845, 18.602982127377565, 0.0 ], [ 81.293240749963772, 18.603189140218714, 0.0 ], [ 81.293262165444972, 18.603403292144339, 0.0 ], [ 81.293176504553756, 18.603603166788723, 0.0 ], [ 81.293083706019232, 18.603496090706738, 0.0 ], [ 81.292883830245444, 18.603488953064094, 0.0 ], [ 81.292790213758764, 18.603774003513831, 0.0 ], [ 81.292999877430631, 18.604139721634446, 0.0 ], [ 81.293151191643219, 18.604548711833253, 0.0 ], [ 81.293210979587968, 18.604658757143472, 0.0 ], [ 81.293370033147212, 18.604549398942314, 0.0 ], [ 81.293598461798723, 18.604549399591608, 0.0 ], [ 81.293841167142403, 18.604582711692327, 0.0 ], [ 81.293931586248377, 18.604692166614871, 0.0 ], [ 81.293974416220593, 18.604996738503573, 0.0 ], [ 81.294031524411153, 18.605248960141445, 0.0 ], [ 81.29420284500948, 18.605310826569916, 0.0 ], [ 81.294521692628663, 18.605239442582722, 0.0 ], [ 81.295092764402696, 18.605158541094688, 0.0 ], [ 81.295321192193128, 18.605220406493835, 0.0 ], [ 81.296196834069221, 18.605210889512168, 0.0 ], [ 81.296344360098331, 18.605011014704232, 0.0 ], [ 81.296430021008064, 18.604849211835866, 0.0 ], [ 81.296596583374097, 18.604720720194017, 0.0 ], [ 81.296805975283021, 18.604649336111532, 0.0 ], [ 81.2970915112315, 18.604611265054196, 0.0 ], [ 81.297291384973647, 18.604639819234212, 0.0 ], [ 81.297448430496345, 18.604535122066757, 0.0 ], [ 81.297529331339703, 18.60444470277293, 0.0 ], [ 81.297624510211492, 18.604458979139977, 0.0 ], [ 81.297669362059409, 18.604486350826356, 0.0 ], [ 81.297703428438581, 18.604400286382536, 0.0 ], [ 81.297864042640427, 18.604245621345257, 0.0 ], [ 81.29775696653968, 18.603734037286234, 0.0 ] ] ] } },
{ "type": "Feature", "properties": { "OBJECTID": 25, "LAYER": "VILLAGE FOREST", "AREAHA": 2.9345348012199999, "Shape_Leng": 1104.28120545, "Shape_Area": 29608.331178199998 }, "geometry": { "type": "Polygon", "coordinates": [ [ [ 81.302228593991586, 18.600027475361841, 0.0 ], [ 81.302231503277056, 18.599928544810535, 0.0 ], [ 81.302321923146891, 18.599582333921251, 0.0 ], [ 81.302318353154547, 18.599425289632912, 0.0 ], [ 81.302346907394153, 18.599318213278519, 0.0 ], [ 81.302174682256407, 18.599272912580371, 0.0 ], [ 81.302148588099101, 18.599384747425042, 0.0 ], [ 81.30198916283436, 18.599425198208181, 0.0 ], [ 81.301860672796778, 18.599384746999849, 0.0 ], [ 81.301796427166295, 18.599156318872467, 0.0 ], [ 81.301941574099118, 18.599099211902509, 0.0 ], [ 81.301597377329841, 18.599100492904519, 0.0 ], [ 81.301222612215426, 18.599228983866059, 0.0 ], [ 81.30101374689356, 18.599319365035889, 0.0 ], [ 81.301016125209642, 18.599370523303026, 0.0 ], [ 81.301045868179614, 18.599451424720119, 0.0 ], [ 81.301082750530355, 18.599515670773187, 0.0 ], [ 81.301196964405293, 18.599731012062549, 0.0 ], [ 81.301319507315412, 18.599915420465042, 0.0 ], [ 81.301449187881232, 18.600103397025826, 0.0 ], [ 81.301540796713539, 18.600239026645902, 0.0 ], [ 81.30165382157324, 18.600405588984707, 0.0 ], [ 81.301768034708047, 18.60058285957232, 0.0 ], [ 81.301919130617534, 18.600775595525352, 0.0 ], [ 81.302021448155912, 18.60087910225074, 0.0 ], [ 81.302102349472207, 18.600995695597092, 0.0 ], [ 81.302274860960424, 18.601167016757156, 0.0 ], [ 81.302304272046925, 18.601196758926946, 0.0 ], [ 81.302760725622662, 18.601275400826115, 0.0 ], [ 81.303691839580608, 18.601074032127613, 0.0 ], [ 81.303688586823142, 18.600974223926645, 0.0 ], [ 81.303793283495025, 18.600307974540467, 0.0 ], [ 81.303832376640216, 18.600278079181457, 0.0 ], [ 81.303624677846017, 18.600286059223976, 0.0 ], [ 81.303556268447565, 18.600280110963112, 0.0 ], [ 81.303529499723382, 18.600113548445194, 0.0 ], [ 81.303472987410586, 18.600060010361286, 0.0 ], [ 81.303380782564133, 18.600003497987888, 0.0 ], [ 81.303348065783752, 18.60004811371644, 0.0 ], [ 81.303315348730436, 18.600190880590972, 0.0 ], [ 81.303270733037451, 18.600303904732275, 0.0 ], [ 81.303255861747843, 18.600378263523648, 0.0 ], [ 81.303243964990457, 18.600550774592822, 0.0 ], [ 81.302998879789612, 18.600523410774823, 0.0 ], [ 81.302826369324706, 18.600570999954773, 0.0 ], [ 81.30274308802538, 18.600565051122167, 0.0 ], [ 81.302683601778767, 18.600493667361359, 0.0 ], [ 81.302522988018552, 18.600547204960819, 0.0 ], [ 81.302457552210896, 18.600630486268152, 0.0 ], [ 81.302332630125079, 18.60068402376146, 0.0 ], [ 81.302249349115712, 18.600672126896391, 0.0 ], [ 81.302279093183884, 18.600511513216304, 0.0 ], [ 81.302279092928558, 18.600321156273367, 0.0 ], [ 81.302225555029153, 18.600130799593419, 0.0 ], [ 81.302226426749783, 18.600101175219983, 0.0 ], [ 81.302228593991586, 18.600027475361841, 0.0 ] ] ] } },
{ "type": "Feature", "properties": { "OBJECTID": 26, "LAYER": "SCRUB LAND", "AREAHA": 13.160017245900001, "Shape_Leng": 2010.69342613, "Shape_Area": 132776.32148300001 }, "geometry": { "type": "Polygon", "coordinates": [ [ [ 81.309009859210306, 18.611241914677912, 0.0 ], [ 81.309311908406883, 18.611458063908042, 0.0 ], [ 81.309593114140469, 18.611624992267206, 0.0 ], [ 81.310105079952081, 18.611801105609327, 0.0 ], [ 81.310015136145282, 18.611992558081464, 0.0 ], [ 81.309573516363244, 18.611883284774336, 0.0 ], [ 81.309352581219969, 18.611759300487623, 0.0 ], [ 81.309096448302924, 18.611587547934583, 0.0 ], [ 81.308855147667771, 18.611439052456884, 0.0 ], [ 81.308620685656592, 18.61156787767008, 0.0 ], [ 81.308306596072867, 18.611428679079815, 0.0 ], [ 81.308103152581438, 18.611146712429239, 0.0 ], [ 81.308021061977016, 18.611043206255619, 0.0 ], [ 81.308010353559624, 18.611082466634031, 0.0 ], [ 81.307796202465099, 18.611118158981693, 0.0 ], [ 81.307467836641862, 18.611160989553806, 0.0 ], [ 81.30742143699473, 18.611318034260268, 0.0 ], [ 81.307350053594547, 18.61155716969089, 0.0 ], [ 81.306961011476744, 18.611660676219884, 0.0 ], [ 81.306950304078484, 18.611924796157741, 0.0 ], [ 81.306971719127404, 18.612235315532391, 0.0 ], [ 81.307018119201345, 18.612827801869472, 0.0 ], [ 81.307043102565657, 18.613038383782776, 0.0 ], [ 81.307169103066045, 18.612837501999461, 0.0 ], [ 81.307578947652004, 18.612848993465054, 0.0 ], [ 81.307635476197575, 18.612850577719801, 0.0 ], [ 81.307642586948873, 18.612850777218423, 0.0 ], [ 81.307932910159508, 18.612858917696123, 0.0 ], [ 81.308039985857135, 18.613094484063961, 0.0 ], [ 81.308039985895107, 18.613380019955823, 0.0 ], [ 81.308161339261559, 18.613772629907082, 0.0 ], [ 81.308068539293274, 18.61415810288122, 0.0 ], [ 81.308032372904236, 18.614309345497702, 0.0 ], [ 81.308622517204938, 18.614501573605679, 0.0 ], [ 81.30898419642034, 18.614768074095085, 0.0 ], [ 81.309501453723968, 18.615086000480392, 0.0 ], [ 81.309564815134877, 18.614965986689064, 0.0 ], [ 81.309766117911579, 18.614530545548945, 0.0 ], [ 81.309804664190153, 18.614470582924667, 0.0 ], [ 81.30990888535834, 18.614255004479855, 0.0 ], [ 81.310045941723288, 18.614050846354118, 0.0 ], [ 81.310245817186527, 18.613781015561838, 0.0 ], [ 81.310380018520902, 18.613592561520331, 0.0 ], [ 81.31044997506153, 18.613504045720539, 0.0 ], [ 81.310531351665432, 18.613402680431843, 0.0 ], [ 81.310639856085743, 18.61330845455964, 0.0 ], [ 81.310768346803869, 18.613179963784251, 0.0 ], [ 81.310792617902308, 18.613102869459944, 0.0 ], [ 81.310809749145733, 18.61297152359975, 0.0 ], [ 81.310868284027976, 18.612803056684548, 0.0 ], [ 81.311035321714158, 18.612401879552191, 0.0 ], [ 81.311116700351576, 18.612182017115149, 0.0 ], [ 81.311173806754368, 18.612050671259283, 0.0 ], [ 81.311313957289414, 18.611786312544915, 0.0 ], [ 81.311431977677046, 18.61156169187635, 0.0 ], [ 81.311513831932672, 18.6113713353325, 0.0 ], [ 81.311584315429513, 18.611131182950768, 0.0 ], [ 81.311413735944129, 18.611102058819039, 0.0 ], [ 81.31117007906802, 18.611083023815411, 0.0 ], [ 81.310876928932515, 18.611043049259052, 0.0 ], [ 81.310709414955141, 18.611003073250352, 0.0 ], [ 81.310334411828819, 18.610843174011915, 0.0 ], [ 81.310088851920824, 18.610747996359564, 0.0 ], [ 81.309810930833891, 18.610647106505972, 0.0 ], [ 81.309574888991349, 18.61058428876315, 0.0 ], [ 81.309405470582263, 18.610506242379536, 0.0 ], [ 81.309342188679423, 18.610480460940682, 0.0 ], [ 81.309009859210306, 18.611241914677912, 0.0 ] ] ] } },
{ "type": "Feature", "properties": { "OBJECTID": 27, "LAYER": "VILLAGE FOREST", "AREAHA": 8.4311202970900005, "Shape_Leng": 1764.4602175800001, "Shape_Area": 85064.519697900003 }, "geometry": { "type": "Polygon", "coordinates": [ [ [ 81.31089889028469, 18.608475200620404, 0.0 ], [ 81.310914742621733, 18.608473346801926, 0.0 ], [ 81.311114408292354, 18.608450009555863, 0.0 ], [ 81.31121972399319, 18.608242045000612, 0.0 ], [ 81.310925955958083, 18.608147343599605, 0.0 ], [ 81.310611867135279, 18.60784753114849, 0.0 ], [ 81.310498448072067, 18.607547783146376, 0.0 ], [ 81.309943713583806, 18.6077040487917, 0.0 ], [ 81.309772392278362, 18.607889647004288, 0.0 ], [ 81.309351227023754, 18.608196596745117, 0.0 ], [ 81.309058554214602, 18.608446440277699, 0.0 ], [ 81.308658804543811, 18.60873911393865, 0.0 ], [ 81.308301885379635, 18.608931850134024, 0.0 ], [ 81.308087733600374, 18.609024649915778, 0.0 ], [ 81.308023488392422, 18.609160279172258, 0.0 ], [ 81.308030627273595, 18.609324461923055, 0.0 ], [ 81.308025383052623, 18.609442147342627, 0.0 ], [ 81.308322339562025, 18.609636311957392, 0.0 ], [ 81.308413710846011, 18.609729586369522, 0.0 ], [ 81.308802039038582, 18.610055096816488, 0.0 ], [ 81.309188463836136, 18.61033111435567, 0.0 ], [ 81.309443541581459, 18.61048149603014, 0.0 ], [ 81.309630091690238, 18.610557638386052, 0.0 ], [ 81.310119308370346, 18.61070421391728, 0.0 ], [ 81.310469566088656, 18.610858402055268, 0.0 ], [ 81.311001646423591, 18.610177451611786, 0.0 ], [ 81.310948511703643, 18.610029199128398, 0.0 ], [ 81.310934234319035, 18.60982932639369, 0.0 ], [ 81.31115076624387, 18.609705593780259, 0.0 ], [ 81.311338742643656, 18.609681798779174, 0.0 ], [ 81.311426782828491, 18.610045856962323, 0.0 ], [ 81.311552894265006, 18.610117239750672, 0.0 ], [ 81.311555274526839, 18.610307597468644, 0.0 ], [ 81.311317328097886, 18.610305217601148, 0.0 ], [ 81.31129353293673, 18.610507471617545, 0.0 ], [ 81.311141247581915, 18.61056695886689, 0.0 ], [ 81.310859681047717, 18.610998688336434, 0.0 ], [ 81.311097743088638, 18.611041145792154, 0.0 ], [ 81.311299521314169, 18.611056373651778, 0.0 ], [ 81.311415638609034, 18.611075409972063, 0.0 ], [ 81.311560309944284, 18.611090637689877, 0.0 ], [ 81.311628838334073, 18.611079216656595, 0.0 ], [ 81.311777317621463, 18.610618552976682, 0.0 ], [ 81.311917229294366, 18.610204526456446, 0.0 ], [ 81.31200431858116, 18.609990376269074, 0.0 ], [ 81.312022387767925, 18.609945652588639, 0.0 ], [ 81.312074683912584, 18.609854086008632, 0.0 ], [ 81.312116866558767, 18.609663199900524, 0.0 ], [ 81.312154937551128, 18.609443099667388, 0.0 ], [ 81.312167444689806, 18.609378484008239, 0.0 ], [ 81.311749725035682, 18.609585013031413, 0.0 ], [ 81.311556988207457, 18.609492213632329, 0.0 ], [ 81.311307144602338, 18.60926378598846, 0.0 ], [ 81.31082887293158, 18.609170986112062, 0.0 ], [ 81.310793181822106, 18.608935419803906, 0.0 ], [ 81.310564752987275, 18.608514255884636, 0.0 ], [ 81.31089889028469, 18.608475200620404, 0.0 ] ] ] } },
{ "type": "Feature", "properties": { "OBJECTID": 28, "LAYER": "VILLAGE FOREST", "AREAHA": 0.30028994246500001, "Shape_Leng": 240.91938886400001, "Shape_Area": 3029.7199992300002 }, "geometry": { "type": "Polygon", "coordinates": [ [ [ 81.310832697897652, 18.610393670236501, 0.0 ], [ 81.310469566088656, 18.610858402055268, 0.0 ], [ 81.310798883175522, 18.610987845553584, 0.0 ], [ 81.310859681047717, 18.610998688336434, 0.0 ], [ 81.311141247581915, 18.61056695886689, 0.0 ], [ 81.311001646423591, 18.610177451611786, 0.0 ], [ 81.310859647137647, 18.610359181593054, 0.0 ], [ 81.310832697897652, 18.610393670236501, 0.0 ] ] ] } },
{ "type": "Feature", "properties": { "OBJECTID": 29, "LAYER": "VILLAGE FOREST", "AREAHA": 20.563977385400001, "Shape_Leng": 3431.06181087, "Shape_Area": 207471.95027299999 }, "geometry": { "type": "Polygon", "coordinates": [ [ [ 81.320106182820595, 18.608971419095464, 0.0 ], [ 81.319791934512637, 18.60883423987341, 0.0 ], [ 81.319571914038292, 18.608529722457181, 0.0 ], [ 81.319458628802309, 18.60830274197194, 0.0 ], [ 81.319608741310986, 18.60810520498989, 0.0 ], [ 81.319389212154817, 18.60806372947021, 0.0 ], [ 81.319094410208876, 18.608004447074038, 0.0 ], [ 81.318912389753805, 18.60790312520755, 0.0 ], [ 81.318717952811014, 18.607867584898468, 0.0 ], [ 81.318567516603053, 18.607891752919425, 0.0 ], [ 81.318342106646284, 18.608059524930301, 0.0 ], [ 81.318247978573027, 18.60801783616186, 0.0 ], [ 81.31827289195607, 18.607928119832092, 0.0 ], [ 81.318347810058043, 18.607754624896174, 0.0 ], [ 81.318363717584376, 18.607550122485893, 0.0 ], [ 81.318242976367188, 18.607511312921488, 0.0 ], [ 81.317966958692892, 18.607554142954324, 0.0 ], [ 81.317862261492238, 18.607701669663122, 0.0 ], [ 81.317852743931439, 18.607815883193918, 0.0 ], [ 81.317966957978626, 18.6080300357524, 0.0 ], [ 81.317881297519335, 18.608068106771707, 0.0 ], [ 81.317633833989888, 18.60813949031802, 0.0 ], [ 81.317276914303449, 18.608287016289147, 0.0 ], [ 81.317072281361803, 18.60831081229901, 0.0 ], [ 81.317034210220385, 18.608220391985011, 0.0 ], [ 81.316943790850885, 18.608110936279321, 0.0 ], [ 81.316816967846066, 18.608184143879804, 0.0 ], [ 81.316847136720455, 18.608220113873337, 0.0 ], [ 81.316951237480467, 18.608333138343234, 0.0 ], [ 81.316960161215817, 18.608416420313503, 0.0 ], [ 81.316870931217039, 18.608562161138899, 0.0 ], [ 81.316743034658842, 18.608597853423742, 0.0 ], [ 81.316659753873068, 18.608547290003646, 0.0 ], [ 81.31624422897147, 18.608743873167128, 0.0 ], [ 81.316262074316086, 18.609172176309812, 0.0 ], [ 81.316053871761696, 18.609267354930502, 0.0 ], [ 81.315649364032112, 18.609404173052646, 0.0 ], [ 81.314560759750634, 18.609814631626048, 0.0 ], [ 81.313745795202692, 18.609993089737614, 0.0 ], [ 81.313302947964445, 18.610127352986478, 0.0 ], [ 81.313512341235523, 18.610264410139532, 0.0 ], [ 81.313786454779319, 18.610471898746965, 0.0 ], [ 81.313913994837037, 18.610515680653236, 0.0 ], [ 81.314146229346747, 18.610532813844266, 0.0 ], [ 81.31442605383765, 18.610588016725444, 0.0 ], [ 81.314608796684809, 18.61062418456978, 0.0 ], [ 81.314726817768772, 18.610667966599852, 0.0 ], [ 81.314802960846905, 18.610742205457129, 0.0 ], [ 81.31491907821848, 18.610852612629838, 0.0 ], [ 81.314875296311072, 18.610896394887131, 0.0 ], [ 81.315425349205995, 18.611619510747946, 0.0 ], [ 81.315577634536083, 18.611771797129713, 0.0 ], [ 81.316077322090592, 18.611914564688966, 0.0 ], [ 81.316543695478572, 18.611843180702738, 0.0 ], [ 81.316605561693223, 18.611395842134854, 0.0 ], [ 81.316724534901198, 18.611357770937257, 0.0 ], [ 81.317171874074532, 18.61135777067442, 0.0 ], [ 81.317362230402736, 18.61120072690537, 0.0 ], [ 81.317685836990208, 18.611362529682445, 0.0 ], [ 81.31786667554384, 18.611771797048149, 0.0 ], [ 81.318071309845877, 18.611995466827864, 0.0 ], [ 81.317866675537559, 18.612433286747933, 0.0 ], [ 81.318133175420442, 18.612542742867856, 0.0 ], [ 81.318723281778972, 18.612590330921751, 0.0 ], [ 81.319032611370346, 18.61241425139027, 0.0 ], [ 81.319246763740864, 18.612043056099196, 0.0 ], [ 81.319303944148373, 18.611980059951641, 0.0 ], [ 81.319527539893457, 18.611733725640498, 0.0 ], [ 81.319714336417221, 18.611819564173846, 0.0 ], [ 81.319918137503478, 18.611467179188796, 0.0 ], [ 81.319891299886677, 18.611469030735567, 0.0 ], [ 81.319995996225359, 18.611031209924558, 0.0 ], [ 81.320019791580066, 18.610845611506846, 0.0 ], [ 81.320077075960214, 18.610620563946178, 0.0 ], [ 81.3198277690922, 18.610563085229586, 0.0 ], [ 81.319672212775387, 18.6105322626067, 0.0 ], [ 81.319456457485259, 18.610499150538367, 0.0 ], [ 81.319305961402506, 18.610492232093581, 0.0 ], [ 81.319193126230431, 18.610506771246111, 0.0 ], [ 81.319120437804983, 18.610530807865377, 0.0 ], [ 81.319112304066422, 18.610540147515831, 0.0 ], [ 81.318992629862052, 18.610586023359524, 0.0 ], [ 81.318922430765795, 18.61060049086802, 0.0 ], [ 81.318862229207312, 18.610595810199765, 0.0 ], [ 81.318829534919971, 18.610548039039667, 0.0 ], [ 81.318859538746565, 18.610497771724532, 0.0 ], [ 81.319035017257363, 18.610452039452774, 0.0 ], [ 81.319270625703297, 18.610372727447441, 0.0 ], [ 81.319403463552263, 18.610324675995329, 0.0 ], [ 81.319541365826694, 18.610302920082173, 0.0 ], [ 81.319724474944607, 18.610314565920234, 0.0 ], [ 81.320161730800066, 18.610408136165105, 0.0 ], [ 81.320229183305557, 18.610250746686773, 0.0 ], [ 81.320295808551734, 18.610165085735701, 0.0 ], [ 81.32035767451282, 18.610136532192236, 0.0 ], [ 81.320471888741466, 18.610165084901201, 0.0 ], [ 81.320733629352958, 18.610127014401559, 0.0 ], [ 81.3208050130538, 18.610103220251464, 0.0 ], [ 81.320819289376772, 18.609955693173873, 0.0 ], [ 81.320819289422374, 18.609770094564844, 0.0 ], [ 81.320605138234285, 18.609789131007549, 0.0 ], [ 81.320533754776164, 18.609665398208772, 0.0 ], [ 81.320438576110206, 18.609446488261089, 0.0 ], [ 81.320281532037299, 18.609298961402335, 0.0 ], [ 81.320129245744795, 18.609122882058806, 0.0 ], [ 81.32011972803204, 18.60900866817455, 0.0 ], [ 81.320106182820595, 18.608971419095464, 0.0 ] ], [ [ 81.317608349723869, 18.610000105308259, 0.0 ], [ 81.317560887629142, 18.610103010589455, 0.0 ], [ 81.317509500549377, 18.610060143234989, 0.0 ], [ 81.317613179345457, 18.609899662349932, 0.0 ], [ 81.317645690326174, 18.609849390176525, 0.0 ], [ 81.317615266383257, 18.609672485893292, 0.0 ], [ 81.31773774655673, 18.609449888935369, 0.0 ], [ 81.317845338957952, 18.609313402647579, 0.0 ], [ 81.318023133932158, 18.609164842861961, 0.0 ], [ 81.318090703731926, 18.609085815684331, 0.0 ], [ 81.318049953290128, 18.608751103034013, 0.0 ], [ 81.318265554059224, 18.608702912726223, 0.0 ], [ 81.318316381640855, 18.609061521500031, 0.0 ], [ 81.318316599298811, 18.609178694552504, 0.0 ], [ 81.318153667225502, 18.609226795779186, 0.0 ], [ 81.318051024072844, 18.60932740331306, 0.0 ], [ 81.317865949648052, 18.609607497614952, 0.0 ], [ 81.317781182615221, 18.609880248684437, 0.0 ], [ 81.317726138809931, 18.60995208019953, 0.0 ], [ 81.317608349723869, 18.610000105308259, 0.0 ] ], [ [ 81.318763111948414, 18.61056967334957, 0.0 ], [ 81.318755721151419, 18.610641424540482, 0.0 ], [ 81.318705600779325, 18.61066303108738, 0.0 ], [ 81.318537552537265, 18.610658533461411, 0.0 ], [ 81.31834190718638, 18.610649298526457, 0.0 ], [ 81.318164044502367, 18.610761990368317, 0.0 ], [ 81.317915769798077, 18.610774366375789, 0.0 ], [ 81.317787832296176, 18.610760234476583, 0.0 ], [ 81.317664871250955, 18.610724572502424, 0.0 ], [ 81.31762192213894, 18.610675786713436, 0.0 ], [ 81.31763462385635, 18.610643319454699, 0.0 ], [ 81.317694798962194, 18.610633652466984, 0.0 ], [ 81.317832768135744, 18.610647767647119, 0.0 ], [ 81.317958046411334, 18.610580599490763, 0.0 ], [ 81.318035778079974, 18.610570903073508, 0.0 ], [ 81.318080927446388, 18.610573217963129, 0.0 ], [ 81.318136047064456, 18.610542038467798, 0.0 ], [ 81.318193616539546, 18.61047976741725, 0.0 ], [ 81.318236213036414, 18.610458173596072, 0.0 ], [ 81.318401686098809, 18.610426806797875, 0.0 ], [ 81.318627374724571, 18.610407295091488, 0.0 ], [ 81.318685135250675, 18.610447848871246, 0.0 ], [ 81.318763111948414, 18.61056967334957, 0.0 ] ] ] } },
{ "type": "Feature", "properties": { "OBJECTID": 30, "LAYER": "VILLAGE FOREST", "AREAHA": 41.298714249600003, "Shape_Leng": 7360.3133908999998, "Shape_Area": 416677.03788199998 }, "geometry": { "type": "Polygon", "coordinates": [ [ [ 81.306731679434861, 18.596773439591122, 0.0 ], [ 81.306225777952008, 18.596942314363318, 0.0 ], [ 81.305526803330864, 18.597345187222167, 0.0 ], [ 81.304993179578759, 18.597654530283499, 0.0 ], [ 81.304474702460823, 18.598021237983321, 0.0 ], [ 81.303685601405405, 18.598517510954924, 0.0 ], [ 81.303234446078278, 18.598770937648052, 0.0 ], [ 81.303291553431279, 18.598927981461706, 0.0 ], [ 81.303220169675583, 18.599110010871346, 0.0 ], [ 81.303138078687383, 18.599263485958208, 0.0 ], [ 81.302848973221899, 18.599206378272623, 0.0 ], [ 81.302802574937189, 18.599281331521276, 0.0 ], [ 81.302713344867598, 18.599458601508232, 0.0 ], [ 81.302606268705404, 18.599637061039232, 0.0 ], [ 81.302564628276045, 18.599821469744359, 0.0 ], [ 81.302618165792026, 18.599988031528252, 0.0 ], [ 81.302796625299607, 18.600178387870876, 0.0 ], [ 81.302850706566431, 18.600270644136192, 0.0 ], [ 81.302928685443732, 18.600167086534597, 0.0 ], [ 81.302904890996004, 18.599944011500096, 0.0 ], [ 81.302940582797859, 18.599789346672583, 0.0 ], [ 81.303071453094319, 18.599688220160292, 0.0 ], [ 81.303229092315334, 18.599625758549553, 0.0 ], [ 81.303300476055369, 18.599661450678493, 0.0 ], [ 81.303419449172935, 18.599655501601841, 0.0 ], [ 81.303603857922553, 18.599738783459657, 0.0 ], [ 81.303702010819492, 18.599842884087387, 0.0 ], [ 81.303820984381474, 18.59987857675593, 0.0 ], [ 81.304032160621773, 18.59996185743362, 0.0 ], [ 81.304124365030475, 18.599935088254377, 0.0 ], [ 81.304162364717939, 18.600025734753448, 0.0 ], [ 81.304197790611994, 18.599998644786979, 0.0 ], [ 81.304916387814117, 18.59982256411304, 0.0 ], [ 81.305254271260907, 18.599560824135004, 0.0 ], [ 81.305144816214295, 18.599294324259894, 0.0 ], [ 81.305378003889658, 18.599184868632115, 0.0 ], [ 81.306110876973975, 18.599261011348581, 0.0 ], [ 81.306515386204339, 18.599061136244817, 0.0 ], [ 81.306767609227322, 18.599061136386982, 0.0 ], [ 81.307057902621764, 18.599151555892682, 0.0 ], [ 81.307238741935763, 18.599294324444109, 0.0 ], [ 81.3073672333785, 18.599841599131402, 0.0 ], [ 81.307429098735469, 18.599993885131962, 0.0 ], [ 81.307648009738671, 18.59993677808195, 0.0 ], [ 81.307828849122046, 18.599970091235207, 0.0 ], [ 81.307952580245058, 18.600122375691846, 0.0 ], [ 81.308095348213897, 18.600193760469068, 0.0 ], [ 81.30833805245851, 18.599984367950402, 0.0 ], [ 81.308533168446189, 18.599741662324398, 0.0 ], [ 81.308585517507083, 18.59966076133723, 0.0 ], [ 81.308655538474639, 18.599643785232935, 0.0 ], [ 81.308742561801054, 18.599622689129703, 0.0 ], [ 81.308913882698732, 18.599389501829254, 0.0 ], [ 81.309261284002076, 18.599365707607671, 0.0 ], [ 81.309327908822681, 18.599484681157847, 0.0 ], [ 81.309237489286161, 18.599846358645724, 0.0 ], [ 81.309151828472153, 18.600079545337092, 0.0 ], [ 81.309223212692586, 18.600203277842049, 0.0 ], [ 81.309242248019515, 18.600393634704563, 0.0 ], [ 81.309245667005342, 18.600451741520573, 0.0 ], [ 81.309430226036241, 18.600435592669971, 0.0 ], [ 81.309822836922038, 18.600405849147311, 0.0 ], [ 81.310489085275108, 18.600304722011757, 0.0 ], [ 81.310483137349266, 18.600661641329847, 0.0 ], [ 81.310263037627294, 18.60076276889103, 0.0 ], [ 81.309888271955586, 18.600762769076454, 0.0 ], [ 81.309763350357642, 18.600923381934415, 0.0 ], [ 81.309810938719252, 18.601143482091224, 0.0 ], [ 81.309947758280146, 18.601304095405986, 0.0 ], [ 81.310167858191534, 18.601434966191757, 0.0 ], [ 81.310637802406191, 18.601887063879772, 0.0 ], [ 81.311095848691579, 18.602029831895393, 0.0 ], [ 81.311072053672532, 18.602398648432107, 0.0 ], [ 81.311131540921451, 18.602565210158371, 0.0 ], [ 81.311226718115279, 18.602731772164823, 0.0 ], [ 81.31140732004495, 18.602847357433049, 0.0 ], [ 81.311524151013089, 18.602922128951075, 0.0 ], [ 81.311637176052045, 18.603076793959247, 0.0 ], [ 81.31184537857358, 18.603189818637343, 0.0 ], [ 81.311922711169174, 18.603344484223932, 0.0 ], [ 81.312053581607628, 18.603540788517332, 0.0 ], [ 81.312299082582484, 18.603103757718809, 0.0 ], [ 81.312170591115191, 18.602589794634898, 0.0 ], [ 81.311742288077227, 18.602204321215812, 0.0 ], [ 81.31175656540988, 18.602004446685211, 0.0 ], [ 81.312556063609819, 18.60177601867662, 0.0 ], [ 81.313084304125937, 18.601833125864704, 0.0 ], [ 81.313155688573289, 18.602332812362356, 0.0 ], [ 81.313312732740414, 18.602504132998739, 0.0 ], [ 81.31381241983749, 18.602589794659764, 0.0 ], [ 81.314611918533657, 18.602618347745572, 0.0 ], [ 81.315154435251813, 18.602618347494971, 0.0 ], [ 81.316139532361092, 18.602889606319895, 0.0 ], [ 81.316967584912035, 18.603217971748723, 0.0 ], [ 81.317295950799249, 18.603360739432823, 0.0 ], [ 81.317320168342448, 18.60340433237004, 0.0 ], [ 81.317478217186675, 18.6028767576625, 0.0 ], [ 81.31726882469485, 18.602867239057364, 0.0 ], [ 81.316783414246231, 18.602733989240409, 0.0 ], [ 81.316564504088618, 18.602638811400034, 0.0 ], [ 81.316523290230933, 18.602464441852437, 0.0 ], [ 81.316389911849015, 18.602359818672308, 0.0 ], [ 81.315911639656761, 18.602281297546032, 0.0 ], [ 81.315526166670253, 18.602316988592627, 0.0 ], [ 81.31504789564265, 18.602395511258631, 0.0 ], [ 81.314755220895677, 18.602395511605877, 0.0 ], [ 81.314641007018821, 18.602159944813209, 0.0 ], [ 81.314169873987723, 18.602117114293833, 0.0 ], [ 81.313870062868787, 18.602202775021755, 0.0 ], [ 81.313670187280536, 18.602174221609992, 0.0 ], [ 81.31362021833209, 18.602074283721265, 0.0 ], [ 81.31351314293714, 18.601767332960868, 0.0 ], [ 81.313570249633301, 18.601531766707748, 0.0 ], [ 81.313877200447365, 18.601317615592166, 0.0 ], [ 81.314141320602303, 18.601253369814771, 0.0 ], [ 81.314462547550235, 18.601488936268211, 0.0 ], [ 81.314805190571704, 18.601603150667927, 0.0 ], [ 81.315105002769883, 18.601938654954026, 0.0 ], [ 81.315404813763493, 18.602045730823924, 0.0 ], [ 81.315426229205016, 18.601774471925125, 0.0 ], [ 81.315511889577834, 18.601517489704293, 0.0 ], [ 81.315647519304392, 18.601410414885535, 0.0 ], [ 81.31628997320712, 18.601581735272159, 0.0 ], [ 81.316589786324784, 18.601567458785077, 0.0 ], [ 81.31668258505762, 18.601167709094049, 0.0 ], [ 81.316661169781099, 18.601060632798966, 0.0 ], [ 81.316475572475085, 18.600974972878369, 0.0 ], [ 81.316147206452982, 18.60067516067906, 0.0 ], [ 81.3156832114163, 18.600403902154913, 0.0 ], [ 81.315419090684443, 18.600211165713588, 0.0 ], [ 81.315361983354521, 18.599932768967676, 0.0 ], [ 81.315247770040628, 18.599882799934047, 0.0 ], [ 81.31486229677391, 18.599868523679159, 0.0 ], [ 81.314798052179682, 18.599640095019623, 0.0 ], [ 81.315090726224739, 18.599490189226422, 0.0 ], [ 81.315262070488316, 18.599024343488384, 0.0 ], [ 81.315319153376308, 18.598869149950691, 0.0 ], [ 81.31525490850612, 18.598683552334293, 0.0 ], [ 81.315290600596541, 18.598333770537259, 0.0 ], [ 81.315351873972389, 18.598036830583197, 0.0 ], [ 81.315129203488979, 18.597999745948897, 0.0 ], [ 81.314778099326801, 18.597966860481968, 0.0 ], [ 81.31432156002495, 18.597867205019913, 0.0 ], [ 81.314357708418754, 18.598436178660876, 0.0 ], [ 81.313468623703926, 18.598560392588535, 0.0 ], [ 81.313375562791435, 18.598861801392744, 0.0 ], [ 81.314091030470877, 18.599775526903624, 0.0 ], [ 81.313810500409986, 18.599943357796533, 0.0 ], [ 81.313248744905991, 18.599899662641544, 0.0 ], [ 81.312743704306115, 18.598874008512475, 0.0 ], [ 81.312428154158269, 18.598451250931024, 0.0 ], [ 81.312413831771281, 18.598624065854253, 0.0 ], [ 81.312413831981999, 18.598763263869191, 0.0 ], [ 81.312299618233055, 18.598873909016948, 0.0 ], [ 81.312160418705091, 18.59897384594759, 0.0 ], [ 81.312117588791963, 18.59909876775134, 0.0 ], [ 81.312178264649958, 18.599266520125074, 0.0 ], [ 81.312152284840465, 18.599422406591053, 0.0 ], [ 81.31214971145296, 18.599437840690253, 0.0 ], [ 81.31208189731683, 18.599537778348367, 0.0 ], [ 81.312085466277026, 18.599630577061721, 0.0 ], [ 81.312031928207304, 18.599723376108507, 0.0 ], [ 81.311956975037205, 18.59971385860495, 0.0 ], [ 81.311968872583961, 18.59958298822886, 0.0 ], [ 81.31204977428844, 18.599475912972199, 0.0 ], [ 81.31211401972449, 18.599309350220967, 0.0 ], [ 81.31206881068897, 18.599216550485796, 0.0 ], [ 81.312033118094789, 18.599168961941011, 0.0 ], [ 81.312033118080521, 18.599088059999687, 0.0 ], [ 81.312054533747698, 18.599004779269396, 0.0 ], [ 81.312123537301176, 18.598911979604416, 0.0 ], [ 81.312185404226042, 18.598762073891692, 0.0 ], [ 81.312204438893289, 18.598626443998302, 0.0 ], [ 81.312163987988399, 18.598514609709234, 0.0 ], [ 81.312085466678781, 18.598376600949784, 0.0 ], [ 81.312064050752255, 18.598288561363287, 0.0 ], [ 81.312066431044926, 18.598162450304791, 0.0 ], [ 81.312125917048107, 18.598050614748107, 0.0 ], [ 81.312171126940399, 18.597886432538441, 0.0 ], [ 81.312168747980522, 18.597776977600475, 0.0 ], [ 81.312027170185985, 18.597801961458572, 0.0 ], [ 81.311818967018382, 18.597873344669818, 0.0 ], [ 81.311723788499364, 18.597403401510107, 0.0 ], [ 81.311450150378519, 18.597296326397679, 0.0 ], [ 81.311182460798577, 18.597201147787416, 0.0 ], [ 81.310873131168378, 18.597213044864667, 0.0 ], [ 81.310421033057764, 18.597456940244012, 0.0 ], [ 81.310296112122614, 18.597784116328132, 0.0 ], [ 81.310313957757444, 18.59797447236275, 0.0 ], [ 81.31047457113516, 18.598176727004621, 0.0 ], [ 81.310676825118364, 18.598289751207073, 0.0 ], [ 81.310861234390117, 18.598390878085887, 0.0 ], [ 81.311200307038774, 18.598254059706701, 0.0 ], [ 81.311509636800963, 18.59805775373486, 0.0 ], [ 81.311717839184553, 18.598051804906643, 0.0 ], [ 81.311795171554948, 18.598200521170916, 0.0 ], [ 81.311729736967351, 18.598533646308372, 0.0 ], [ 81.311723788641515, 18.598848923864157, 0.0 ], [ 81.311622661163454, 18.598967896920218, 0.0 ], [ 81.311479894121305, 18.598938153591547, 0.0 ], [ 81.311337125228249, 18.598789437098883, 0.0 ], [ 81.311134871404377, 18.598599080989015, 0.0 ], [ 81.310727388746102, 18.598646670606314, 0.0 ], [ 81.310673851148465, 18.598673439334672, 0.0 ], [ 81.310269342480126, 18.598726976731854, 0.0 ], [ 81.310067088642526, 18.598816206778753, 0.0 ], [ 81.309796425011029, 18.598884616035576, 0.0 ], [ 81.309433556927203, 18.598884616725439, 0.0 ], [ 81.30897848530077, 18.598938153638841, 0.0 ], [ 81.30862751512862, 18.59897087232757, 0.0 ], [ 81.308478798176012, 18.598967896840549, 0.0 ], [ 81.308449055412652, 18.598958974201913, 0.0 ], [ 81.308413362702751, 18.598854872875716, 0.0 ], [ 81.308532336584562, 18.598765643088413, 0.0 ], [ 81.308669155754998, 18.598610977537987, 0.0 ], [ 81.308389568534864, 18.598236213282515, 0.0 ], [ 81.308246800303735, 18.598007190546628, 0.0 ], [ 81.308493669564882, 18.597534271957002, 0.0 ], [ 81.30863941207339, 18.597210070435324, 0.0 ], [ 81.308831552950281, 18.596722875384177, 0.0 ], [ 81.308324386186925, 18.596604312278959, 0.0 ], [ 81.307767657321378, 18.596612395986529, 0.0 ], [ 81.307399158508673, 18.596699085034913, 0.0 ], [ 81.307151087320634, 18.596814271441801, 0.0 ], [ 81.306880395698656, 18.596797233919123, 0.0 ], [ 81.306794139762914, 18.596791285356183, 0.0 ], [ 81.306731679434861, 18.596773439591122, 0.0 ] ] ] } },
{ "type": "Feature", "properties": { "OBJECTID": 31, "LAYER": "VILLAGE FOREST", "AREAHA": 1.24755887873, "Shape_Leng": 1041.82397182, "Shape_Area": 12586.7213176 }, "geometry": { "type": "Polygon", "coordinates": [ [ [ 81.318426992512741, 18.604214614718895, 0.0 ], [ 81.318530609946151, 18.604282017630545, 0.0 ], [ 81.318656703675387, 18.604543897346449, 0.0 ], [ 81.318647899548694, 18.604693586287294, 0.0 ], [ 81.318215129010241, 18.604779113194219, 0.0 ], [ 81.317820407098992, 18.604833713046752, 0.0 ], [ 81.317515566700251, 18.604871606351264, 0.0 ], [ 81.31736976986835, 18.604885604787093, 0.0 ], [ 81.316944112842165, 18.605063746038301, 0.0 ], [ 81.316849895720509, 18.6052642288359, 0.0 ], [ 81.316921602177459, 18.605151007870319, 0.0 ], [ 81.317085190978275, 18.605076650356359, 0.0 ], [ 81.317329086060937, 18.605023111255822, 0.0 ], [ 81.31745400705735, 18.605005265260889, 0.0 ], [ 81.317656262574417, 18.604966600338166, 0.0 ], [ 81.318078616720157, 18.605017162570334, 0.0 ], [ 81.318197588569987, 18.605124239021368, 0.0 ], [ 81.318625891313999, 18.605023111768997, 0.0 ], [ 81.318961990493221, 18.605011214772876, 0.0 ], [ 81.319144108473608, 18.604926011580723, 0.0 ], [ 81.318953479868711, 18.604579031024919, 0.0 ], [ 81.319272593416258, 18.604430188155888, 0.0 ], [ 81.319218303033878, 18.604277453661943, 0.0 ], [ 81.318476103727647, 18.604079574715477, 0.0 ], [ 81.31774085072405, 18.603608441433437, 0.0 ], [ 81.317320168342448, 18.60340433237004, 0.0 ], [ 81.317438717675486, 18.60361772168023, 0.0 ], [ 81.317710564555739, 18.604180755795131, 0.0 ], [ 81.317948128732837, 18.604026704741486, 0.0 ], [ 81.318058662206383, 18.604035646189917, 0.0 ], [ 81.318213518846591, 18.604075753389825, 0.0 ], [ 81.318384088538934, 18.60418670577749, 0.0 ], [ 81.318426992512741, 18.604214614718895, 0.0 ] ] ] } },
{ "type": "Feature", "properties": { "OBJECTID": 32, "LAYER": "LOW LAND-CULTIVATION", "AREAHA": 4.2138854599800002, "Shape_Leng": 2418.60149873, "Shape_Area": 42515.638399700001 }, "geometry": { "type": "Polygon", "coordinates": [ [ [ 81.309116023862941, 18.595689503316358, 0.0 ], [ 81.307162599061598, 18.595863140749628, 0.0 ], [ 81.306291716497839, 18.595934524271492, 0.0 ], [ 81.305092468395785, 18.596319997296458, 0.0 ], [ 81.304935424147544, 18.596776853924766, 0.0 ], [ 81.304235862455073, 18.597390755506414, 0.0 ], [ 81.303659885812422, 18.597669743749208, 0.0 ], [ 81.303778173073837, 18.597674660690718, 0.0 ], [ 81.303965555724488, 18.597600301611156, 0.0 ], [ 81.30420945036505, 18.597514046730051, 0.0 ], [ 81.304402781961613, 18.597457534600984, 0.0 ], [ 81.304435498794589, 18.5974724066878, 0.0 ], [ 81.304539600588996, 18.597597327622122, 0.0 ], [ 81.304610984350219, 18.597621122550262, 0.0 ], [ 81.304655598949523, 18.597475380558947, 0.0 ], [ 81.304721034713452, 18.597270151650925, 0.0 ], [ 81.304851904446309, 18.597073847044058, 0.0 ], [ 81.304973852055767, 18.596948924756873, 0.0 ], [ 81.305054158720054, 18.596779387960364, 0.0 ], [ 81.30511661975045, 18.596642568987768, 0.0 ], [ 81.305241541192018, 18.596458161014635, 0.0 ], [ 81.305402154883566, 18.596416520109393, 0.0 ], [ 81.305556820808619, 18.596410571164764, 0.0 ], [ 81.30573230539791, 18.596398674452516, 0.0 ], [ 81.305883996342246, 18.596398674684202, 0.0 ], [ 81.305946456808769, 18.596443289119659, 0.0 ], [ 81.306008917488725, 18.596526570367413, 0.0 ], [ 81.306110044243624, 18.59656226193939, 0.0 ], [ 81.306187377457505, 18.596499801579746, 0.0 ], [ 81.306333119805743, 18.596443288982559, 0.0 ], [ 81.306383683004825, 18.596416520448905, 0.0 ], [ 81.306469937846202, 18.596300521644856, 0.0 ], [ 81.306532399864665, 18.596255907472006, 0.0 ], [ 81.306606757528328, 18.596220215137933, 0.0 ], [ 81.306630552735371, 18.596229137671095, 0.0 ], [ 81.306633526192485, 18.596261855, 0.0 ], [ 81.306630552824771, 18.596345137331465, 0.0 ], [ 81.306725730621039, 18.596523596398935, 0.0 ], [ 81.306758447236703, 18.596690158437607, 0.0 ], [ 81.306788190923243, 18.596728824100097, 0.0 ], [ 81.306829831791958, 18.596737747510186, 0.0 ], [ 81.306853626427198, 18.596725850298064, 0.0 ], [ 81.306853626983383, 18.596687184350539, 0.0 ], [ 81.30688336940446, 18.596618774289116, 0.0 ], [ 81.30700531656295, 18.596547390766428, 0.0 ], [ 81.307142135903305, 18.596502775445085, 0.0 ], [ 81.307162956898907, 18.596461135204265, 0.0 ], [ 81.307177827774481, 18.596368931147644, 0.0 ], [ 81.307222443448381, 18.59622318887153, 0.0 ], [ 81.307267057715677, 18.596190471908418, 0.0 ], [ 81.307273006302808, 18.596128011189677, 0.0 ], [ 81.307234340242516, 18.596050678320221, 0.0 ], [ 81.307335466712459, 18.595949551503683, 0.0 ], [ 81.307377107914192, 18.595916833493177, 0.0 ], [ 81.307442543273893, 18.595901961895585, 0.0 ], [ 81.30753177278558, 18.595907911065925, 0.0 ], [ 81.307621003151056, 18.59592873120727, 0.0 ], [ 81.307737001077598, 18.595931705276939, 0.0 ], [ 81.307838129179856, 18.595949551478469, 0.0 ], [ 81.307954126907418, 18.595991191433942, 0.0 ], [ 81.308058228838064, 18.596038781432895, 0.0 ], [ 81.308168279361865, 18.596148830905285, 0.0 ], [ 81.308266431885812, 18.596163702371705, 0.0 ], [ 81.308325917953908, 18.596255906991612, 0.0 ], [ 81.308516274925964, 18.596383802299567, 0.0 ], [ 81.308653093414122, 18.596502775801163, 0.0 ], [ 81.308789913072118, 18.59662174838212, 0.0 ], [ 81.308885091302074, 18.596541441939674, 0.0 ], [ 81.309063551619943, 18.596440315203168, 0.0 ], [ 81.309152779846343, 18.596324316601429, 0.0 ], [ 81.309230113090663, 18.596258881197357, 0.0 ], [ 81.309375854858772, 18.596252932237789, 0.0 ], [ 81.309476982546556, 18.596246984337196, 0.0 ], [ 81.309542418113296, 18.596258881458112, 0.0 ], [ 81.309622724614954, 18.596333238442874, 0.0 ], [ 81.309708979067281, 18.596419494933951, 0.0 ], [ 81.309771439791334, 18.596425444004783, 0.0 ], [ 81.309807131922469, 18.596386777279797, 0.0 ], [ 81.309991540871451, 18.596342162133048, 0.0 ], [ 81.310027231998546, 18.596303495319212, 0.0 ], [ 81.310065898323089, 18.596154779878674, 0.0 ], [ 81.310039129388912, 18.596062575724229, 0.0 ], [ 81.310033181899513, 18.595964422589017, 0.0 ], [ 81.310068872717025, 18.595898988049608, 0.0 ], [ 81.310119436461505, 18.595887090273017, 0.0 ], [ 81.310211641452952, 18.595913859015248, 0.0 ], [ 81.310381177903039, 18.595958474519804, 0.0 ], [ 81.310419843708985, 18.595913858910706, 0.0 ], [ 81.310464458602667, 18.595791912057159, 0.0 ], [ 81.310580457762796, 18.595780014224164, 0.0 ], [ 81.310574508524979, 18.59584247531993, 0.0 ], [ 81.310592355141324, 18.595955499952211, 0.0 ], [ 81.310645892450964, 18.596003088986329, 0.0 ], [ 81.31077081452986, 18.595988217824281, 0.0 ], [ 81.311050400620928, 18.595833552419446, 0.0 ], [ 81.311187219467087, 18.595750271109111, 0.0 ], [ 81.311413268204277, 18.595607503932655, 0.0 ], [ 81.311466807309088, 18.595506376748013, 0.0 ], [ 81.311502498170142, 18.595360634957483, 0.0 ], [ 81.311779111162622, 18.595238687261453, 0.0 ], [ 81.311936750655263, 18.595158380939544, 0.0 ], [ 81.312112234890421, 18.595089971434632, 0.0 ], [ 81.312153875912699, 18.595045355392344, 0.0 ], [ 81.312323412022891, 18.594840127790288, 0.0 ], [ 81.312568990387533, 18.594713802484421, 0.0 ], [ 81.312495935130116, 18.594536785759587, 0.0 ], [ 81.311759717499768, 18.595063642263536, 0.0 ], [ 81.309732417102381, 18.595634713319825, 0.0 ], [ 81.309144353661637, 18.595686985000857, 0.0 ], [ 81.309116023862941, 18.595689503316358, 0.0 ] ] ] } },
{ "type": "Feature", "properties": { "OBJECTID": 33, "LAYER": "UPLAND-CULTIVATION", "AREAHA": 28.529917717299998, "Shape_Leng": 3846.8228768099998, "Shape_Area": 287830.25536000001 }, "geometry": { "type": "Polygon", "coordinates": [ [ [ 81.332283533012998, 18.584514099729699, 0.0 ], [ 81.331794672629059, 18.584296655982438, 0.0 ], [ 81.331654332032386, 18.583694295171853, 0.0 ], [ 81.331673000962795, 18.583622522905301, 0.0 ], [ 81.331962606271773, 18.583607665449509, 0.0 ], [ 81.33202646167905, 18.583560923185441, 0.0 ], [ 81.332097949930855, 18.583571558199434, 0.0 ], [ 81.332335263742962, 18.583746900267716, 0.0 ], [ 81.332455095755904, 18.583470493944887, 0.0 ], [ 81.332484971275093, 18.583359245228927, 0.0 ], [ 81.332981284127968, 18.583246960018013, 0.0 ], [ 81.332951508260052, 18.583100295313798, 0.0 ], [ 81.332257662873545, 18.583272539333663, 0.0 ], [ 81.332197543307572, 18.583233267747378, 0.0 ], [ 81.332109198913344, 18.583263217021056, 0.0 ], [ 81.331871267256076, 18.583358095277148, 0.0 ], [ 81.331691006455259, 18.583454121339255, 0.0 ], [ 81.331615789884268, 18.583508183819571, 0.0 ], [ 81.33152224366556, 18.583510721211287, 0.0 ], [ 81.331216753885712, 18.583501641512555, 0.0 ], [ 81.331135659816894, 18.583499232894539, 0.0 ], [ 81.330997451809012, 18.583437224987687, 0.0 ], [ 81.330976386900076, 18.58342777409624, 0.0 ], [ 81.330874429918552, 18.583415775632226, 0.0 ], [ 81.330802743941973, 18.583455214116494, 0.0 ], [ 81.330722730541424, 18.58350232815144, 0.0 ], [ 81.330652874938849, 18.583562797937446, 0.0 ], [ 81.330232635883249, 18.583682034191511, 0.0 ], [ 81.329864590624481, 18.583777248939739, 0.0 ], [ 81.32964840401327, 18.583870286309761, 0.0 ], [ 81.329536963450607, 18.583790707150065, 0.0 ], [ 81.329517246324741, 18.583815947884453, 0.0 ], [ 81.324504528225958, 18.583643775279153, 0.0 ], [ 81.324849005652865, 18.584349936679548, 0.0 ], [ 81.325355831124881, 18.584856761663985, 0.0 ], [ 81.325734165339043, 18.585056636500259, 0.0 ], [ 81.326055393711357, 18.585249372165475, 0.0 ], [ 81.326348067210986, 18.58569909099808, 0.0 ], [ 81.326655017492982, 18.586063148151915, 0.0 ], [ 81.327026213005183, 18.586191639363125, 0.0 ], [ 81.327697221056852, 18.586327268595713, 0.0 ], [ 81.328946438236713, 18.586006041606332, 0.0 ], [ 81.329353326174441, 18.586034594596818, 0.0 ], [ 81.329845874456623, 18.5863772372802, 0.0 ], [ 81.329738799180063, 18.586648495111987, 0.0 ], [ 81.32909634333096, 18.587033967985171, 0.0 ], [ 81.328860777611908, 18.587233843968072, 0.0 ], [ 81.328875054152689, 18.587505101593241, 0.0 ], [ 81.328860777371005, 18.587904851442044, 0.0 ], [ 81.328461027251478, 18.588190387037862, 0.0 ], [ 81.328418197422835, 18.588440230045347, 0.0 ], [ 81.328503858948935, 18.58864724295962, 0.0 ], [ 81.328696593825825, 18.588740042863424, 0.0 ], [ 81.328832223691563, 18.588725765612786, 0.0 ], [ 81.329103482536198, 18.58857585993163, 0.0 ], [ 81.329331909926523, 18.588176110138864, 0.0 ], [ 81.329917258146537, 18.587704976875262, 0.0 ], [ 81.330359838099383, 18.587576485326, 0.0 ], [ 81.330595404408527, 18.587697837561972, 0.0 ], [ 81.330738172320821, 18.587819190926556, 0.0 ], [ 81.330895216603139, 18.58781205176108, 0.0 ], [ 81.331252135805713, 18.587583623888356, 0.0 ], [ 81.331487701979469, 18.587447994451647, 0.0 ], [ 81.331687577251728, 18.587419441206841, 0.0 ], [ 81.332151572149144, 18.587447994187265, 0.0 ], [ 81.332158710626331, 18.587655007839675, 0.0 ], [ 81.332672673795258, 18.588033341584062, 0.0 ], [ 81.333015317154164, 18.588697211034397, 0.0 ], [ 81.333186637316686, 18.588847117523027, 0.0 ], [ 81.333700600772531, 18.58868293486649, 0.0 ], [ 81.334500100134477, 18.58823321680018, 0.0 ], [ 81.334506538994191, 18.587857500088035, 0.0 ], [ 81.33431559276319, 18.587773961305501, 0.0 ], [ 81.334101253472667, 18.587499456860872, 0.0 ], [ 81.334070679430482, 18.587460300418936, 0.0 ], [ 81.333908705125225, 18.58725285882754, 0.0 ], [ 81.333852007178407, 18.587148913556664, 0.0 ], [ 81.333823044628119, 18.587095814636353, 0.0 ], [ 81.333815905975868, 18.58689594059647, 0.0 ], [ 81.332847665675942, 18.586390483801082, 0.0 ], [ 81.332590899216171, 18.586838639188375, 0.0 ], [ 81.332255804741521, 18.586691567933283, 0.0 ], [ 81.332487734324062, 18.586399778465765, 0.0 ], [ 81.331875199638176, 18.586061292968594, 0.0 ], [ 81.332031310262437, 18.585853735909417, 0.0 ], [ 81.33191471630343, 18.585739521976194, 0.0 ], [ 81.331593489983305, 18.585489678320261, 0.0 ], [ 81.331760051266784, 18.58520414333362, 0.0 ], [ 81.332057483755662, 18.5849661971343, 0.0 ], [ 81.332283533012998, 18.584514099729699, 0.0 ] ] ] } },
{ "type": "Feature", "properties": { "OBJECTID": 34, "LAYER": "UPLAND-CULTIVATION", "AREAHA": 12.0443425383, "Shape_Leng": 1466.72939877, "Shape_Area": 121515.66781100001 }, "geometry": { "type": "Polygon", "coordinates": [ [ [ 81.317672313810974, 18.586505014421039, 0.0 ], [ 81.318690722342254, 18.587294995544514, 0.0 ], [ 81.319642507955209, 18.587904136779859, 0.0 ], [ 81.320299238690296, 18.588522797111359, 0.0 ], [ 81.32092741701149, 18.588541832816986, 0.0 ], [ 81.321593666358481, 18.588475208494401, 0.0 ], [ 81.322383646565186, 18.588170637123348, 0.0 ], [ 81.322421717952224, 18.587675709124092, 0.0 ], [ 81.322155218410302, 18.587180780997418, 0.0 ], [ 81.32236461099933, 18.587066566806698, 0.0 ], [ 81.322507379250169, 18.586571639084955, 0.0 ], [ 81.322516896268226, 18.58632417589018, 0.0 ], [ 81.322336057246645, 18.585981532865251, 0.0 ], [ 81.322164736038332, 18.585619854413984, 0.0 ], [ 81.321926790236787, 18.585534194105726, 0.0 ], [ 81.321203433975555, 18.585362872879035, 0.0 ], [ 81.320908380677807, 18.585638890150651, 0.0 ], [ 81.320384900050058, 18.585800693594575, 0.0 ], [ 81.320032738530003, 18.585819730014418, 0.0 ], [ 81.319747203924678, 18.585467569502462, 0.0 ], [ 81.319585401160566, 18.585277212790938, 0.0 ], [ 81.317672313810974, 18.586505014421039, 0.0 ] ] ] } },
{ "type": "Feature", "properties": { "OBJECTID": 35, "LAYER": "LOW LAND-CULTIVATION", "AREAHA": 11.8736821232, "Shape_Leng": 3256.5362537199999, "Shape_Area": 119786.904625 }, "geometry": { "type": "Polygon", "coordinates": [ [ [ 81.338854414105811, 18.593715713497062, 0.0 ], [ 81.338749718336928, 18.593634811073684, 0.0 ], [ 81.338746093592064, 18.593634988106484, 0.0 ], [ 81.338919711699035, 18.593487542660309, 0.0 ], [ 81.339144569928933, 18.593326929010793, 0.0 ], [ 81.33921952307135, 18.593255545509901, 0.0 ], [ 81.339148139052554, 18.593009271122273, 0.0 ], [ 81.339198108349251, 18.592773704150272, 0.0 ], [ 81.339323029438845, 18.592677336761255, 0.0 ], [ 81.339169555168667, 18.592227617444617, 0.0 ], [ 81.338794789066043, 18.592327555209007, 0.0 ], [ 81.338566361642748, 18.59257739797642, 0.0 ], [ 81.338277256615982, 18.592577398553399, 0.0 ], [ 81.338248703155358, 18.592323986838775, 0.0 ], [ 81.33809165830651, 18.591920667872628, 0.0 ], [ 81.338052396692376, 18.591756484540877, 0.0 ], [ 81.338048828669557, 18.591603010029424, 0.0 ], [ 81.338434300512816, 18.591524487788, 0.0 ], [ 81.338798358167068, 18.591403135130395, 0.0 ], [ 81.339180261968096, 18.591224674850022, 0.0 ], [ 81.339979760781588, 18.590871325034353, 0.0 ], [ 81.340347387597518, 18.59051440558272, 0.0 ], [ 81.340600800740404, 18.590325238992669, 0.0 ], [ 81.340725721943699, 18.590128933938256, 0.0 ], [ 81.340672184331339, 18.589979027505258, 0.0 ], [ 81.340532985084977, 18.589800568344948, 0.0 ], [ 81.340390217687457, 18.589714907459317, 0.0 ], [ 81.340168927942713, 18.589893366973662, 0.0 ], [ 81.339908376894513, 18.590146779482211, 0.0 ], [ 81.339694225243406, 18.590264562226082, 0.0 ], [ 81.339644256580812, 18.590550097668466, 0.0 ], [ 81.339580011211439, 18.590560805269195, 0.0 ], [ 81.339455089078598, 18.590407330661026, 0.0 ], [ 81.339248076187346, 18.590414468909557, 0.0 ], [ 81.339080325033663, 18.5903537921339, 0.0 ], [ 81.338991095163777, 18.590075395009652, 0.0 ], [ 81.339005371534242, 18.589971888534571, 0.0 ], [ 81.339530042853795, 18.589661368730251, 0.0 ], [ 81.339544319080531, 18.589397249428121, 0.0 ], [ 81.339430105062135, 18.589200942971978, 0.0 ], [ 81.339315891058263, 18.589161682263605, 0.0 ], [ 81.339165985501538, 18.589204512493641, 0.0 ], [ 81.339012509956646, 18.589325864984918, 0.0 ], [ 81.338891156977411, 18.589468632335723, 0.0 ], [ 81.338958971716821, 18.58970419899574, 0.0 ], [ 81.338766235765036, 18.589772014384202, 0.0 ], [ 81.338602053201086, 18.589904074738101, 0.0 ], [ 81.338516392563392, 18.590071825898452, 0.0 ], [ 81.33861275996972, 18.590303823786449, 0.0 ], [ 81.338819773453267, 18.590514405873805, 0.0 ], [ 81.339019648806911, 18.590835633444222, 0.0 ], [ 81.339012509557847, 18.590917724994622, 0.0 ], [ 81.338630606278599, 18.591028370122189, 0.0 ], [ 81.338484269960901, 18.590985538751685, 0.0 ], [ 81.33810950380213, 18.59091772503341, 0.0 ], [ 81.338020275212386, 18.590553667681366, 0.0 ], [ 81.337995290556407, 18.590264562495864, 0.0 ], [ 81.338013136478395, 18.590021858244683, 0.0 ], [ 81.33796673689389, 18.589622108649557, 0.0 ], [ 81.337952460052989, 18.589043899205709, 0.0 ], [ 81.337859661121158, 18.58882974788645, 0.0 ], [ 81.337684770206749, 18.588594181499463, 0.0 ], [ 81.337513587948038, 18.588323617108792, 0.0 ], [ 81.337460036237388, 18.588266572340448, 0.0 ], [ 81.337185222723463, 18.587973835436422, 0.0 ], [ 81.336485660898774, 18.587367073834319, 0.0 ], [ 81.336171571547752, 18.587452734375354, 0.0 ], [ 81.335778961745007, 18.587688300586908, 0.0 ], [ 81.336335616728562, 18.588312215311333, 0.0 ], [ 81.33621426361006, 18.588676272568978, 0.0 ], [ 81.336042943211524, 18.589097437980879, 0.0 ], [ 81.336242816908126, 18.58959712400619, 0.0 ], [ 81.336592597594162, 18.589547154802592, 0.0 ], [ 81.336992347521686, 18.590018288609549, 0.0 ], [ 81.337242190355809, 18.589975457988011, 0.0 ], [ 81.337370682406046, 18.590139640963223, 0.0 ], [ 81.337384958511365, 18.590810649173374, 0.0 ], [ 81.33744206565153, 18.591131876474886, 0.0 ], [ 81.337499172545336, 18.591488795110827, 0.0 ], [ 81.337092284535984, 18.591617286585418, 0.0 ], [ 81.336663982429585, 18.591695808211046, 0.0 ], [ 81.336571183386724, 18.591788607448326, 0.0 ], [ 81.336571183009937, 18.59215266462078, 0.0 ], [ 81.336835303533846, 18.59225974062544, 0.0 ], [ 81.337185084005412, 18.592338262902068, 0.0 ], [ 81.337363543407449, 18.593173453828097, 0.0 ], [ 81.337713324229981, 18.593273391309179, 0.0 ], [ 81.337977443704403, 18.593359051432635, 0.0 ], [ 81.33819873344838, 18.593437573813684, 0.0 ], [ 81.338554602865315, 18.593644329133127, 0.0 ], [ 81.338530807633362, 18.593844203721662, 0.0 ], [ 81.338640263233586, 18.59423919421689, 0.0 ], [ 81.338783030965359, 18.594310577898263, 0.0 ], [ 81.338930557499879, 18.594163051962926, 0.0 ], [ 81.339011459271788, 18.593982213420379, 0.0 ], [ 81.338992423199116, 18.593839444909886, 0.0 ], [ 81.338854414105811, 18.593715713497062, 0.0 ] ] ] } },
{ "type": "Feature", "properties": { "OBJECTID": 36, "LAYER": "UPLAND-CULTIVATION", "AREAHA": 2.0729564515200001, "Shape_Leng": 663.14593173399999, "Shape_Area": 20913.0247351 }, "geometry": { "type": "Polygon", "coordinates": [ [ [ 81.334777260408842, 18.597198239167692, 0.0 ], [ 81.334814089102849, 18.597208762508465, 0.0 ], [ 81.335049656414029, 18.597622788838944, 0.0 ], [ 81.335220977415361, 18.598072505655832, 0.0 ], [ 81.335254740495088, 18.598153748105503, 0.0 ], [ 81.335267373170026, 18.59818414418217, 0.0 ], [ 81.335298171256227, 18.597947365980911, 0.0 ], [ 81.335476630858579, 18.597829583306634, 0.0 ], [ 81.335847826669905, 18.597822445006262, 0.0 ], [ 81.335933487761224, 18.597729645970645, 0.0 ], [ 81.336440312350831, 18.597643985619936, 0.0 ], [ 81.336618772554388, 18.597594016355043, 0.0 ], [ 81.33707854332124, 18.597429833018225, 0.0 ], [ 81.337078544052162, 18.597378656172062, 0.0 ], [ 81.33711185534014, 18.597226369544963, 0.0 ], [ 81.337152181746944, 18.597179322891424, 0.0 ], [ 81.337178233446338, 18.59714893024357, 0.0 ], [ 81.336793662361103, 18.59702223174018, 0.0 ], [ 81.33633680622934, 18.5969080179811, 0.0 ], [ 81.335751458422365, 18.596743834809239, 0.0 ], [ 81.335144696407383, 18.596865188134611, 0.0 ], [ 81.334777260408842, 18.597198239167692, 0.0 ] ] ] } },
{ "type": "Feature", "properties": { "OBJECTID": 37, "LAYER": "UPLAND-CULTIVATION", "AREAHA": 1.1274512782899999, "Shape_Leng": 709.81329499100002, "Shape_Area": 11374.379388 }, "geometry": { "type": "Polygon", "coordinates": [ [ [ 81.332558360549626, 18.598151028281322, 0.0 ], [ 81.332656969687918, 18.598353064994804, 0.0 ], [ 81.332737871522369, 18.598505349720053, 0.0 ], [ 81.332852085757054, 18.598648118391019, 0.0 ], [ 81.332928227856058, 18.598762332112845, 0.0 ], [ 81.33316617434302, 18.598828956827802, 0.0 ], [ 81.333446950425412, 18.598905099497866, 0.0 ], [ 81.333803869578603, 18.599081179815879, 0.0 ], [ 81.334084645986977, 18.59910021497026, 0.0 ], [ 81.334389217429617, 18.599152562794561, 0.0 ], [ 81.334614655095933, 18.599217743471435, 0.0 ], [ 81.334953952884987, 18.599203243466935, 0.0 ], [ 81.334935442051389, 18.599050464750544, 0.0 ], [ 81.334888564436966, 18.59903985063178, 0.0 ], [ 81.334557108578153, 18.598964804269656, 0.0 ], [ 81.334307264981561, 18.598836313151264, 0.0 ], [ 81.334107389676703, 18.598800621209929, 0.0 ], [ 81.334100251626325, 18.598950527385931, 0.0 ], [ 81.333886099841536, 18.598936251219129, 0.0 ], [ 81.333657671942362, 18.598857728533602, 0.0 ], [ 81.333550595733328, 18.598736375969761, 0.0 ], [ 81.333586288292096, 18.59836517971355, 0.0 ], [ 81.333793301612289, 18.598043952938486, 0.0 ], [ 81.333386413397434, 18.598043952929959, 0.0 ], [ 81.332815342163371, 18.598122475330413, 0.0 ], [ 81.332602774987407, 18.598146092976886, 0.0 ], [ 81.332558360549626, 18.598151028281322, 0.0 ] ] ] } },
{ "type": "Feature", "properties": { "OBJECTID": 38, "LAYER": "UPLAND-CULTIVATION", "AREAHA": 12.5318306728, "Shape_Leng": 2243.1973191299999, "Shape_Area": 126429.114409 }, "geometry": { "type": "Polygon", "coordinates": [ [ [ 81.334766262212895, 18.601254222498611, 0.0 ], [ 81.334661283653631, 18.601071369326974, 0.0 ], [ 81.334608197233123, 18.60085624711315, 0.0 ], [ 81.334871078623166, 18.600626215274097, 0.0 ], [ 81.335021328043013, 18.600511165696339, 0.0 ], [ 81.335299254573641, 18.600281107065971, 0.0 ], [ 81.335403954435733, 18.599958096095499, 0.0 ], [ 81.335127182906916, 18.59934142594436, 0.0 ], [ 81.334779984442477, 18.599353608216163, 0.0 ], [ 81.334218431735167, 18.599358366950241, 0.0 ], [ 81.333637843205196, 18.599282224942833, 0.0 ], [ 81.333142915056072, 18.599153732999472, 0.0 ], [ 81.332652745614254, 18.599053795946848, 0.0 ], [ 81.332338657181722, 18.598920546545788, 0.0 ], [ 81.332200648390724, 18.598782536633905, 0.0 ], [ 81.331796139718392, 18.598682599441307, 0.0 ], [ 81.331443979647091, 18.598687359007648, 0.0 ], [ 81.331191756879051, 18.598663563526081, 0.0 ], [ 81.330877667502605, 18.59860169852017, 0.0 ], [ 81.330363704027036, 18.598516037040802, 0.0 ], [ 81.32986401752963, 18.598458930477467, 0.0 ], [ 81.329478544406541, 18.598382788485527, 0.0 ], [ 81.329202528050132, 18.598240019805395, 0.0 ], [ 81.329035965504232, 18.598006832722852, 0.0 ], [ 81.328869402516318, 18.597906896044002, 0.0 ], [ 81.328712358261228, 18.597878342199792, 0.0 ], [ 81.328493447759001, 18.598025869024514, 0.0 ], [ 81.328307850673696, 18.598254297163344, 0.0 ], [ 81.328079422111145, 18.598477966167241, 0.0 ], [ 81.327875958093159, 18.598717125208303, 0.0 ], [ 81.32780816314127, 18.598796813796813, 0.0 ], [ 81.327541664146352, 18.598877715467125, 0.0 ], [ 81.327341789218579, 18.598777778505337, 0.0 ], [ 81.327292375931975, 18.599305443207189, 0.0 ], [ 81.327299513902361, 18.599705193292841, 0.0 ], [ 81.327542218965334, 18.599983590256343, 0.0 ], [ 81.327784923183117, 18.600019282232342, 0.0 ], [ 81.328605838602641, 18.599833684653653, 0.0 ], [ 81.32911980176911, 18.599498179381573, 0.0 ], [ 81.329862194088463, 18.599155537717213, 0.0 ], [ 81.33088298168424, 18.599126984968091, 0.0 ], [ 81.331618234775661, 18.599441072795877, 0.0 ], [ 81.33180383381179, 18.599498179670697, 0.0 ], [ 81.332053676626401, 18.599919344949644, 0.0 ], [ 81.332353489452018, 18.600397616266111, 0.0 ], [ 81.332774654015338, 18.600754535691781, 0.0 ], [ 81.333152987437671, 18.601304191056691, 0.0 ], [ 81.333524183449612, 18.601632556582679, 0.0 ], [ 81.333852549204835, 18.601561173180521, 0.0 ], [ 81.334138084927446, 18.601454097403185, 0.0 ], [ 81.334459312209745, 18.601361297836178, 0.0 ], [ 81.334694879213004, 18.601375574755494, 0.0 ], [ 81.334766262212895, 18.601254222498611, 0.0 ] ] ] } },
{ "type": "Feature", "properties": { "OBJECTID": 39, "LAYER": "UPLAND-CULTIVATION", "AREAHA": 5.5809747438099997, "Shape_Leng": 1193.1960811199999, "Shape_Area": 56304.874961100002 }, "geometry": { "type": "Polygon", "coordinates": [ [ [ 81.33030025202045, 18.605563188262405, 0.0 ], [ 81.330241781509173, 18.605333282872262, 0.0 ], [ 81.330293797768391, 18.604996018991976, 0.0 ], [ 81.330353768225507, 18.604881131746232, 0.0 ], [ 81.330154006907605, 18.604146625994652, 0.0 ], [ 81.329900503104795, 18.604154547680601, 0.0 ], [ 81.32951027074418, 18.60357395883122, 0.0 ], [ 81.329310396758899, 18.603059995369968, 0.0 ], [ 81.329281843364541, 18.60257458469831, 0.0 ], [ 81.329148593095042, 18.602374710564838, 0.0 ], [ 81.328767878542479, 18.602460371506595, 0.0 ], [ 81.328501379710062, 18.602793495051479, 0.0 ], [ 81.328263433910394, 18.603345531013844, 0.0 ], [ 81.328263434409905, 18.603631065941737, 0.0 ], [ 81.328482343786462, 18.603811905139089, 0.0 ], [ 81.328548968911107, 18.604164064689279, 0.0 ], [ 81.32814921911023, 18.604230690223797, 0.0 ], [ 81.32813970163653, 18.604459118468569, 0.0 ], [ 81.328253915745108, 18.604620921524202, 0.0 ], [ 81.328425237152771, 18.604678029109518, 0.0 ], [ 81.328510897605383, 18.60487790394146, 0.0 ], [ 81.328501379374657, 18.605058742669922, 0.0 ], [ 81.328177772962292, 18.605287171042875, 0.0 ], [ 81.327739952388782, 18.605410903310233, 0.0 ], [ 81.327968381033926, 18.60563933086507, 0.0 ], [ 81.328272951167236, 18.605715473230092, 0.0 ], [ 81.328539450949549, 18.60572499163473, 0.0 ], [ 81.329415091910604, 18.605591742140611, 0.0 ], [ 81.329976645082482, 18.605553670632727, 0.0 ], [ 81.33030025202045, 18.605563188262405, 0.0 ] ] ] } },
{ "type": "Feature", "properties": { "OBJECTID": 40, "LAYER": "UPLAND-CULTIVATION", "AREAHA": 20.534870582700002, "Shape_Leng": 3742.4365800099999, "Shape_Area": 207170.402412 }, "geometry": { "type": "Polygon", "coordinates": [ [ [ 81.325938700189653, 18.607416788863198, 0.0 ], [ 81.325641267438982, 18.608225805086089, 0.0 ], [ 81.326295619577209, 18.608487545975379, 0.0 ], [ 81.32653356543571, 18.608808772320394, 0.0 ], [ 81.326830998547237, 18.609272768284558, 0.0 ], [ 81.326949971411977, 18.609736762504898, 0.0 ], [ 81.327019874357106, 18.610127588600218, 0.0 ], [ 81.327076795508546, 18.610122529292216, 0.0 ], [ 81.327173343501585, 18.610113946775549, 0.0 ], [ 81.327408909384147, 18.610231730443122, 0.0 ], [ 81.327494570226975, 18.610385205826457, 0.0 ], [ 81.32769444422533, 18.61057794197183, 0.0 ], [ 81.327925551047898, 18.610260244192716, 0.0 ], [ 81.328115907837017, 18.609665379054523, 0.0 ], [ 81.327961242090225, 18.608808772898112, 0.0 ], [ 81.327961241846751, 18.608356675463003, 0.0 ], [ 81.328330058564305, 18.608332881420399, 0.0 ], [ 81.32911528108653, 18.608749286278485, 0.0 ], [ 81.329519788330543, 18.609356049128639, 0.0 ], [ 81.329912400710896, 18.609903324932727, 0.0 ], [ 81.330281216484593, 18.610200757959092, 0.0 ], [ 81.330697622348112, 18.610498190429812, 0.0 ], [ 81.330971260561697, 18.610355422466764, 0.0 ], [ 81.331161616744993, 18.610688547251808, 0.0 ], [ 81.331209206102884, 18.611104953650997, 0.0 ], [ 81.331351974257288, 18.611259617483132, 0.0 ], [ 81.331899250412377, 18.611283413389103, 0.0 ], [ 81.332160990152786, 18.611283413148044, 0.0 ], [ 81.332732061624242, 18.611033569011227, 0.0 ], [ 81.333554146838893, 18.610747814278902, 0.0 ], [ 81.333566061052309, 18.610667076086564, 0.0 ], [ 81.333576991989446, 18.610592999893225, 0.0 ], [ 81.333618102636024, 18.610332268600832, 0.0 ], [ 81.333609011977899, 18.610241765700355, 0.0 ], [ 81.333614957390594, 18.610151027161113, 0.0 ], [ 81.333585447836185, 18.609675092842387, 0.0 ], [ 81.333577242614311, 18.609584510453253, 0.0 ], [ 81.333614496826286, 18.609501120757002, 0.0 ], [ 81.333790533302633, 18.609118902390367, 0.0 ], [ 81.333854754310252, 18.608988050725422, 0.0 ], [ 81.333481591502647, 18.608903951581738, 0.0 ], [ 81.332981904782443, 18.608915848753909, 0.0 ], [ 81.332862931720328, 18.609177589464331, 0.0 ], [ 81.332601190447605, 18.608832567878665, 0.0 ], [ 81.332268066127824, 18.608701697596356, 0.0 ], [ 81.332089607121716, 18.609189486853236, 0.0 ], [ 81.331923043984958, 18.608915849057428, 0.0 ], [ 81.331102130855854, 18.608749286415872, 0.0 ], [ 81.330911773580993, 18.608666005251248, 0.0 ], [ 81.330733313725261, 18.608451854487772, 0.0 ], [ 81.330197934967558, 18.608570827594665, 0.0 ], [ 81.329817221676635, 18.608499443002611, 0.0 ], [ 81.329222356502257, 18.608404264844541, 0.0 ], [ 81.328972513879776, 18.607987858654695, 0.0 ], [ 81.328722669123309, 18.607500069703306, 0.0 ], [ 81.328568004383499, 18.607059868968111, 0.0 ], [ 81.328139701495246, 18.606726745241264, 0.0 ], [ 81.32808459889435, 18.606671642552737, 0.0 ], [ 81.32798762398896, 18.606910694273267, 0.0 ], [ 81.327875340973335, 18.607212193505855, 0.0 ], [ 81.327891611876993, 18.607850640477039, 0.0 ], [ 81.3278843762278, 18.608001304601423, 0.0 ], [ 81.327500623484767, 18.607987625124036, 0.0 ], [ 81.327282275838556, 18.607909091848953, 0.0 ], [ 81.327251480797585, 18.607543276830611, 0.0 ], [ 81.327258552543697, 18.607306526859649, 0.0 ], [ 81.327213106438279, 18.607148780066716, 0.0 ], [ 81.32745151311137, 18.606579920279348, 0.0 ], [ 81.32708084199065, 18.606643463274263, 0.0 ], [ 81.326914278774581, 18.606119982561605, 0.0 ], [ 81.326759614335884, 18.605644090046017, 0.0 ], [ 81.326616845976176, 18.605037327271813, 0.0 ], [ 81.325914905697815, 18.604930251527676, 0.0 ], [ 81.325391423548609, 18.605084916241278, 0.0 ], [ 81.325367629657407, 18.605477527576362, 0.0 ], [ 81.325082094285051, 18.606369825408876, 0.0 ], [ 81.324975018454495, 18.606346030874015, 0.0 ], [ 81.32459430418254, 18.606512592998172, 0.0 ], [ 81.324689483284445, 18.606702950057858, 0.0 ], [ 81.325070196762454, 18.606643463472665, 0.0 ], [ 81.325724548451745, 18.606643463735647, 0.0 ], [ 81.326069570046172, 18.606738642538222, 0.0 ], [ 81.326200441085774, 18.607047972375316, 0.0 ], [ 81.325938700189653, 18.607416788863198, 0.0 ] ] ] } },
{ "type": "Feature", "properties": { "OBJECTID": 41, "LAYER": "UPLAND-CULTIVATION", "AREAHA": 5.5287312693699997, "Shape_Leng": 1445.3089453499999, "Shape_Area": 55778.013738599999 }, "geometry": { "type": "Polygon", "coordinates": [ [ [ 81.325676067787683, 18.610470270941963, 0.0 ], [ 81.325718897521185, 18.611138860452822, 0.0 ], [ 81.325937807418171, 18.61191932398167, 0.0 ], [ 81.32628996799329, 18.612433287020949, 0.0 ], [ 81.326613574689731, 18.612490393720385, 0.0 ], [ 81.326956217119104, 18.612471357959304, 0.0 ], [ 81.327375002298325, 18.612242929795134, 0.0 ], [ 81.327717644006697, 18.612081126467881, 0.0 ], [ 81.328098358768855, 18.612347626147546, 0.0 ], [ 81.328421965870746, 18.612471358138027, 0.0 ], [ 81.329164356947373, 18.612890143198705, 0.0 ], [ 81.329497482023058, 18.613166160803839, 0.0 ], [ 81.329783016390195, 18.613204232843948, 0.0 ], [ 81.330163730300583, 18.613156642985871, 0.0 ], [ 81.330068552045319, 18.612747375738191, 0.0 ], [ 81.329725909399372, 18.612300036906962, 0.0 ], [ 81.329849641800564, 18.61216678697258, 0.0 ], [ 81.329468928697267, 18.611843180437688, 0.0 ], [ 81.32893592864977, 18.611176931364732, 0.0 ], [ 81.328775909894162, 18.611124028146627, 0.0 ], [ 81.32872950992892, 18.611459532707944, 0.0 ], [ 81.328543912517361, 18.612005618536543, 0.0 ], [ 81.327999016438739, 18.611814667068447, 0.0 ], [ 81.327888965963993, 18.611734359575067, 0.0 ], [ 81.327793787430679, 18.611579695299007, 0.0 ], [ 81.32756476431743, 18.611398261124819, 0.0 ], [ 81.327264357244147, 18.611234673732707, 0.0 ], [ 81.326996668071686, 18.611094880376697, 0.0 ], [ 81.326702210380674, 18.610913446277262, 0.0 ], [ 81.326455340676034, 18.610886677243734, 0.0 ], [ 81.326297701712349, 18.610886676650022, 0.0 ], [ 81.326062730302638, 18.610746883787151, 0.0 ], [ 81.325893193039619, 18.610550577474193, 0.0 ], [ 81.325765656539303, 18.610503407427501, 0.0 ], [ 81.325676067787683, 18.610470270941963, 0.0 ] ] ] } },
{ "type": "Feature", "properties": { "OBJECTID": 42, "LAYER": "UPLAND-CULTIVATION", "AREAHA": 6.43191411909, "Shape_Leng": 1603.38034047, "Shape_Area": 64892.292354800004 }, "geometry": { "type": "Polygon", "coordinates": [ [ [ 81.316259222765936, 18.612907091249422, 0.0 ], [ 81.316264002508888, 18.612905188861397, 0.0 ], [ 81.316423236031454, 18.612841820791164, 0.0 ], [ 81.316551726664215, 18.613089284902788, 0.0 ], [ 81.316794431448699, 18.613232052528335, 0.0 ], [ 81.317018100531342, 18.613446204680208, 0.0 ], [ 81.317075207695453, 18.613489034058372, 0.0 ], [ 81.317189422782803, 18.613508069107084, 0.0 ], [ 81.317603448703665, 18.613389096294014, 0.0 ], [ 81.317789046637756, 18.613484274958235, 0.0 ], [ 81.318222108950053, 18.613370061443259, 0.0 ], [ 81.318431499887566, 18.613279641769264, 0.0 ], [ 81.318683722895301, 18.61307024891153, 0.0 ], [ 81.318859803781834, 18.613003624689949, 0.0 ], [ 81.319131062103267, 18.613036936637556, 0.0 ], [ 81.319278588708457, 18.612818026407158, 0.0 ], [ 81.319445151120348, 18.612537249959178, 0.0 ], [ 81.319483222592311, 18.612327856419107, 0.0 ], [ 81.319673579260638, 18.611890036351245, 0.0 ], [ 81.319714336417221, 18.611819564173846, 0.0 ], [ 81.319527539893457, 18.611733725640498, 0.0 ], [ 81.319246763740864, 18.612043056099196, 0.0 ], [ 81.319032611370346, 18.61241425139027, 0.0 ], [ 81.318723281778972, 18.612590330921751, 0.0 ], [ 81.318133175420442, 18.612542742867856, 0.0 ], [ 81.317866675537559, 18.612433286747933, 0.0 ], [ 81.318071309845877, 18.611995466827864, 0.0 ], [ 81.31786667554384, 18.611771797048149, 0.0 ], [ 81.317685836990208, 18.611362529682445, 0.0 ], [ 81.317362230402736, 18.61120072690537, 0.0 ], [ 81.317171874074532, 18.61135777067442, 0.0 ], [ 81.316724534901198, 18.611357770937257, 0.0 ], [ 81.316605561693223, 18.611395842134854, 0.0 ], [ 81.316543695478572, 18.611843180702738, 0.0 ], [ 81.316077322090592, 18.611914564688966, 0.0 ], [ 81.315577634536083, 18.611771797129713, 0.0 ], [ 81.315425349205995, 18.611619510747946, 0.0 ], [ 81.315234992195528, 18.611605234482319, 0.0 ], [ 81.315030358363245, 18.61164330597402, 0.0 ], [ 81.314920903576734, 18.611586199678364, 0.0 ], [ 81.314659163005459, 18.611424395225434, 0.0 ], [ 81.314478323895116, 18.61156240466698, 0.0 ], [ 81.314502118853412, 18.611962154167365, 0.0 ], [ 81.314778136020479, 18.612223894614246, 0.0 ], [ 81.314820965623653, 18.612428527633913, 0.0 ], [ 81.314982769616492, 18.612466599927256, 0.0 ], [ 81.315154090581586, 18.612395216072223, 0.0 ], [ 81.315420589919569, 18.612438045821399, 0.0 ], [ 81.315963107747123, 18.612438046136116, 0.0 ], [ 81.316120151632717, 18.612552260154128, 0.0 ], [ 81.316259222765936, 18.612907091249422, 0.0 ] ] ] } },
{ "type": "Feature", "properties": { "OBJECTID": 43, "LAYER": "UPLAND-CULTIVATION", "AREAHA": 6.0168035998300002, "Shape_Leng": 1252.17553806, "Shape_Area": 60704.185356499998 }, "geometry": { "type": "Polygon", "coordinates": [ [ [ 81.318659928649154, 18.615390223931691, 0.0 ], [ 81.318607580613914, 18.61519510783657, 0.0 ], [ 81.318759865873545, 18.615023786742153, 0.0 ], [ 81.318779406170137, 18.614910213277241, 0.0 ], [ 81.31878540745717, 18.614875323973322, 0.0 ], [ 81.318836008753976, 18.61458120698558, 0.0 ], [ 81.318978776085018, 18.614229046016931, 0.0 ], [ 81.318888356874552, 18.614014894815622, 0.0 ], [ 81.318831249992172, 18.613453342207347, 0.0 ], [ 81.318550473315611, 18.613596109262417, 0.0 ], [ 81.318322045775375, 18.613738878212445, 0.0 ], [ 81.31815072396239, 18.613772189862484, 0.0 ], [ 81.317441645309742, 18.613734118215191, 0.0 ], [ 81.317160869254522, 18.613762672031186, 0.0 ], [ 81.317032377792586, 18.613767431105693, 0.0 ], [ 81.316889610192419, 18.61368177083969, 0.0 ], [ 81.316708770550278, 18.613510449455021, 0.0 ], [ 81.316343821497625, 18.613665847805375, 0.0 ], [ 81.316343821168473, 18.613870481857372, 0.0 ], [ 81.316158222598375, 18.61389903522101, 0.0 ], [ 81.315530045415187, 18.613703919311945, 0.0 ], [ 81.315344447802786, 18.613694401440203, 0.0 ], [ 81.315158938202003, 18.613826309996398, 0.0 ], [ 81.315118074639585, 18.61405467489843, 0.0 ], [ 81.314863796079891, 18.614636667980577, 0.0 ], [ 81.315035117042783, 18.614679498791052, 0.0 ], [ 81.315154089907438, 18.614860337222833, 0.0 ], [ 81.315287340346671, 18.614974551662975, 0.0 ], [ 81.315401554922119, 18.614988828393358, 0.0 ], [ 81.315653777496905, 18.614974551305501, 0.0 ], [ 81.316082080168371, 18.614931721679074, 0.0 ], [ 81.316362856166393, 18.614998345828461, 0.0 ], [ 81.316662669026968, 18.61514111291881, 0.0 ], [ 81.316805436092679, 18.615193461774922, 0.0 ], [ 81.317029105640003, 18.614898408701723, 0.0 ], [ 81.317324158371704, 18.614865096185369, 0.0 ], [ 81.317628730641161, 18.614926962079302, 0.0 ], [ 81.317838122476928, 18.615007863538583, 0.0 ], [ 81.318066551202406, 18.615374301392659, 0.0 ], [ 81.318271184901079, 18.615498032720087, 0.0 ], [ 81.318551960841489, 18.615574175900747, 0.0 ], [ 81.318659928649154, 18.615390223931691, 0.0 ] ] ] } },
{ "type": "Feature", "properties": { "OBJECTID": 44, "LAYER": "UPLAND-CULTIVATION", "AREAHA": 1.4372027437699999, "Shape_Leng": 801.56281420899995, "Shape_Area": 14500.645364 }, "geometry": { "type": "Polygon", "coordinates": [ [ [ 81.305877788285187, 18.61404476555143, 0.0 ], [ 81.305781693391737, 18.614055852568448, 0.0 ], [ 81.305514187579959, 18.614086719116131, 0.0 ], [ 81.305234601390836, 18.61427112683436, 0.0 ], [ 81.305139423044835, 18.614360357139965, 0.0 ], [ 81.30497881012657, 18.614580456696565, 0.0 ], [ 81.304847939189216, 18.614770813968555, 0.0 ], [ 81.304740697274653, 18.615076442776729, 0.0 ], [ 81.304858608971529, 18.615077055496521, 0.0 ], [ 81.305029944494109, 18.615077943813965, 0.0 ], [ 81.305397845429169, 18.615111156620511, 0.0 ], [ 81.305493003768575, 18.61513079707299, 0.0 ], [ 81.305515775639066, 18.61512646218625, 0.0 ], [ 81.305599226093804, 18.615167699437773, 0.0 ], [ 81.30575841107121, 18.615257949964946, 0.0 ], [ 81.305903233755004, 18.615340055839166, 0.0 ], [ 81.305937586361793, 18.6153605559923, 0.0 ], [ 81.305724770475123, 18.614831490666159, 0.0 ], [ 81.30560103830021, 18.614631616324981, 0.0 ], [ 81.305624833679232, 18.61446505361468, 0.0 ], [ 81.305791395015959, 18.61434132098104, 0.0 ], [ 81.306119760543439, 18.614541196052297, 0.0 ], [ 81.306186386237258, 18.614517400918388, 0.0 ], [ 81.306253011071178, 18.614141446964457, 0.0 ], [ 81.3063767428022, 18.614108134313906, 0.0 ], [ 81.306667036893046, 18.614093856959396, 0.0 ], [ 81.30689070674498, 18.614012956020765, 0.0 ], [ 81.307157317187716, 18.614030619790437, 0.0 ], [ 81.306964580297503, 18.613795053124889, 0.0 ], [ 81.306896766333097, 18.613795052694055, 0.0 ], [ 81.306543416198906, 18.613798621115468, 0.0 ], [ 81.30609012907891, 18.613770068018795, 0.0 ], [ 81.305978183673304, 18.614033180618581, 0.0 ], [ 81.305877788285187, 18.61404476555143, 0.0 ] ] ] } },
{ "type": "Feature", "properties": { "OBJECTID": 45, "LAYER": "UPLAND-CULTIVATION", "AREAHA": 6.17063530172, "Shape_Leng": 1672.88176524, "Shape_Area": 62259.139031500003 }, "geometry": { "type": "Polygon", "coordinates": [ [ [ 81.300732177710344, 18.611854602038438, 0.0 ], [ 81.300698018693822, 18.612028186066016, 0.0 ], [ 81.300790814335926, 18.612134401664512, 0.0 ], [ 81.300849985125708, 18.612204370175142, 0.0 ], [ 81.300909808815405, 18.612273817470637, 0.0 ], [ 81.301023577790275, 18.612523075088117, 0.0 ], [ 81.301104473298153, 18.612705200976318, 0.0 ], [ 81.301128474795561, 18.612759235940448, 0.0 ], [ 81.301212836731551, 18.612798068111225, 0.0 ], [ 81.301263808148207, 18.612873840704687, 0.0 ], [ 81.301360314627132, 18.613002684493505, 0.0 ], [ 81.301463263194904, 18.613140129326542, 0.0 ], [ 81.301805364187089, 18.613615107694422, 0.0 ], [ 81.301842083483223, 18.613666088180921, 0.0 ], [ 81.302140942032963, 18.614088911052669, 0.0 ], [ 81.302184395481703, 18.614168951031552, 0.0 ], [ 81.302246980277886, 18.614236078420646, 0.0 ], [ 81.302277364495595, 18.614256551317411, 0.0 ], [ 81.302558482961857, 18.614445957797781, 0.0 ], [ 81.302634209119844, 18.614498905834228, 0.0 ], [ 81.302711511241483, 18.614549676336313, 0.0 ], [ 81.302992511106112, 18.614712474303303, 0.0 ], [ 81.303107298959333, 18.614774568037095, 0.0 ], [ 81.303194772794711, 18.614806301294866, 0.0 ], [ 81.303284155006239, 18.614832575850521, 0.0 ], [ 81.303483758212508, 18.614884447681096, 0.0 ], [ 81.303402416097455, 18.614425792882532, 0.0 ], [ 81.303402415814119, 18.61399748955245, 0.0 ], [ 81.303075240815701, 18.613652467682247, 0.0 ], [ 81.303176368055915, 18.613301497375705, 0.0 ], [ 81.303705798047346, 18.612926731148391, 0.0 ], [ 81.304068664997672, 18.612849400019133, 0.0 ], [ 81.304526711383602, 18.612998115308567, 0.0 ], [ 81.304943117411426, 18.613253907899917, 0.0 ], [ 81.305005934749801, 18.612824415105827, 0.0 ], [ 81.304910757676453, 18.612557915267786, 0.0 ], [ 81.304662451847634, 18.612056856125569, 0.0 ], [ 81.304434023631018, 18.612242454842654, 0.0 ], [ 81.304209164719225, 18.612399499042311, 0.0 ], [ 81.304077105043035, 18.6123281146753, 0.0 ], [ 81.304116365492931, 18.612167501550466, 0.0 ], [ 81.304194887594676, 18.612035441696065, 0.0 ], [ 81.304184180878067, 18.611828428195249, 0.0 ], [ 81.304248426812308, 18.611774890626755, 0.0 ], [ 81.304202027030044, 18.611628553233214, 0.0 ], [ 81.304055689990804, 18.611403694617316, 0.0 ], [ 81.303709478217357, 18.611414401822028, 0.0 ], [ 81.303666648034238, 18.611475078113386, 0.0 ], [ 81.303630955850053, 18.611632121952592, 0.0 ], [ 81.303613110398231, 18.611746336212239, 0.0 ], [ 81.303420374043029, 18.61193550426567, 0.0 ], [ 81.30326332844264, 18.612099686637038, 0.0 ], [ 81.30305631574376, 18.612146085435455, 0.0 ], [ 81.30296351745217, 18.612249592507652, 0.0 ], [ 81.302920686996117, 18.61233525347145, 0.0 ], [ 81.302877855573655, 18.612463744596617, 0.0 ], [ 81.302692258473726, 18.612724294963762, 0.0 ], [ 81.302603028786152, 18.61275641748993, 0.0 ], [ 81.302456692085372, 18.612720725669096, 0.0 ], [ 81.302196141063433, 18.612681464985105, 0.0 ], [ 81.301882052138396, 18.61254226616499, 0.0 ], [ 81.301500148318183, 18.612463744468329, 0.0 ], [ 81.301143229062234, 18.612088978780282, 0.0 ], [ 81.300979046062253, 18.611946211175749, 0.0 ], [ 81.300754535572224, 18.611862898772753, 0.0 ], [ 81.300732177710344, 18.611854602038438, 0.0 ] ] ] } },
{ "type": "Feature", "properties": { "OBJECTID": 46, "LAYER": "UPLAND-CULTIVATION", "AREAHA": 5.3889410166899996, "Shape_Leng": 1575.001963, "Shape_Area": 54372.084542999997 }, "geometry": { "type": "Polygon", "coordinates": [ [ [ 81.301466883661959, 18.610853825108499, 0.0 ], [ 81.302092522642681, 18.610795353394931, 0.0 ], [ 81.302149629711963, 18.610892434943651, 0.0 ], [ 81.302263844681562, 18.610900049996523, 0.0 ], [ 81.302307626571064, 18.610837232557365, 0.0 ], [ 81.30320681708686, 18.610855228248244, 0.0 ], [ 81.303416208675515, 18.610836192482509, 0.0 ], [ 81.303563735547385, 18.610859987683106, 0.0 ], [ 81.30386830767435, 18.610745772948849, 0.0 ], [ 81.304086027864372, 18.610846899913849, 0.0 ], [ 81.304218087581674, 18.610779085784106, 0.0 ], [ 81.304414393583727, 18.610532811416292, 0.0 ], [ 81.304599990892527, 18.610397182359506, 0.0 ], [ 81.304782020585989, 18.610115216542827, 0.0 ], [ 81.304860542719624, 18.609983156059869, 0.0 ], [ 81.305014017502344, 18.609876080095152, 0.0 ], [ 81.305060417095788, 18.609786850005449, 0.0 ], [ 81.305320967469513, 18.609722605122474, 0.0 ], [ 81.305356660155326, 18.609851096232898, 0.0 ], [ 81.305556534671126, 18.609847526592475, 0.0 ], [ 81.305749270654786, 18.609704759485478, 0.0 ], [ 81.306181143498307, 18.609583406960354, 0.0 ], [ 81.306459539923083, 18.609462053437937, 0.0 ], [ 81.306584461732157, 18.609394239359109, 0.0 ], [ 81.30662729217066, 18.609283594539235, 0.0 ], [ 81.306837873905877, 18.609187226119474, 0.0 ], [ 81.306965095966902, 18.609091891089964, 0.0 ], [ 81.306858495444118, 18.609074758814117, 0.0 ], [ 81.306624357316153, 18.609019555092171, 0.0 ], [ 81.306534888380668, 18.609000519802251, 0.0 ], [ 81.306437806632573, 18.609029073052081, 0.0 ], [ 81.306226510064221, 18.609078565768808, 0.0 ], [ 81.305706835936107, 18.60917184036359, 0.0 ], [ 81.305128151613488, 18.60930128380247, 0.0 ], [ 81.304907337276418, 18.609364101147726, 0.0 ], [ 81.304362917497798, 18.609487832604675, 0.0 ], [ 81.303700474666229, 18.609666767891468, 0.0 ], [ 81.303454914616822, 18.609735297646125, 0.0 ], [ 81.302876229535897, 18.609910425196571, 0.0 ], [ 81.302286124075096, 18.610077939091475, 0.0 ], [ 81.301954902133502, 18.610165503775402, 0.0 ], [ 81.301775966773064, 18.610220707597573, 0.0 ], [ 81.301408577845677, 18.610334921658193, 0.0 ], [ 81.301159210431507, 18.610388221094546, 0.0 ], [ 81.300818471402678, 18.610393932120832, 0.0 ], [ 81.300548193017448, 18.610418802953944, 0.0 ], [ 81.300425979746478, 18.610446398538652, 0.0 ], [ 81.300275597848469, 18.610448302190637, 0.0 ], [ 81.300592430887605, 18.610812184249426, 0.0 ], [ 81.300901761077682, 18.610943054875726, 0.0 ], [ 81.301264629926024, 18.610919259721694, 0.0 ], [ 81.301466883661959, 18.610853825108499, 0.0 ] ] ] } },
{ "type": "Feature", "properties": { "OBJECTID": 47, "LAYER": "UPLAND-CULTIVATION", "AREAHA": 12.492447455000001, "Shape_Leng": 2529.66742355, "Shape_Area": 126041.883019 }, "geometry": { "type": "Polygon", "coordinates": [ [ [ 81.303688586823142, 18.600974223926645, 0.0 ], [ 81.303691839580608, 18.601074032127613, 0.0 ], [ 81.304721555327433, 18.600801480021694, 0.0 ], [ 81.305788981818779, 18.600128165066714, 0.0 ], [ 81.306510548184903, 18.600314272665532, 0.0 ], [ 81.306790612391865, 18.60080806771867, 0.0 ], [ 81.307250474064062, 18.601691936140739, 0.0 ], [ 81.307661139818407, 18.60262153206471, 0.0 ], [ 81.307785246913312, 18.603382305721258, 0.0 ], [ 81.307499217285027, 18.603850403685165, 0.0 ], [ 81.30835946828681, 18.603668090505519, 0.0 ], [ 81.308740182402587, 18.603211234103664, 0.0 ], [ 81.30911137840701, 18.602821001640802, 0.0 ], [ 81.309425467020503, 18.60269727095336, 0.0 ], [ 81.30980618078074, 18.602487877583989, 0.0 ], [ 81.309901358597415, 18.602011985026422, 0.0 ], [ 81.309806180611105, 18.601783557459662, 0.0 ], [ 81.309787144723543, 18.60145995082501, 0.0 ], [ 81.309158967998769, 18.601374289331094, 0.0 ], [ 81.308797288899981, 18.601317182827366, 0.0 ], [ 81.308540308018621, 18.601088754874684, 0.0 ], [ 81.30852127182375, 18.601202968764245, 0.0 ], [ 81.308413005691108, 18.60132789032231, 0.0 ], [ 81.308121522046207, 18.601089944758481, 0.0 ], [ 81.30824049515148, 18.600792511646926, 0.0 ], [ 81.308526030605918, 18.600625948948757, 0.0 ], [ 81.308954333841868, 18.600477232847133, 0.0 ], [ 81.309182086546215, 18.600457305331464, 0.0 ], [ 81.309245667005342, 18.600451741520573, 0.0 ], [ 81.309242248019515, 18.600393634704563, 0.0 ], [ 81.309223212692586, 18.600203277842049, 0.0 ], [ 81.309151828472153, 18.600079545337092, 0.0 ], [ 81.309237489286161, 18.599846358645724, 0.0 ], [ 81.309327908822681, 18.599484681157847, 0.0 ], [ 81.309261284002076, 18.599365707607671, 0.0 ], [ 81.308913882698732, 18.599389501829254, 0.0 ], [ 81.308742561801054, 18.599622689129703, 0.0 ], [ 81.308585517507083, 18.59966076133723, 0.0 ], [ 81.308533168446189, 18.599741662324398, 0.0 ], [ 81.30833805245851, 18.599984367950402, 0.0 ], [ 81.308095348213897, 18.600193760469068, 0.0 ], [ 81.307952580245058, 18.600122375691846, 0.0 ], [ 81.307828849122046, 18.599970091235207, 0.0 ], [ 81.307648009738671, 18.59993677808195, 0.0 ], [ 81.307429098735469, 18.599993885131962, 0.0 ], [ 81.3073672333785, 18.599841599131402, 0.0 ], [ 81.307238741935763, 18.599294324444109, 0.0 ], [ 81.307057902621764, 18.599151555892682, 0.0 ], [ 81.306767609227322, 18.599061136386982, 0.0 ], [ 81.306515386204339, 18.599061136244817, 0.0 ], [ 81.306110876973975, 18.599261011348581, 0.0 ], [ 81.305378003889658, 18.599184868632115, 0.0 ], [ 81.305144816214295, 18.599294324259894, 0.0 ], [ 81.305254271260907, 18.599560824135004, 0.0 ], [ 81.304916387814117, 18.59982256411304, 0.0 ], [ 81.304197790611994, 18.599998644786979, 0.0 ], [ 81.303793283495025, 18.600307974540467, 0.0 ], [ 81.303688586823142, 18.600974223926645, 0.0 ] ] ] } },
{ "type": "Feature", "properties": { "OBJECTID": 48, "LAYER": "UPLAND-CULTIVATION", "AREAHA": 48.906552285899998, "Shape_Leng": 4922.6392523499999, "Shape_Area": 493455.46198800002 }, "geometry": { "type": "Polygon", "coordinates": [ [ [ 81.294529203739515, 18.590578862297967, 0.0 ], [ 81.294514713508121, 18.591152779795699, 0.0 ], [ 81.294450468294158, 18.591709573422705, 0.0 ], [ 81.294122102157047, 18.591923725144628, 0.0 ], [ 81.294371945932653, 18.592323475205031, 0.0 ], [ 81.294571819828434, 18.592537626025671, 0.0 ], [ 81.294364806953737, 18.59309442074796, 0.0 ], [ 81.294807387055215, 18.593080143753046, 0.0 ], [ 81.294871632361875, 18.59279460842783, 0.0 ], [ 81.295292797102405, 18.592773192594485, 0.0 ], [ 81.295970942702027, 18.593094420067345, 0.0 ], [ 81.296285032270603, 18.593351401503739, 0.0 ], [ 81.296363554218431, 18.593615521780691, 0.0 ], [ 81.296413523222313, 18.593751151510986, 0.0 ], [ 81.296699058450727, 18.594000994587041, 0.0 ], [ 81.296948901464177, 18.594400744207405, 0.0 ], [ 81.297384343445145, 18.595086028462585, 0.0 ], [ 81.297648463962602, 18.59538584110425, 0.0 ], [ 81.297819784837074, 18.596063987605007, 0.0 ], [ 81.297726985618823, 18.59678496341855, 0.0 ], [ 81.297784092265871, 18.597291789172171, 0.0 ], [ 81.297584218025818, 18.597291789000629, 0.0 ], [ 81.297462864922593, 18.597777199240038, 0.0 ], [ 81.297884030284592, 18.59787713675043, 0.0 ], [ 81.29808390426588, 18.598084149407811, 0.0 ], [ 81.298141011631358, 18.598355408572047, 0.0 ], [ 81.298170445131504, 18.598920259903444, 0.0 ], [ 81.298342472904451, 18.598924614926137, 0.0 ], [ 81.298706530791947, 18.598781847075472, 0.0 ], [ 81.298977789005448, 18.598631940681173, 0.0 ], [ 81.299341846768968, 18.598717601569838, 0.0 ], [ 81.299791563918333, 18.598689048077837, 0.0 ], [ 81.300191314190158, 18.598689047870998, 0.0 ], [ 81.300476849560084, 18.598567696283851, 0.0 ], [ 81.30099946992064, 18.598700705331161, 0.0 ], [ 81.301099407300555, 18.598648357398019, 0.0 ], [ 81.301146995759893, 18.598550800121565, 0.0 ], [ 81.301168411496505, 18.598507968206896, 0.0 ], [ 81.301170791160729, 18.598424687492205, 0.0 ], [ 81.301180308634443, 18.598279541034849, 0.0 ], [ 81.301087509529196, 18.598120117537299, 0.0 ], [ 81.301001848988435, 18.598034456531078, 0.0 ], [ 81.300868599190906, 18.597903585736347, 0.0 ], [ 81.300804353772051, 18.597770335991367, 0.0 ], [ 81.300792457129205, 18.597606153464877, 0.0 ], [ 81.300761523594858, 18.597349171249029, 0.0 ], [ 81.300768661622655, 18.597301582250154, 0.0 ], [ 81.300780559082156, 18.597268270357031, 0.0 ], [ 81.300804326309787, 18.59724925601612, 0.0 ], [ 81.300585114733948, 18.596954421493038, 0.0 ], [ 81.300478038988302, 18.596668885896754, 0.0 ], [ 81.300097325341582, 18.596395247865924, 0.0 ], [ 81.299835584246424, 18.596282223521591, 0.0 ], [ 81.299288308425588, 18.595663564013478, 0.0 ], [ 81.299133643808062, 18.595711152260293, 0.0 ], [ 81.298996824199591, 18.595395874969849, 0.0 ], [ 81.29884215963736, 18.595336387637339, 0.0 ], [ 81.298479291800945, 18.594949725221184, 0.0 ], [ 81.298354370839832, 18.594854546507346, 0.0 ], [ 81.29827703722674, 18.594753419852712, 0.0 ], [ 81.298413856883386, 18.594610652597915, 0.0 ], [ 81.298062887026049, 18.59406932551164, 0.0 ], [ 81.298175911204652, 18.59391465964465, 0.0 ], [ 81.298538778337559, 18.594146657180531, 0.0 ], [ 81.298788621519222, 18.594325116785591, 0.0 ], [ 81.298973030408803, 18.594503576683149, 0.0 ], [ 81.29920502759191, 18.594747471696298, 0.0 ], [ 81.299407281223779, 18.594967571921419, 0.0 ], [ 81.299615484671293, 18.595229311618947, 0.0 ], [ 81.3001151711711, 18.595806331528387, 0.0 ], [ 81.300257939603043, 18.59580633190221, 0.0 ], [ 81.300412603809789, 18.595657614833861, 0.0 ], [ 81.300448296063308, 18.595514847314845, 0.0 ], [ 81.300335270762957, 18.595235260983245, 0.0 ], [ 81.300186554653223, 18.594818855395054, 0.0 ], [ 81.300222246771312, 18.594450038467826, 0.0 ], [ 81.30015086319807, 18.594015787007422, 0.0 ], [ 81.299865327284692, 18.593688611449636, 0.0 ], [ 81.299627381093742, 18.593593432283239, 0.0 ], [ 81.29951435738711, 18.593480408473351, 0.0 ], [ 81.299746354154053, 18.593123489509537, 0.0 ], [ 81.299895071213697, 18.593153232676034, 0.0 ], [ 81.30022819618209, 18.593438767386875, 0.0 ], [ 81.300382860581834, 18.593861121843503, 0.0 ], [ 81.300382860290711, 18.594295372952981, 0.0 ], [ 81.300442347399866, 18.594967571358897, 0.0 ], [ 81.300686241932979, 18.595354233979076, 0.0 ], [ 81.300823060546435, 18.595663563827063, 0.0 ], [ 81.301035161608553, 18.595854869237584, 0.0 ], [ 81.30101374634485, 18.59572161952207, 0.0 ], [ 81.300999470233876, 18.595531262705645, 0.0 ], [ 81.300975674654012, 18.595121996001765, 0.0 ], [ 81.300966157361543, 18.594957812775299, 0.0 ], [ 81.300923327135536, 18.594519992143525, 0.0 ], [ 81.300880497097538, 18.594282046222727, 0.0 ], [ 81.300892394160101, 18.594186867965405, 0.0 ], [ 81.30092570681731, 18.593906091612425, 0.0 ], [ 81.300897151929462, 18.593611039096533, 0.0 ], [ 81.300890014658762, 18.593335020924076, 0.0 ], [ 81.300831671450595, 18.592800962676584, 0.0 ], [ 81.300828148224056, 18.592768709572482, 0.0 ], [ 81.300816251070842, 18.592219053614613, 0.0 ], [ 81.300801974089694, 18.591990624489327, 0.0 ], [ 81.30075676470274, 18.591731263962558, 0.0 ], [ 81.300706795294559, 18.591517113345343, 0.0 ], [ 81.30062113489997, 18.591155434551325, 0.0 ], [ 81.300525957030843, 18.590781858604139, 0.0 ], [ 81.300435537363299, 18.590477288089584, 0.0 ], [ 81.300252318727431, 18.589977600966535, 0.0 ], [ 81.300057202906714, 18.589451740748885, 0.0 ], [ 81.299945367853226, 18.589132892050173, 0.0 ], [ 81.299912563459401, 18.58903687875079, 0.0 ], [ 81.299847810480912, 18.588847357349952, 0.0 ], [ 81.299797841887283, 18.58861654921197, 0.0 ], [ 81.29975263171147, 18.588288184012441, 0.0 ], [ 81.299705042048373, 18.588083550135924, 0.0 ], [ 81.299657453463212, 18.587786118382457, 0.0 ], [ 81.299634537699873, 18.587586150090743, 0.0 ], [ 81.299551979301171, 18.58761786890668, 0.0 ], [ 81.299185079210375, 18.587760338354602, 0.0 ], [ 81.299174346119713, 18.587765859616699, 0.0 ], [ 81.29910239365357, 18.587802879172582, 0.0 ], [ 81.299066559327599, 18.587818579141583, 0.0 ], [ 81.299017097534602, 18.587840249953814, 0.0 ], [ 81.298752262468184, 18.587972522884275, 0.0 ], [ 81.298573021847389, 18.588051128157716, 0.0 ], [ 81.298363802396253, 18.588080301305876, 0.0 ], [ 81.2982094256312, 18.588157136549398, 0.0 ], [ 81.298068606857541, 18.588227223664692, 0.0 ], [ 81.297922553358561, 18.588292639839384, 0.0 ], [ 81.297488715619181, 18.588486950919371, 0.0 ], [ 81.297422355825873, 18.588486283273696, 0.0 ], [ 81.297332199706133, 18.58848537666244, 0.0 ], [ 81.297178711565451, 18.588524715662945, 0.0 ], [ 81.297175791200829, 18.588615697086556, 0.0 ], [ 81.297174525573581, 18.588616987393745, 0.0 ], [ 81.297097668513686, 18.588695363632006, 0.0 ], [ 81.297074010615816, 18.588783329908729, 0.0 ], [ 81.296999391317129, 18.588838165690305, 0.0 ], [ 81.29679367576982, 18.588957383393346, 0.0 ], [ 81.296688795285348, 18.589016609794498, 0.0 ], [ 81.296035026800823, 18.589426646995861, 0.0 ], [ 81.295952971200279, 18.58947032593106, 0.0 ], [ 81.295874403837772, 18.589519687607648, 0.0 ], [ 81.295486066717643, 18.589833885614038, 0.0 ], [ 81.294913808210566, 18.590265467478599, 0.0 ], [ 81.294599443978925, 18.590521627223254, 0.0 ], [ 81.294529203739515, 18.590578862297967, 0.0 ] ] ] } },
{ "type": "Feature", "properties": { "OBJECTID": 49, "LAYER": "UPLAND-CULTIVATION", "AREAHA": 4.8661061749799996, "Shape_Leng": 1156.8933695400001, "Shape_Area": 49098.983811400001 }, "geometry": { "type": "Polygon", "coordinates": [ [ [ 81.290430135114093, 18.598077452678698, 0.0 ], [ 81.291328614386757, 18.597655846462178, 0.0 ], [ 81.291221538916176, 18.597263235763872, 0.0 ], [ 81.291875890973472, 18.596858727321287, 0.0 ], [ 81.29213763183887, 18.597287030066273, 0.0 ], [ 81.292637317823107, 18.59722754319635, 0.0 ], [ 81.292637317686427, 18.597049084276975, 0.0 ], [ 81.292101940240855, 18.596561293953833, 0.0 ], [ 81.29198296650604, 18.595823661621825, 0.0 ], [ 81.292304194083528, 18.595740380521228, 0.0 ], [ 81.292078145256127, 18.595442947404603, 0.0 ], [ 81.291709328753683, 18.595323974282167, 0.0 ], [ 81.291637944843913, 18.59510982362039, 0.0 ], [ 81.291114464119303, 18.595109823452002, 0.0 ], [ 81.290828928442508, 18.595240693645717, 0.0 ], [ 81.290864620265324, 18.595847456339168, 0.0 ], [ 81.290002969921588, 18.595955955521823, 0.0 ], [ 81.290006643628317, 18.595977035889177, 0.0 ], [ 81.290070703134958, 18.596344588167678, 0.0 ], [ 81.290052639460811, 18.596395246653014, 0.0 ], [ 81.290040426514295, 18.596429496604333, 0.0 ], [ 81.290085552503371, 18.596509996557124, 0.0 ], [ 81.290213971059387, 18.59698083472923, 0.0 ], [ 81.290365293402758, 18.597535639153726, 0.0 ], [ 81.290430135114093, 18.598077452678698, 0.0 ] ] ] } },
{ "type": "Feature", "properties": { "OBJECTID": 50, "LAYER": "UPLAND-CULTIVATION", "AREAHA": 3.3680338773999998, "Shape_Leng": 1245.4043511100001, "Shape_Area": 33983.224490300003 }, "geometry": { "type": "Polygon", "coordinates": [ [ [ 81.292790213758764, 18.603774003513831, 0.0 ], [ 81.292883830245444, 18.603488953064094, 0.0 ], [ 81.293083706019232, 18.603496090706738, 0.0 ], [ 81.293176504553756, 18.603603166788723, 0.0 ], [ 81.293262165444972, 18.603403292144339, 0.0 ], [ 81.293240749963772, 18.603189140218714, 0.0 ], [ 81.293276442179845, 18.602982127377565, 0.0 ], [ 81.293383517319, 18.602718006845159, 0.0 ], [ 81.293640499373168, 18.602546686549164, 0.0 ], [ 81.293704744966931, 18.60253240928645, 0.0 ], [ 81.29378326635144, 18.602475302334337, 0.0 ], [ 81.293521006191568, 18.60200742139169, 0.0 ], [ 81.293383676001795, 18.602064908432745, 0.0 ], [ 81.293205216156181, 18.602249316250973, 0.0 ], [ 81.293104089204064, 18.602469417741641, 0.0 ], [ 81.293062448962175, 18.602677619843085, 0.0 ], [ 81.292889937369125, 18.602814438838646, 0.0 ], [ 81.292741221681823, 18.602749003784439, 0.0 ], [ 81.292723375991358, 18.602582441520514, 0.0 ], [ 81.292919680942816, 18.60220172823567, 0.0 ], [ 81.293169524311224, 18.601999473403389, 0.0 ], [ 81.29351454692069, 18.60177937278775, 0.0 ], [ 81.293901208959909, 18.601523582004205, 0.0 ], [ 81.294198642300884, 18.601303481754428, 0.0 ], [ 81.294234333582295, 18.601083381853293, 0.0 ], [ 81.294151052162746, 18.600934665328829, 0.0 ], [ 81.29384767098837, 18.600809742862914, 0.0 ], [ 81.293675159723833, 18.600839485895595, 0.0 ], [ 81.29329087733224, 18.60083948636316, 0.0 ], [ 81.293267083058879, 18.601203543777149, 0.0 ], [ 81.292991064590822, 18.601441490086195, 0.0 ], [ 81.292681734334678, 18.601569981260141, 0.0 ], [ 81.292443789248097, 18.601546186478338, 0.0 ], [ 81.292415235685866, 18.601931658819698, 0.0 ], [ 81.29227722641329, 18.602326649517533, 0.0 ], [ 81.291859691877434, 18.602533250166172, 0.0 ], [ 81.292052249126925, 18.602856890832502, 0.0 ], [ 81.292292750571306, 18.603326891530035, 0.0 ], [ 81.29232641618249, 18.60341176121587, 0.0 ], [ 81.29268009525498, 18.603591209223282, 0.0 ], [ 81.292680162613465, 18.603589336120081, 0.0 ], [ 81.292729709920295, 18.603668468131882, 0.0 ], [ 81.292771732104796, 18.603741768415734, 0.0 ], [ 81.292772595717551, 18.603743272826865, 0.0 ], [ 81.292790213758764, 18.603774003513831, 0.0 ] ] ] } },
{ "type": "Feature", "properties": { "OBJECTID": 51, "LAYER": "UPLAND-CULTIVATION", "AREAHA": 3.4575372084599998, "Shape_Leng": 1126.1633627000001, "Shape_Area": 34886.067258100004 }, "geometry": { "type": "Polygon", "coordinates": [ [ [ 81.293210979587968, 18.604658757143472, 0.0 ], [ 81.293317748268976, 18.604855276019567, 0.0 ], [ 81.293426165207862, 18.604966792453162, 0.0 ], [ 81.293479247150543, 18.605044566340968, 0.0 ], [ 81.293513695857285, 18.60514362026057, 0.0 ], [ 81.293530167513353, 18.605308535837175, 0.0 ], [ 81.293602904728203, 18.605437952289847, 0.0 ], [ 81.29368340190392, 18.605686522509384, 0.0 ], [ 81.293692424314528, 18.605714385762173, 0.0 ], [ 81.293709992509719, 18.605775782654877, 0.0 ], [ 81.293711018996319, 18.605779362518355, 0.0 ], [ 81.293783586103345, 18.606071707851413, 0.0 ], [ 81.29392529193764, 18.606127201103277, 0.0 ], [ 81.294208923898907, 18.606235704039282, 0.0 ], [ 81.294734308619383, 18.606466036601965, 0.0 ], [ 81.295735586138363, 18.606873400014273, 0.0 ], [ 81.29638887637816, 18.607149056702085, 0.0 ], [ 81.29641822786752, 18.607161442632719, 0.0 ], [ 81.296534717234266, 18.606833681990299, 0.0 ], [ 81.296534717257245, 18.606671878001553, 0.0 ], [ 81.296491886706235, 18.606448209290676, 0.0 ], [ 81.296377671938401, 18.606343512498231, 0.0 ], [ 81.296282494276269, 18.6064386913792, 0.0 ], [ 81.295939851243276, 18.606238816129551, 0.0 ], [ 81.295863708466243, 18.606138878749572, 0.0 ], [ 81.295711423933497, 18.606086531199601, 0.0 ], [ 81.29530691518265, 18.606162672919258, 0.0 ], [ 81.295226014241763, 18.606157915032977, 0.0 ], [ 81.295111798774229, 18.606005629360677, 0.0 ], [ 81.29504041523937, 18.60585810228719, 0.0 ], [ 81.29504517481918, 18.605753406479348, 0.0 ], [ 81.295054692404065, 18.605662986922347, 0.0 ], [ 81.295340227720999, 18.605377452202731, 0.0 ], [ 81.295321192193128, 18.605220406493835, 0.0 ], [ 81.295092764402696, 18.605158541094688, 0.0 ], [ 81.294521692628663, 18.605239442582722, 0.0 ], [ 81.29420284500948, 18.605310826569916, 0.0 ], [ 81.294031524411153, 18.605248960141445, 0.0 ], [ 81.293974416220593, 18.604996738503573, 0.0 ], [ 81.293931586248377, 18.604692166614871, 0.0 ], [ 81.293841167142403, 18.604582711692327, 0.0 ], [ 81.293598461798723, 18.604549399591608, 0.0 ], [ 81.293370033147212, 18.604549398942314, 0.0 ], [ 81.293210979587968, 18.604658757143472, 0.0 ] ] ] } },
{ "type": "Feature", "properties": { "OBJECTID": 52, "LAYER": "UPLAND-CULTIVATION", "AREAHA": 1.2922742435900001, "Shape_Leng": 553.25262832800001, "Shape_Area": 13038.785872099999 }, "geometry": { "type": "Polygon", "coordinates": [ [ [ 81.296839287851881, 18.605886656039711, 0.0 ], [ 81.296777421441064, 18.605624915652943, 0.0 ], [ 81.296796457576249, 18.605496424739115, 0.0 ], [ 81.296867841094098, 18.605334621748323, 0.0 ], [ 81.29694874365245, 18.605244202023698, 0.0 ], [ 81.297191448493777, 18.605129987992143, 0.0 ], [ 81.297352083936815, 18.605119076332617, 0.0 ], [ 81.297376253685101, 18.6050665354242, 0.0 ], [ 81.297590404870448, 18.604685821900009, 0.0 ], [ 81.297642389242426, 18.604554493047576, 0.0 ], [ 81.297669362059409, 18.604486350826356, 0.0 ], [ 81.297624510211492, 18.604458979139977, 0.0 ], [ 81.297529331339703, 18.60444470277293, 0.0 ], [ 81.297448430496345, 18.604535122066757, 0.0 ], [ 81.297291384973647, 18.604639819234212, 0.0 ], [ 81.2970915112315, 18.604611265054196, 0.0 ], [ 81.296805975283021, 18.604649336111532, 0.0 ], [ 81.296596583374097, 18.604720720194017, 0.0 ], [ 81.296430021008064, 18.604849211835866, 0.0 ], [ 81.296344360098331, 18.605011014704232, 0.0 ], [ 81.296196834069221, 18.605210889512168, 0.0 ], [ 81.296211110664274, 18.605382210458902, 0.0 ], [ 81.296192075078196, 18.605591603183424, 0.0 ], [ 81.296187315207803, 18.605767683100066, 0.0 ], [ 81.296239664042304, 18.606024664679218, 0.0 ], [ 81.296558511169195, 18.606005628756655, 0.0 ], [ 81.296839287851881, 18.605886656039711, 0.0 ] ] ] } },
{ "type": "Feature", "properties": { "OBJECTID": 53, "LAYER": "UPLAND-CULTIVATION", "AREAHA": 3.7875053187700001, "Shape_Leng": 1455.7329871300001, "Shape_Area": 38214.924178499998 }, "geometry": { "type": "Polygon", "coordinates": [ [ [ 81.296885323668718, 18.607396801294801, 0.0 ], [ 81.296925317204852, 18.607417821368703, 0.0 ], [ 81.297193719936388, 18.607611985813584, 0.0 ], [ 81.297496387394133, 18.60784421990838, 0.0 ], [ 81.297613564431032, 18.607912197204005, 0.0 ], [ 81.297655036656735, 18.607918783812309, 0.0 ], [ 81.297687323844968, 18.607954985058385, 0.0 ], [ 81.297896137156016, 18.608164019593854, 0.0 ], [ 81.298238778532095, 18.608519987790636, 0.0 ], [ 81.29856619299359, 18.608900701202206, 0.0 ], [ 81.29894309955732, 18.609296643502958, 0.0 ], [ 81.29914297424169, 18.609530782293159, 0.0 ], [ 81.299390438263345, 18.609814414222551, 0.0 ], [ 81.299556049285414, 18.610004771200654, 0.0 ], [ 81.299889173085361, 18.610263656694521, 0.0 ], [ 81.300045265888613, 18.610353124142648, 0.0 ], [ 81.300174709036057, 18.610391195715149, 0.0 ], [ 81.300351740235612, 18.610400713351797, 0.0 ], [ 81.300572900901116, 18.61037859661382, 0.0 ], [ 81.300663806294637, 18.610368233814505, 0.0 ], [ 81.300755653760845, 18.610357764542933, 0.0 ], [ 81.300801008428635, 18.61035533391825, 0.0 ], [ 81.300865335964318, 18.610179203635795, 0.0 ], [ 81.300889130308491, 18.610036436349532, 0.0 ], [ 81.30085581853605, 18.609703311296535, 0.0 ], [ 81.300836782374631, 18.609698552575981, 0.0 ], [ 81.300646425416829, 18.609717588482976, 0.0 ], [ 81.300498899320999, 18.60968427591801, 0.0 ], [ 81.300218122796494, 18.609846079766474, 0.0 ], [ 81.299894515612564, 18.609917463467294, 0.0 ], [ 81.299680363697718, 18.609803248918872, 0.0 ], [ 81.299647052113443, 18.609674758035084, 0.0 ], [ 81.299537596342631, 18.609432053713281, 0.0 ], [ 81.29929965060488, 18.609336874362647, 0.0 ], [ 81.29912357056385, 18.609098928583155, 0.0 ], [ 81.298852312603856, 18.608865740827255, 0.0 ], [ 81.298714303678182, 18.608523098514368, 0.0 ], [ 81.298709543972322, 18.608275634462355, 0.0 ], [ 81.298709543756175, 18.607890162095366, 0.0 ], [ 81.298704785696714, 18.607480895420501, 0.0 ], [ 81.298590570755209, 18.607304815342932, 0.0 ], [ 81.298495392759278, 18.607304814852281, 0.0 ], [ 81.298257446993219, 18.607442824407713, 0.0 ], [ 81.298067089964292, 18.607509448492788, 0.0 ], [ 81.297986187669352, 18.60747613562226, 0.0 ], [ 81.297886250903446, 18.607281020816046, 0.0 ], [ 81.297772037293285, 18.606938377659276, 0.0 ], [ 81.297810107773685, 18.606562422708951, 0.0 ], [ 81.297762518370916, 18.606443449295451, 0.0 ], [ 81.297381805180848, 18.606419655576989, 0.0 ], [ 81.296929707953552, 18.606643324663153, 0.0 ], [ 81.296815493482654, 18.60695265443093, 0.0 ], [ 81.296885323668718, 18.607396801294801, 0.0 ] ] ] } },
{ "type": "Feature", "properties": { "OBJECTID": 54, "LAYER": "UPLAND-CULTIVATION", "AREAHA": 0.48251598355800002, "Shape_Leng": 647.98590134899996, "Shape_Area": 4868.4517267499996 }, "geometry": { "type": "Polygon", "coordinates": [ [ [ 81.298811375705711, 18.60947466659325, 0.0 ], [ 81.29887915885341, 18.609574154234192, 0.0 ], [ 81.298927382278251, 18.609652119286938, 0.0 ], [ 81.298981645492461, 18.609726245604602, 0.0 ], [ 81.299297456899154, 18.610158438441143, 0.0 ], [ 81.299355700928487, 18.610229658189837, 0.0 ], [ 81.299434560262441, 18.610278694225777, 0.0 ], [ 81.299685553024091, 18.610542659871644, 0.0 ], [ 81.299880390172163, 18.610323458384869, 0.0 ], [ 81.299839680450233, 18.610288403137925, 0.0 ], [ 81.299624577303248, 18.610138020888812, 0.0 ], [ 81.299506555936233, 18.610018096383723, 0.0 ], [ 81.299363788773661, 18.609862003541128, 0.0 ], [ 81.299169624779864, 18.609627864548159, 0.0 ], [ 81.298853632087216, 18.609273800363489, 0.0 ], [ 81.298564289238215, 18.60899968690612, 0.0 ], [ 81.298295886254493, 18.608674176430018, 0.0 ], [ 81.298056036621105, 18.60838483371333, 0.0 ], [ 81.297958846985651, 18.608292560931126, 0.0 ], [ 81.298028112096191, 18.608379687700182, 0.0 ], [ 81.298351182726194, 18.608835525344961, 0.0 ], [ 81.298391338820082, 18.608892185518751, 0.0 ], [ 81.29845745457726, 18.608956596640187, 0.0 ], [ 81.298509788528122, 18.609032021024007, 0.0 ], [ 81.298805632585754, 18.609466237976182, 0.0 ], [ 81.298811375705711, 18.60947466659325, 0.0 ] ] ] } },
{ "type": "Feature", "properties": { "OBJECTID": 55, "LAYER": "UPLAND-CULTIVATION", "AREAHA": 6.2935312528500003, "Shape_Leng": 1240.4611487300001, "Shape_Area": 63498.342871100002 }, "geometry": { "type": "Polygon", "coordinates": [ [ [ 81.305944508892253, 18.607324508748817, 0.0 ], [ 81.305823676761065, 18.607818822330817, 0.0 ], [ 81.305538141715772, 18.608404169222482, 0.0 ], [ 81.30523832937655, 18.608775365956856, 0.0 ], [ 81.304704464423665, 18.609363919789963, 0.0 ], [ 81.305335640200113, 18.609202298291397, 0.0 ], [ 81.305916229388458, 18.609080469334696, 0.0 ], [ 81.306293135598168, 18.609021458736986, 0.0 ], [ 81.306496817881794, 18.608960545032971, 0.0 ], [ 81.306593900067838, 18.608970062649288, 0.0 ], [ 81.306906084851121, 18.60902716930395, 0.0 ], [ 81.307151415933376, 18.608425584988282, 0.0 ], [ 81.307258491041438, 18.607997281706279, 0.0 ], [ 81.307572580537411, 18.607262027890322, 0.0 ], [ 81.307958053209489, 18.606897970272762, 0.0 ], [ 81.308332618230708, 18.606288027798197, 0.0 ], [ 81.308218754099968, 18.606241217119468, 0.0 ], [ 81.307961771797267, 18.60611510663389, 0.0 ], [ 81.307792830369635, 18.605998511977983, 0.0 ], [ 81.307566781716218, 18.605831949926909, 0.0 ], [ 81.307366907816416, 18.605658249517091, 0.0 ], [ 81.307264916526861, 18.605569007608622, 0.0 ], [ 81.306808773477869, 18.605884320128478, 0.0 ], [ 81.306658867681207, 18.606091333908349, 0.0 ], [ 81.306494684317272, 18.606284069720374, 0.0 ], [ 81.306344778717701, 18.606733787878206, 0.0 ], [ 81.306280533758624, 18.60673378811914, 0.0 ], [ 81.305980721301125, 18.607176367526861, 0.0 ], [ 81.30595553503349, 18.607279403968818, 0.0 ], [ 81.305944508892253, 18.607324508748817, 0.0 ] ] ] } },
{ "type": "Feature", "properties": { "OBJECTID": 56, "LAYER": "UPLAND-CULTIVATION", "AREAHA": 15.3689426107, "Shape_Leng": 2008.6958869099999, "Shape_Area": 155066.44293600001 }, "geometry": { "type": "Polygon", "coordinates": [ [ [ 81.305202637385818, 18.60743334924668, 0.0 ], [ 81.305288298085884, 18.607055014875623, 0.0 ], [ 81.305259744324957, 18.606698095887442, 0.0 ], [ 81.305038455101908, 18.606505359926128, 0.0 ], [ 81.304581598048387, 18.606576744007217, 0.0 ], [ 81.304160433174104, 18.606648126965979, 0.0 ], [ 81.30383264446553, 18.606404832149988, 0.0 ], [ 81.303843637982723, 18.606399665352455, 0.0 ], [ 81.303572515342694, 18.606089949638868, 0.0 ], [ 81.303218800254328, 18.606040301729312, 0.0 ], [ 81.303015844175775, 18.606148237197736, 0.0 ], [ 81.302828189334136, 18.606399625613161, 0.0 ], [ 81.302640524164801, 18.606669007171277, 0.0 ], [ 81.302050470871876, 18.606717247859347, 0.0 ], [ 81.301635710125836, 18.606106132307989, 0.0 ], [ 81.301575488196008, 18.606017400626413, 0.0 ], [ 81.301272580925215, 18.606506565239133, 0.0 ], [ 81.30089781634922, 18.607000303373361, 0.0 ], [ 81.300755047526437, 18.607208506578615, 0.0 ], [ 81.300469512757346, 18.606982456987215, 0.0 ], [ 81.300255360610606, 18.606827793124666, 0.0 ], [ 81.300088799014162, 18.607041943838169, 0.0 ], [ 81.299993620470389, 18.607202557907662, 0.0 ], [ 81.300255361110501, 18.607607066612836, 0.0 ], [ 81.300457615547813, 18.607749833920447, 0.0 ], [ 81.300647973011309, 18.607797423472093, 0.0 ], [ 81.300760996953329, 18.607963984610493, 0.0 ], [ 81.300368385789255, 18.608029419961138, 0.0 ], [ 81.300326744375027, 18.608207880176231, 0.0 ], [ 81.300368386035387, 18.608618337136257, 0.0 ], [ 81.300457615551139, 18.608648079719874, 0.0 ], [ 81.300933507364803, 18.608737309871938, 0.0 ], [ 81.3013737079349, 18.608915769655162, 0.0 ], [ 81.30151647609145, 18.609046639548165, 0.0 ], [ 81.301397503092431, 18.609546326394092, 0.0 ], [ 81.301409400210972, 18.609932988753012, 0.0 ], [ 81.301540270194607, 18.609944886261342, 0.0 ], [ 81.30158305057634, 18.610226535028314, 0.0 ], [ 81.30162748929466, 18.610211188717685, 0.0 ], [ 81.302185233878873, 18.610053193175109, 0.0 ], [ 81.302979022111231, 18.60983618614301, 0.0 ], [ 81.304065960039992, 18.609527807371467, 0.0 ], [ 81.304284796188966, 18.60947162073774, 0.0 ], [ 81.304031942368724, 18.608861026387796, 0.0 ], [ 81.304296062550591, 18.608732535321131, 0.0 ], [ 81.304481661135995, 18.608446999455513, 0.0 ], [ 81.304481661149438, 18.608311370601736, 0.0 ], [ 81.304153295143166, 18.608054388861476, 0.0 ], [ 81.304524491509866, 18.607904482878638, 0.0 ], [ 81.304981347371893, 18.607733161400908, 0.0 ], [ 81.305202637385818, 18.60743334924668, 0.0 ] ] ] } },
{ "type": "Feature", "properties": { "OBJECTID": 57, "LAYER": "UPLAND-CULTIVATION", "AREAHA": 3.4250926778199999, "Shape_Leng": 786.80350768000005, "Shape_Area": 34557.158338300003 }, "geometry": { "type": "Polygon", "coordinates": [ [ [ 81.308032372904236, 18.614309345497702, 0.0 ], [ 81.30799001738697, 18.614486468470329, 0.0 ], [ 81.307304732622683, 18.615064677292235, 0.0 ], [ 81.306819323092071, 18.615278829584241, 0.0 ], [ 81.306496242110157, 18.615751089744499, 0.0 ], [ 81.306652218859185, 18.615807962537556, 0.0 ], [ 81.307020148720355, 18.615905365565773, 0.0 ], [ 81.307382367634773, 18.615948339327254, 0.0 ], [ 81.307444687757013, 18.615955733273559, 0.0 ], [ 81.307486060183166, 18.615960642567376, 0.0 ], [ 81.307578430051734, 18.615946002079426, 0.0 ], [ 81.307672010215512, 18.61594415459528, 0.0 ], [ 81.308144410621807, 18.615926988644546, 0.0 ], [ 81.308273172122824, 18.615897907399283, 0.0 ], [ 81.308474225968325, 18.615884871854735, 0.0 ], [ 81.308474088108738, 18.615878901806592, 0.0 ], [ 81.30856800533563, 18.615852072618271, 0.0 ], [ 81.309122874396124, 18.615732099525548, 0.0 ], [ 81.309203669544431, 18.615721658691957, 0.0 ], [ 81.309443462381566, 18.615195842367072, 0.0 ], [ 81.309479821924597, 18.615126972319743, 0.0 ], [ 81.309501453723968, 18.615086000480392, 0.0 ], [ 81.30898419642034, 18.614768074095085, 0.0 ], [ 81.308622517204938, 18.614501573605679, 0.0 ], [ 81.308032372904236, 18.614309345497702, 0.0 ] ] ] } },
{ "type": "Feature", "properties": { "OBJECTID": 58, "LAYER": "UPLAND-CULTIVATION", "AREAHA": 1.7667036731400001, "Shape_Leng": 656.52392103800003, "Shape_Area": 17824.984680900001 }, "geometry": { "type": "Polygon", "coordinates": [ [ [ 81.308945481558041, 18.611389417939943, 0.0 ], [ 81.309342188679423, 18.610480460940682, 0.0 ], [ 81.309302678616717, 18.610464363971268, 0.0 ], [ 81.309108513683967, 18.610336825458681, 0.0 ], [ 81.308916253537006, 18.610201671853225, 0.0 ], [ 81.308682114783451, 18.610009410969024, 0.0 ], [ 81.308421325921415, 18.609809536829538, 0.0 ], [ 81.3082119331971, 18.609642022749096, 0.0 ], [ 81.307871194396299, 18.609430725590705, 0.0 ], [ 81.307616115891094, 18.609346969739388, 0.0 ], [ 81.30754935728018, 18.609321983540369, 0.0 ], [ 81.307434677867363, 18.609950428831802, 0.0 ], [ 81.307630956847987, 18.609955879894716, 0.0 ], [ 81.307793711684127, 18.610052961707215, 0.0 ], [ 81.307812271809809, 18.610128628583812, 0.0 ], [ 81.307806909434817, 18.610183030117202, 0.0 ], [ 81.30797823138262, 18.610190168965914, 0.0 ], [ 81.308081737985646, 18.610440012447054, 0.0 ], [ 81.308213798346017, 18.610589918913579, 0.0 ], [ 81.308367272725675, 18.610693425739413, 0.0 ], [ 81.308538594513166, 18.610957545681551, 0.0 ], [ 81.308670881145105, 18.611082720372796, 0.0 ], [ 81.308695512850164, 18.611106027300607, 0.0 ], [ 81.308870528800298, 18.611271634640236, 0.0 ], [ 81.308945481558041, 18.611389417939943, 0.0 ] ] ] } },
{ "type": "Feature", "properties": { "OBJECTID": 59, "LAYER": "SETTLEMENT", "AREAHA": 1.84341831417, "Shape_Leng": 628.48978714400005, "Shape_Area": 18598.803475500001 }, "geometry": { "type": "Polygon", "coordinates": [ [ [ 81.31121972399319, 18.608242045000612, 0.0 ], [ 81.311114408292354, 18.608450009555863, 0.0 ], [ 81.310564752987275, 18.608514255884636, 0.0 ], [ 81.310793181822106, 18.608935419803906, 0.0 ], [ 81.31082887293158, 18.609170986112062, 0.0 ], [ 81.311307144602338, 18.60926378598846, 0.0 ], [ 81.311556988207457, 18.609492213632329, 0.0 ], [ 81.311749725035682, 18.609585013031413, 0.0 ], [ 81.312167444689806, 18.609378484008239, 0.0 ], [ 81.312183490598997, 18.609295572863751, 0.0 ], [ 81.312204906455918, 18.6091432871346, 0.0 ], [ 81.312209666163042, 18.608895823685259, 0.0 ], [ 81.312229890302589, 18.60873996837519, 0.0 ], [ 81.312276290274951, 18.608482987290284, 0.0 ], [ 81.312306033566713, 18.608279542885121, 0.0 ], [ 81.312360760651174, 18.608122498668163, 0.0 ], [ 81.312373848070933, 18.608067770782498, 0.0 ], [ 81.312382185259736, 18.607937952065964, 0.0 ], [ 81.312296526021512, 18.608037889323615, 0.0 ], [ 81.311930088618979, 18.608285352814498, 0.0 ], [ 81.311649311432674, 18.608380530524911, 0.0 ], [ 81.311228063096806, 18.608244732900037, 0.0 ], [ 81.31121972399319, 18.608242045000612, 0.0 ] ] ] } },
{ "type": "Feature", "properties": { "OBJECTID": 60, "LAYER": "UPLAND-CULTIVATION", "AREAHA": 3.64148249011, "Shape_Leng": 1157.5769476, "Shape_Area": 36740.272517899997 }, "geometry": { "type": "Polygon", "coordinates": [ [ [ 81.308025383052623, 18.609442147342627, 0.0 ], [ 81.308030627273595, 18.609324461923055, 0.0 ], [ 81.308023488392422, 18.609160279172258, 0.0 ], [ 81.308087733600374, 18.609024649915778, 0.0 ], [ 81.308301885379635, 18.608931850134024, 0.0 ], [ 81.308658804543811, 18.60873911393865, 0.0 ], [ 81.309058554214602, 18.608446440277699, 0.0 ], [ 81.309351227023754, 18.608196596745117, 0.0 ], [ 81.309772392278362, 18.607889647004288, 0.0 ], [ 81.309943713583806, 18.6077040487917, 0.0 ], [ 81.310498448072067, 18.607547783146376, 0.0 ], [ 81.310477119664398, 18.607491415453538, 0.0 ], [ 81.310411992651638, 18.607319292578438, 0.0 ], [ 81.310502411333331, 18.606833882408061, 0.0 ], [ 81.310949750552879, 18.606472203376491, 0.0 ], [ 81.311102035923085, 18.606353230298978, 0.0 ], [ 81.311331341539386, 18.606357557356354, 0.0 ], [ 81.311174996362865, 18.606282381651134, 0.0 ], [ 81.310960844446285, 18.60623003400508, 0.0 ], [ 81.310730037139678, 18.606230034378633, 0.0 ], [ 81.310506367901368, 18.606225275199975, 0.0 ], [ 81.310216073858783, 18.606263346138256, 0.0 ], [ 81.310079493103913, 18.606272150612764, 0.0 ], [ 81.309993832868898, 18.606305462720233, 0.0 ], [ 81.309791577663802, 18.606360190436384, 0.0 ], [ 81.309658327996516, 18.606417296989711, 0.0 ], [ 81.309594083072852, 18.606464886778706, 0.0 ], [ 81.309520319556967, 18.606476784326645, 0.0 ], [ 81.309478529322448, 18.606683819796672, 0.0 ], [ 81.309221546660694, 18.607047876368256, 0.0 ], [ 81.309057363592672, 18.607469041088429, 0.0 ], [ 81.308714722002577, 18.607904482498888, 0.0 ], [ 81.308115097474257, 18.608268539831045, 0.0 ], [ 81.307972329645864, 18.608782503835421, 0.0 ], [ 81.307769824557397, 18.609346313068755, 0.0 ], [ 81.308025383052623, 18.609442147342627, 0.0 ] ] ] } },
{ "type": "Feature", "properties": { "OBJECTID": 61, "LAYER": "UPLAND-CULTIVATION", "AREAHA": 4.4048837555600002, "Shape_Leng": 1303.77675843, "Shape_Area": 44441.800449800001 }, "geometry": { "type": "Polygon", "coordinates": [ [ [ 81.313302947964445, 18.610127352986478, 0.0 ], [ 81.313745795202692, 18.609993089737614, 0.0 ], [ 81.314560759750634, 18.609814631626048, 0.0 ], [ 81.315649364032112, 18.609404173052646, 0.0 ], [ 81.316053871761696, 18.609267354930502, 0.0 ], [ 81.316262074316086, 18.609172176309812, 0.0 ], [ 81.31624422897147, 18.608743873167128, 0.0 ], [ 81.316659753873068, 18.608547290003646, 0.0 ], [ 81.316582421061852, 18.608392624813398, 0.0 ], [ 81.316603242046867, 18.60825878095936, 0.0 ], [ 81.316412884551085, 18.608327189876768, 0.0 ], [ 81.316237400559586, 18.6083866765068, 0.0 ], [ 81.31610740979599, 18.608595156648708, 0.0 ], [ 81.315857565731662, 18.608761719456361, 0.0 ], [ 81.315524441894254, 18.608827153881283, 0.0 ], [ 81.315191317259462, 18.60884499978355, 0.0 ], [ 81.31492362807856, 18.608797411425471, 0.0 ], [ 81.314846295462928, 18.608672489934172, 0.0 ], [ 81.314412043766865, 18.608666540479103, 0.0 ], [ 81.314007535575598, 18.608845000276588, 0.0 ], [ 81.313632770011907, 18.60889853857628, 0.0 ], [ 81.313240159515686, 18.609082946444445, 0.0 ], [ 81.313008162605371, 18.609065100511579, 0.0 ], [ 81.312817805559945, 18.608898538481036, 0.0 ], [ 81.312615550145821, 18.608833102723565, 0.0 ], [ 81.312433344910346, 18.60856573268039, 0.0 ], [ 81.3124683485796, 18.60810530177319, 0.0 ], [ 81.312371865877196, 18.6082763704289, 0.0 ], [ 81.312343312220875, 18.608538110922385, 0.0 ], [ 81.312267169225848, 18.609121078150554, 0.0 ], [ 81.312242506955869, 18.609275215440132, 0.0 ], [ 81.312318802855302, 18.609335468899648, 0.0 ], [ 81.312429209892002, 18.609445875021699, 0.0 ], [ 81.312545328002486, 18.609643846017725, 0.0 ], [ 81.312693806859045, 18.609765674849637, 0.0 ], [ 81.312922234811097, 18.609914152680538, 0.0 ], [ 81.313302947964445, 18.610127352986478, 0.0 ] ] ] } },
{ "type": "Feature", "properties": { "OBJECTID": 62, "LAYER": "UPLAND-CULTIVATION", "AREAHA": 3.0079450405800001, "Shape_Leng": 1261.8329123599999, "Shape_Area": 30347.6397966 }, "geometry": { "type": "Polygon", "coordinates": [ [ [ 81.31768910375925, 18.606425404547814, 0.0 ], [ 81.316609298699873, 18.606432943003412, 0.0 ], [ 81.316103662342783, 18.60651027441736, 0.0 ], [ 81.316368378661707, 18.607069447730435, 0.0 ], [ 81.316484376807821, 18.607363907130178, 0.0 ], [ 81.316014434179976, 18.607658364812099, 0.0 ], [ 81.314976394484049, 18.6077327232336, 0.0 ], [ 81.31444398907098, 18.607438264855453, 0.0 ], [ 81.313918128855491, 18.607342690022467, 0.0 ], [ 81.31378487840071, 18.607951832276349, 0.0 ], [ 81.313628712779945, 18.608050864064378, 0.0 ], [ 81.313829076223087, 18.608119264285346, 0.0 ], [ 81.313876665013382, 18.608381005874143, 0.0 ], [ 81.313811229804358, 18.608488080739349, 0.0 ], [ 81.314203841554317, 18.608339364981276, 0.0 ], [ 81.314453684433701, 18.608208493873875, 0.0 ], [ 81.315024755486036, 18.608095470539695, 0.0 ], [ 81.316035145472142, 18.607910784454798, 0.0 ], [ 81.316240374318895, 18.607794785450164, 0.0 ], [ 81.316534832359423, 18.607800734662, 0.0 ], [ 81.316618113301558, 18.607872118049713, 0.0 ], [ 81.316924754277281, 18.607644562222468, 0.0 ], [ 81.317053245615341, 18.607463723699258, 0.0 ], [ 81.317433959020931, 18.606702295724286, 0.0 ], [ 81.317552931813651, 18.606588081110282, 0.0 ], [ 81.31784311377578, 18.606424329380733, 0.0 ], [ 81.31768910375925, 18.606425404547814, 0.0 ] ] ] } },
{ "type": "Feature", "properties": { "OBJECTID": 63, "LAYER": "UPLAND-CULTIVATION", "AREAHA": 21.728441269099999, "Shape_Leng": 3771.1396863, "Shape_Area": 219223.82639599999 }, "geometry": { "type": "Polygon", "coordinates": [ [ [ 81.310672930540619, 18.606156270896683, 0.0 ], [ 81.310813318449192, 18.606134855561113, 0.0 ], [ 81.311120269808157, 18.606199101035468, 0.0 ], [ 81.311377250250061, 18.60627524344212, 0.0 ], [ 81.311667544335009, 18.606320452761171, 0.0 ], [ 81.311767095915286, 18.606308020524743, 0.0 ], [ 81.311808735328313, 18.606007613541138, 0.0 ], [ 81.31222216793833, 18.605942179503995, 0.0 ], [ 81.312585034711347, 18.605939204270946, 0.0 ], [ 81.312742674735418, 18.606206893363545, 0.0 ], [ 81.313090670236207, 18.606144433320051, 0.0 ], [ 81.313343488543225, 18.605995716864907, 0.0 ], [ 81.313218566619497, 18.605820230950311, 0.0 ], [ 81.313322822409248, 18.605593322501875, 0.0 ], [ 81.313333447302554, 18.605570197559686, 0.0 ], [ 81.313420820281308, 18.605380031375685, 0.0 ], [ 81.313630834326688, 18.605297728372452, 0.0 ], [ 81.313623659890254, 18.60528377783967, 0.0 ], [ 81.312901827994921, 18.605340917661366, 0.0 ], [ 81.312744464650024, 18.605353375328495, 0.0 ], [ 81.31260627079007, 18.605024896223743, 0.0 ], [ 81.312585160257868, 18.604974719043252, 0.0 ], [ 81.313207980663648, 18.604775158380608, 0.0 ], [ 81.313424191704527, 18.604638866591927, 0.0 ], [ 81.313704991958886, 18.60464519297879, 0.0 ], [ 81.313815421181857, 18.604688052303473, 0.0 ], [ 81.313906014367689, 18.604855291502648, 0.0 ], [ 81.313795839547268, 18.604951127744517, 0.0 ], [ 81.313765814123997, 18.604989438235332, 0.0 ], [ 81.313801135907696, 18.605104162043162, 0.0 ], [ 81.313794125847068, 18.605233735936121, 0.0 ], [ 81.314081122031112, 18.605121264503278, 0.0 ], [ 81.313981845308376, 18.604891361933209, 0.0 ], [ 81.313968096794028, 18.604859524305507, 0.0 ], [ 81.313944301987277, 18.604657269722878, 0.0 ], [ 81.314203068979552, 18.604553168495844, 0.0 ], [ 81.314423169248528, 18.604499630059873, 0.0 ], [ 81.314664090565074, 18.604520450995309, 0.0 ], [ 81.314878241393743, 18.604505579137225, 0.0 ], [ 81.314857420637722, 18.604359836407841, 0.0 ], [ 81.314741421961216, 18.604193274814367, 0.0 ], [ 81.314670038145266, 18.603982097893638, 0.0 ], [ 81.314747370764266, 18.60393153342147, 0.0 ], [ 81.315116186281273, 18.603967225914012, 0.0 ], [ 81.315321415256065, 18.60404158374439, 0.0 ], [ 81.315788384721202, 18.603922611502103, 0.0 ], [ 81.315812179377474, 18.604059429289766, 0.0 ], [ 81.315972792459078, 18.604422297597772, 0.0 ], [ 81.316079868158894, 18.604475835477086, 0.0 ], [ 81.316386223495243, 18.604449066942273, 0.0 ], [ 81.316558735384319, 18.604324144827476, 0.0 ], [ 81.31665391390348, 18.604318196719241, 0.0 ], [ 81.316668785422848, 18.60450260513932, 0.0 ], [ 81.316549811629713, 18.604856549589734, 0.0 ], [ 81.316166123111344, 18.60513018734833, 0.0 ], [ 81.315812179045281, 18.605302698973436, 0.0 ], [ 81.315699154865982, 18.605377056822366, 0.0 ], [ 81.315672386010263, 18.605558491, 0.0 ], [ 81.31574376905904, 18.60567151509996, 0.0 ], [ 81.315892486240372, 18.605683412107059, 0.0 ], [ 81.315910332043799, 18.605924333381122, 0.0 ], [ 81.315987664962094, 18.605891614993148, 0.0 ], [ 81.316160176355226, 18.605855922429772, 0.0 ], [ 81.316341610230552, 18.605751821864242, 0.0 ], [ 81.316650939176171, 18.605617977206421, 0.0 ], [ 81.316743143364988, 18.605677463626851, 0.0 ], [ 81.316801469496141, 18.605367275984531, 0.0 ], [ 81.316716379215578, 18.605548340257489, 0.0 ], [ 81.316513437040157, 18.605610947708279, 0.0 ], [ 81.316443062458958, 18.605443357985443, 0.0 ], [ 81.316456741094981, 18.605228422408139, 0.0 ], [ 81.316458538875295, 18.605212628902624, 0.0 ], [ 81.316606712680141, 18.605066106822978, 0.0 ], [ 81.31689635290094, 18.604800144651211, 0.0 ], [ 81.317141386298886, 18.604571909400235, 0.0 ], [ 81.317424109026291, 18.604366509611367, 0.0 ], [ 81.317573389387917, 18.604269707255899, 0.0 ], [ 81.317710564555739, 18.604180755795131, 0.0 ], [ 81.317438717675486, 18.60361772168023, 0.0 ], [ 81.317295950799249, 18.603360739432823, 0.0 ], [ 81.316967584912035, 18.603217971748723, 0.0 ], [ 81.316139532361092, 18.602889606319895, 0.0 ], [ 81.315154435251813, 18.602618347494971, 0.0 ], [ 81.314611918533657, 18.602618347745572, 0.0 ], [ 81.31381241983749, 18.602589794659764, 0.0 ], [ 81.313312732740414, 18.602504132998739, 0.0 ], [ 81.313155688573289, 18.602332812362356, 0.0 ], [ 81.313084304125937, 18.601833125864704, 0.0 ], [ 81.312556063609819, 18.60177601867662, 0.0 ], [ 81.31175656540988, 18.602004446685211, 0.0 ], [ 81.311742288077227, 18.602204321215812, 0.0 ], [ 81.312170591115191, 18.602589794634898, 0.0 ], [ 81.312299082582484, 18.603103757718809, 0.0 ], [ 81.312053581607628, 18.603540788517332, 0.0 ], [ 81.3120892737562, 18.603796581372009, 0.0 ], [ 81.312148759871008, 18.604088065023639, 0.0 ], [ 81.311768046212677, 18.604147551406051, 0.0 ], [ 81.311649073633674, 18.604302216791769, 0.0 ], [ 81.31142897366864, 18.604284370857016, 0.0 ], [ 81.310935234726685, 18.603885811259101, 0.0 ], [ 81.310750826832262, 18.603546738152069, 0.0 ], [ 81.310405804780785, 18.603594327498083, 0.0 ], [ 81.310072680408737, 18.603588378590448, 0.0 ], [ 81.309715760924902, 18.603653814198715, 0.0 ], [ 81.309346944680925, 18.603903656762455, 0.0 ], [ 81.309245818149819, 18.604111859866165, 0.0 ], [ 81.309150638586885, 18.604385497730462, 0.0 ], [ 81.309132792741067, 18.60466508443692, 0.0 ], [ 81.309323149695047, 18.605123130752556, 0.0 ], [ 81.3095373016954, 18.605485997930614, 0.0 ], [ 81.309537302010952, 18.605926198861603, 0.0 ], [ 81.309347810793639, 18.60640088766938, 0.0 ], [ 81.309461784853795, 18.606424911570198, 0.0 ], [ 81.309532216921312, 18.606426814516436, 0.0 ], [ 81.309577902684865, 18.606400165201627, 0.0 ], [ 81.309678791343771, 18.606339251849647, 0.0 ], [ 81.309895798740371, 18.606261205164163, 0.0 ], [ 81.310084251442873, 18.606217422620833, 0.0 ], [ 81.31019941740692, 18.606208618985502, 0.0 ], [ 81.310326850489631, 18.6061909947686, 0.0 ], [ 81.310384078022764, 18.606183080628615, 0.0 ], [ 81.310423086882508, 18.606177685867721, 0.0 ], [ 81.310672930540619, 18.606156270896683, 0.0 ] ] ] } },
{ "type": "Feature", "properties": { "OBJECTID": 64, "LAYER": "UPLAND-CULTIVATION", "AREAHA": 13.6068346718, "Shape_Leng": 2558.7364162399999, "Shape_Area": 137279.87453500001 }, "geometry": { "type": "Polygon", "coordinates": [ [ [ 81.319218303033878, 18.604277453661943, 0.0 ], [ 81.319106720800704, 18.603963535950335, 0.0 ], [ 81.318659381196284, 18.60307837644778, 0.0 ], [ 81.318449989770414, 18.602783322712231, 0.0 ], [ 81.318202524857099, 18.602031413566763, 0.0 ], [ 81.318716488314195, 18.601631664017855, 0.0 ], [ 81.31954454089788, 18.601622146540002, 0.0 ], [ 81.319877665717584, 18.602288395204788, 0.0 ], [ 81.320353557765628, 18.603230662467656, 0.0 ], [ 81.320772343252571, 18.603687518504202, 0.0 ], [ 81.321000771888535, 18.604001608185431, 0.0 ], [ 81.321210163280099, 18.604287142065239, 0.0 ], [ 81.32150933363792, 18.604259263382808, 0.0 ], [ 81.321461744660496, 18.604087942618769, 0.0 ], [ 81.321452227023713, 18.60395469281891, 0.0 ], [ 81.32143795056939, 18.603754817224509, 0.0 ], [ 81.321552164286757, 18.603540666451732, 0.0 ], [ 81.321566440803664, 18.603274167038339, 0.0 ], [ 81.321514091894159, 18.603174229242757, 0.0 ], [ 81.321352288506418, 18.603088568075176, 0.0 ], [ 81.321338011648308, 18.602993390064842, 0.0 ], [ 81.321399878586988, 18.602845863572476, 0.0 ], [ 81.321504574971783, 18.602688818635112, 0.0 ], [ 81.320893636391617, 18.602045135702717, 0.0 ], [ 81.320855564872971, 18.601302742823869, 0.0 ], [ 81.32089363596873, 18.600731672676833, 0.0 ], [ 81.320950743784579, 18.599932173946424, 0.0 ], [ 81.321674099267767, 18.599894102891032, 0.0 ], [ 81.321578920678348, 18.59958953182408, 0.0 ], [ 81.321083993569673, 18.599265924966343, 0.0 ], [ 81.320512922854917, 18.598828103923509, 0.0 ], [ 81.319789566283049, 18.598656783049659, 0.0 ], [ 81.319484995252878, 18.599056532505109, 0.0 ], [ 81.319465960161594, 18.599798924068281, 0.0 ], [ 81.318848786344034, 18.599745386731787, 0.0 ], [ 81.318744090471327, 18.600145135417378, 0.0 ], [ 81.318391930529998, 18.600706688518599, 0.0 ], [ 81.317982663097084, 18.601039812539771, 0.0 ], [ 81.317982663241565, 18.601411009206192, 0.0 ], [ 81.317697127423841, 18.601905936679579, 0.0 ], [ 81.317373521070706, 18.602324722188481, 0.0 ], [ 81.317468699298885, 18.602534114410076, 0.0 ], [ 81.317478217186675, 18.6028767576625, 0.0 ], [ 81.317320168342448, 18.60340433237004, 0.0 ], [ 81.31774085072405, 18.603608441433437, 0.0 ], [ 81.318476103727647, 18.604079574715477, 0.0 ], [ 81.319218303033878, 18.604277453661943, 0.0 ] ] ] } },
{ "type": "Feature", "properties": { "OBJECTID": 65, "LAYER": "UPLAND-CULTIVATION", "AREAHA": 7.6764212566800003, "Shape_Leng": 1902.0089374500001, "Shape_Area": 77450.069374500003 }, "geometry": { "type": "Polygon", "coordinates": [ [ [ 81.311555417470643, 18.597337517929788, 0.0 ], [ 81.311387908061604, 18.59670329560231, 0.0 ], [ 81.311776493104304, 18.596630914507681, 0.0 ], [ 81.311877231370119, 18.596863898998812, 0.0 ], [ 81.312221929902819, 18.596791589367783, 0.0 ], [ 81.312415972262812, 18.596617898860181, 0.0 ], [ 81.312816484964131, 18.596210713058099, 0.0 ], [ 81.312822362058839, 18.595995486582339, 0.0 ], [ 81.312633913724497, 18.595798516989923, 0.0 ], [ 81.312345339312714, 18.595703343553325, 0.0 ], [ 81.311906588112222, 18.595769830899993, 0.0 ], [ 81.311549341941159, 18.595836182444749, 0.0 ], [ 81.311184244857799, 18.595848424166277, 0.0 ], [ 81.310993888569485, 18.59597632084332, 0.0 ], [ 81.310729174195671, 18.596062575537765, 0.0 ], [ 81.310619123607282, 18.596062575128194, 0.0 ], [ 81.310556662800764, 18.596047704097099, 0.0 ], [ 81.310509073239231, 18.595976320069816, 0.0 ], [ 81.310485278434044, 18.595937654115271, 0.0 ], [ 81.31045553556126, 18.595991191366981, 0.0 ], [ 81.310318715775992, 18.596009038129974, 0.0 ], [ 81.310211641032495, 18.595997140969253, 0.0 ], [ 81.310131334790526, 18.595988217154577, 0.0 ], [ 81.310098615650318, 18.595991191379959, 0.0 ], [ 81.310119436758853, 18.596092318533838, 0.0 ], [ 81.310122411403185, 18.596211291444888, 0.0 ], [ 81.310098615884158, 18.596371904902593, 0.0 ], [ 81.309919401637387, 18.596616043396473, 0.0 ], [ 81.309626372526651, 18.596831742229007, 0.0 ], [ 81.30914524092924, 18.597040575224735, 0.0 ], [ 81.309071209175443, 18.597707869542866, 0.0 ], [ 81.309207074338971, 18.597951559965903, 0.0 ], [ 81.308449755670011, 18.598316890167812, 0.0 ], [ 81.308669155754998, 18.598610977537987, 0.0 ], [ 81.308532336584562, 18.598765643088413, 0.0 ], [ 81.308413362702751, 18.598854872875716, 0.0 ], [ 81.308449055412652, 18.598958974201913, 0.0 ], [ 81.308478798176012, 18.598967896840549, 0.0 ], [ 81.30862751512862, 18.59897087232757, 0.0 ], [ 81.30897848530077, 18.598938153638841, 0.0 ], [ 81.309433556927203, 18.598884616725439, 0.0 ], [ 81.309796425011029, 18.598884616035576, 0.0 ], [ 81.310067088642526, 18.598816206778753, 0.0 ], [ 81.310269342480126, 18.598726976731854, 0.0 ], [ 81.310673851148465, 18.598673439334672, 0.0 ], [ 81.310727388746102, 18.598646670606314, 0.0 ], [ 81.311134871404377, 18.598599080989015, 0.0 ], [ 81.311337125228249, 18.598789437098883, 0.0 ], [ 81.311479894121305, 18.598938153591547, 0.0 ], [ 81.311622661163454, 18.598967896920218, 0.0 ], [ 81.311723788641515, 18.598848923864157, 0.0 ], [ 81.311729736967351, 18.598533646308372, 0.0 ], [ 81.311795171554948, 18.598200521170916, 0.0 ], [ 81.311717839184553, 18.598051804906643, 0.0 ], [ 81.311509636800963, 18.59805775373486, 0.0 ], [ 81.311200307038774, 18.598254059706701, 0.0 ], [ 81.310861234390117, 18.598390878085887, 0.0 ], [ 81.310676825118364, 18.598289751207073, 0.0 ], [ 81.31047457113516, 18.598176727004621, 0.0 ], [ 81.310313957757444, 18.59797447236275, 0.0 ], [ 81.310296112122614, 18.597784116328132, 0.0 ], [ 81.310421033057764, 18.597456940244012, 0.0 ], [ 81.310873131168378, 18.597213044864667, 0.0 ], [ 81.311182460798577, 18.597201147787416, 0.0 ], [ 81.311450150378519, 18.597296326397679, 0.0 ], [ 81.311555417470643, 18.597337517929788, 0.0 ] ] ] } },
{ "type": "Feature", "properties": { "OBJECTID": 66, "LAYER": "UPLAND-CULTIVATION", "AREAHA": 22.225900836699999, "Shape_Leng": 3996.4857756000001, "Shape_Area": 224240.87669400001 }, "geometry": { "type": "Polygon", "coordinates": [ [ [ 81.316505827493003, 18.602390565632259, 0.0 ], [ 81.316440772148681, 18.602115329152419, 0.0 ], [ 81.316612093742151, 18.602029668847621, 0.0 ], [ 81.317107021094884, 18.602010632787266, 0.0 ], [ 81.31743062752038, 18.601648954964528, 0.0 ], [ 81.317449663657555, 18.601391972989745, 0.0 ], [ 81.317402074393129, 18.601058849039276, 0.0 ], [ 81.317478216910274, 18.600706689152879, 0.0 ], [ 81.317601949082643, 18.600430671077554, 0.0 ], [ 81.317916038032706, 18.600145136283597, 0.0 ], [ 81.318163501962658, 18.599831047105287, 0.0 ], [ 81.318287233455749, 18.599564547366693, 0.0 ], [ 81.318439519505603, 18.599155280359618, 0.0 ], [ 81.318174507194101, 18.598490815588157, 0.0 ], [ 81.317760481505488, 18.598033959233607, 0.0 ], [ 81.318217337544638, 18.597734147288531, 0.0 ], [ 81.318217337547139, 18.597348674362554, 0.0 ], [ 81.318003185578164, 18.596820434260245, 0.0 ], [ 81.317703373991534, 18.59636357754794, 0.0 ], [ 81.317232240906804, 18.596106595000286, 0.0 ], [ 81.316618339091676, 18.596392130505716, 0.0 ], [ 81.316618339232491, 18.597048862169967, 0.0 ], [ 81.316646893069048, 18.597305843792075, 0.0 ], [ 81.315833117307989, 18.597562826269527, 0.0 ], [ 81.31561896602166, 18.597191630208091, 0.0 ], [ 81.315497612918847, 18.597013170592597, 0.0 ], [ 81.315356336868163, 18.597171571899302, 0.0 ], [ 81.315197152931617, 18.596772303637348, 0.0 ], [ 81.314623747510822, 18.596750946734257, 0.0 ], [ 81.314472101571511, 18.597007823336352, 0.0 ], [ 81.313735345838296, 18.59724335980912, 0.0 ], [ 81.314154977908885, 18.596361214934426, 0.0 ], [ 81.313862622130245, 18.596230169492273, 0.0 ], [ 81.313804790148723, 18.596327438863639, 0.0 ], [ 81.31347937232394, 18.596656784170658, 0.0 ], [ 81.313179196113111, 18.597075761313697, 0.0 ], [ 81.312765706421018, 18.597243839306078, 0.0 ], [ 81.312703719298611, 18.597632528221546, 0.0 ], [ 81.31245385993283, 18.598141094276457, 0.0 ], [ 81.312428154158269, 18.598451250931024, 0.0 ], [ 81.312743704306115, 18.598874008512475, 0.0 ], [ 81.313248744905991, 18.599899662641544, 0.0 ], [ 81.313810500409986, 18.599943357796533, 0.0 ], [ 81.314091030470877, 18.599775526903624, 0.0 ], [ 81.313375562791435, 18.598861801392744, 0.0 ], [ 81.313468623703926, 18.598560392588535, 0.0 ], [ 81.314357708418754, 18.598436178660876, 0.0 ], [ 81.31432156002495, 18.597867205019913, 0.0 ], [ 81.314778099326801, 18.597966860481968, 0.0 ], [ 81.315129203488979, 18.597999745948897, 0.0 ], [ 81.315351873972389, 18.598036830583197, 0.0 ], [ 81.315290600596541, 18.598333770537259, 0.0 ], [ 81.31525490850612, 18.598683552334293, 0.0 ], [ 81.315319153376308, 18.598869149950691, 0.0 ], [ 81.315090726224739, 18.599490189226422, 0.0 ], [ 81.314798052179682, 18.599640095019623, 0.0 ], [ 81.31486229677391, 18.599868523679159, 0.0 ], [ 81.315247770040628, 18.599882799934047, 0.0 ], [ 81.315361983354521, 18.599932768967676, 0.0 ], [ 81.315419090684443, 18.600211165713588, 0.0 ], [ 81.3156832114163, 18.600403902154913, 0.0 ], [ 81.316147206452982, 18.60067516067906, 0.0 ], [ 81.316475572475085, 18.600974972878369, 0.0 ], [ 81.316661169781099, 18.601060632798966, 0.0 ], [ 81.31668258505762, 18.601167709094049, 0.0 ], [ 81.316589786324784, 18.601567458785077, 0.0 ], [ 81.31628997320712, 18.601581735272159, 0.0 ], [ 81.315647519304392, 18.601410414885535, 0.0 ], [ 81.315511889577834, 18.601517489704293, 0.0 ], [ 81.315426229205016, 18.601774471925125, 0.0 ], [ 81.315404813763493, 18.602045730823924, 0.0 ], [ 81.315105002769883, 18.601938654954026, 0.0 ], [ 81.314805190571704, 18.601603150667927, 0.0 ], [ 81.314462547550235, 18.601488936268211, 0.0 ], [ 81.314141320602303, 18.601253369814771, 0.0 ], [ 81.313877200447365, 18.601317615592166, 0.0 ], [ 81.313570249633301, 18.601531766707748, 0.0 ], [ 81.31351314293714, 18.601767332960868, 0.0 ], [ 81.31362021833209, 18.602074283721265, 0.0 ], [ 81.313670187280536, 18.602174221609992, 0.0 ], [ 81.313870062868787, 18.602202775021755, 0.0 ], [ 81.314169873987723, 18.602117114293833, 0.0 ], [ 81.314641007018821, 18.602159944813209, 0.0 ], [ 81.314755220895677, 18.602395511605877, 0.0 ], [ 81.31504789564265, 18.602395511258631, 0.0 ], [ 81.315526166670253, 18.602316988592627, 0.0 ], [ 81.315911639656761, 18.602281297546032, 0.0 ], [ 81.316389911849015, 18.602359818672308, 0.0 ], [ 81.316523290230933, 18.602464441852437, 0.0 ], [ 81.316505827493003, 18.602390565632259, 0.0 ] ] ] } },
{ "type": "Feature", "properties": { "OBJECTID": 67, "LAYER": "LOW LAND-CULTIVATION", "AREAHA": 15.264661137399999, "Shape_Leng": 2693.3344135000002, "Shape_Area": 153997.80120799999 }, "geometry": { "type": "Polygon", "coordinates": [ [ [ 81.333483048382931, 18.584360285625259, 0.0 ], [ 81.332965224220388, 18.584669427796882, 0.0 ], [ 81.332822468805816, 18.584762940754576, 0.0 ], [ 81.332702086019722, 18.584755979797595, 0.0 ], [ 81.332533208334013, 18.584957147088943, 0.0 ], [ 81.332578645711934, 18.585111305421126, 0.0 ], [ 81.332653820865843, 18.585082476768921, 0.0 ], [ 81.332785918358468, 18.585311808632316, 0.0 ], [ 81.332748359430866, 18.585340570945231, 0.0 ], [ 81.332628116448305, 18.585405348202009, 0.0 ], [ 81.332492834205837, 18.585473738226799, 0.0 ], [ 81.332222157597727, 18.58555312886087, 0.0 ], [ 81.332082939962504, 18.585531852160596, 0.0 ], [ 81.331760051266784, 18.58520414333362, 0.0 ], [ 81.331593489983305, 18.585489678320261, 0.0 ], [ 81.33191471630343, 18.585739521976194, 0.0 ], [ 81.332031310262437, 18.585853735909417, 0.0 ], [ 81.332441389297458, 18.585778122172126, 0.0 ], [ 81.332847420210598, 18.585667406373812, 0.0 ], [ 81.333188511443922, 18.585690716371595, 0.0 ], [ 81.333579867942802, 18.585771328561474, 0.0 ], [ 81.333971205208798, 18.585842374981983, 0.0 ], [ 81.334372714474, 18.585985141198073, 0.0 ], [ 81.334743861286768, 18.585989264421425, 0.0 ], [ 81.334809201138228, 18.586060887480809, 0.0 ], [ 81.334433626819504, 18.586358075057554, 0.0 ], [ 81.3344288723613, 18.586491996121531, 0.0 ], [ 81.334664959665815, 18.586678098474184, 0.0 ], [ 81.33468045374633, 18.586907636454292, 0.0 ], [ 81.334580332569189, 18.58700346603608, 0.0 ], [ 81.334726470817401, 18.587357118620119, 0.0 ], [ 81.334471076919087, 18.587558440794584, 0.0 ], [ 81.334335250251939, 18.58734824807518, 0.0 ], [ 81.334101253472667, 18.587499456860872, 0.0 ], [ 81.33431559276319, 18.587773961305501, 0.0 ], [ 81.334658234687126, 18.587923867231531, 0.0 ], [ 81.335222167497449, 18.587752545392046, 0.0 ], [ 81.335379211305622, 18.587566948130032, 0.0 ], [ 81.335778961745007, 18.587688300586908, 0.0 ], [ 81.336171571547752, 18.587452734375354, 0.0 ], [ 81.336485660898774, 18.587367073834319, 0.0 ], [ 81.337185222723463, 18.587973835436422, 0.0 ], [ 81.337513587948038, 18.588323617108792, 0.0 ], [ 81.337777708307542, 18.588309340006361, 0.0 ], [ 81.338113213239396, 18.587938144317942, 0.0 ], [ 81.338191734680649, 18.587581225030966, 0.0 ], [ 81.338134627176032, 18.587259997894968, 0.0 ], [ 81.338220288245054, 18.587259997349257, 0.0 ], [ 81.338527238698646, 18.587552671370421, 0.0 ], [ 81.338948402830312, 18.587267135553429, 0.0 ], [ 81.338805636108063, 18.58701729203532, 0.0 ], [ 81.338370194073107, 18.586610404654976, 0.0 ], [ 81.337891922558981, 18.586753172510317, 0.0 ], [ 81.337527864454088, 18.586196378060876, 0.0 ], [ 81.337606387601468, 18.586075025449045, 0.0 ], [ 81.337435066449288, 18.58566099899155, 0.0 ], [ 81.337670632785233, 18.585468262799171, 0.0 ], [ 81.337763431824285, 18.585396879550174, 0.0 ], [ 81.337642079461645, 18.58503995998489, 0.0 ], [ 81.337099561867419, 18.585147035790278, 0.0 ], [ 81.336899687506232, 18.585004268602454, 0.0 ], [ 81.336328617347064, 18.585075652717101, 0.0 ], [ 81.336264371455769, 18.584782979028773, 0.0 ], [ 81.336435691809484, 18.584768701583211, 0.0 ], [ 81.336478522740478, 18.584611657332811, 0.0 ], [ 81.336400000501214, 18.584383228863555, 0.0 ], [ 81.33615015724925, 18.584333260290887, 0.0 ], [ 81.335743269119803, 18.584361813568897, 0.0 ], [ 81.335636193456622, 18.58421904659377, 0.0 ], [ 81.335172198229401, 18.584397505996606, 0.0 ], [ 81.334843832889234, 18.584604518968479, 0.0 ], [ 81.334386976473056, 18.584840085479936, 0.0 ], [ 81.334022918666946, 18.584890054257254, 0.0 ], [ 81.333894428745239, 18.584932884679496, 0.0 ], [ 81.333794490516397, 18.58471873293351, 0.0 ], [ 81.33358033967427, 18.584476028529625, 0.0 ], [ 81.333483048382931, 18.584360285625259, 0.0 ] ] ] } },
{ "type": "Feature", "properties": { "OBJECTID": 68, "LAYER": "LOW LAND-CULTIVATION", "AREAHA": 6.4768160286600001, "Shape_Leng": 1656.30767881, "Shape_Area": 65341.918296399999 }, "geometry": { "type": "Polygon", "coordinates": [ [ [ 81.332058673877853, 18.596204629812767, 0.0 ], [ 81.331649407024784, 18.596118968809463, 0.0 ], [ 81.331411460115717, 18.596766182220549, 0.0 ], [ 81.331130683823943, 18.597073132537773, 0.0 ], [ 81.330545336605951, 18.597658480238078, 0.0 ], [ 81.330738073582367, 18.597886908252285, 0.0 ], [ 81.331137822866211, 18.59772986337174, 0.0 ], [ 81.331601817278568, 18.597480019990307, 0.0 ], [ 81.331801692533105, 18.597901185336895, 0.0 ], [ 81.332008705430241, 18.598079644725939, 0.0 ], [ 81.331937320738106, 18.598343765254281, 0.0 ], [ 81.332080089179897, 18.598393733348953, 0.0 ], [ 81.33245842283462, 18.598158166168826, 0.0 ], [ 81.332558360549626, 18.598151028281322, 0.0 ], [ 81.332815342163371, 18.598122475330413, 0.0 ], [ 81.333386413397434, 18.598043952929959, 0.0 ], [ 81.333793301612289, 18.598043952938486, 0.0 ], [ 81.333586288292096, 18.59836517971355, 0.0 ], [ 81.333550595733328, 18.598736375969761, 0.0 ], [ 81.333657671942362, 18.598857728533602, 0.0 ], [ 81.333886099841536, 18.598936251219129, 0.0 ], [ 81.334100251626325, 18.598950527385931, 0.0 ], [ 81.334107389676703, 18.598800621209929, 0.0 ], [ 81.334307264981561, 18.598836313151264, 0.0 ], [ 81.334557108578153, 18.598964804269656, 0.0 ], [ 81.334935442051389, 18.599050464750544, 0.0 ], [ 81.335263808165848, 18.598979081141909, 0.0 ], [ 81.335470821146615, 18.598964804402453, 0.0 ], [ 81.335449405608912, 18.598622161979581, 0.0 ], [ 81.335220977415361, 18.598072505655832, 0.0 ], [ 81.335049656414029, 18.597622788838944, 0.0 ], [ 81.334814089102849, 18.597208762508465, 0.0 ], [ 81.334564246534896, 18.59713737819115, 0.0 ], [ 81.334307264885069, 18.597208762469602, 0.0 ], [ 81.333957483610462, 18.597008887332866, 0.0 ], [ 81.333807577801934, 18.597201623000572, 0.0 ], [ 81.33367908617879, 18.597337252428247, 0.0 ], [ 81.33338641258679, 18.597430052393772, 0.0 ], [ 81.332751097173002, 18.597387221503297, 0.0 ], [ 81.332308516964645, 18.597201622906397, 0.0 ], [ 81.33208722721011, 18.597080270924483, 0.0 ], [ 81.332051535974472, 18.596237942086212, 0.0 ], [ 81.332058673877853, 18.596204629812767, 0.0 ] ] ] } },
{ "type": "Feature", "properties": { "OBJECTID": 69, "LAYER": "LOW LAND-CULTIVATION", "AREAHA": 8.8586051047200005, "Shape_Leng": 3886.2307429399998, "Shape_Area": 89374.755396099994 }, "geometry": { "type": "Polygon", "coordinates": [ [ [ 81.318832737161003, 18.615769291172708, 0.0 ], [ 81.318899361840465, 18.615669354329672, 0.0 ], [ 81.319132550103873, 18.615745496278073, 0.0 ], [ 81.319560853161619, 18.615536104466443, 0.0 ], [ 81.319594164241664, 18.615417131187364, 0.0 ], [ 81.319502258817664, 18.615342633977278, 0.0 ], [ 81.319649785411585, 18.614976197088858, 0.0 ], [ 81.319659302700771, 18.614738251060849, 0.0 ], [ 81.319597436242645, 18.614471751410754, 0.0 ], [ 81.31962123153869, 18.614219528436362, 0.0 ], [ 81.319749722556963, 18.614148144578689, 0.0 ], [ 81.319916284992061, 18.614257599485104, 0.0 ], [ 81.320001945329807, 18.614400367822029, 0.0 ], [ 81.320030498958971, 18.614462234049341, 0.0 ], [ 81.320111399628715, 18.614605001443817, 0.0 ], [ 81.320197061010646, 18.614657349490706, 0.0 ], [ 81.320420730095137, 18.614676384819212, 0.0 ], [ 81.320910899289316, 18.614823911799665, 0.0 ], [ 81.321324924769016, 18.614971437909464, 0.0 ], [ 81.321957861739648, 18.615076134280407, 0.0 ], [ 81.322443271280548, 18.615195108044393, 0.0 ], [ 81.32244327191485, 18.615290285597869, 0.0 ], [ 81.32249086099857, 18.615423535347379, 0.0 ], [ 81.322638388106938, 18.615471125030332, 0.0 ], [ 81.32286681638945, 18.615471124503141, 0.0 ], [ 81.322900128403887, 18.615632928648239, 0.0 ], [ 81.323161869754614, 18.615785213651982, 0.0 ], [ 81.323347467494969, 18.615685276729753, 0.0 ], [ 81.323537824278219, 18.615590098254408, 0.0 ], [ 81.323556859684658, 18.615328357774072, 0.0 ], [ 81.32374245756499, 18.615314080492539, 0.0 ], [ 81.323713903630463, 18.615047581021706, 0.0 ], [ 81.323571136302988, 18.615090411099843, 0.0 ], [ 81.323509270703809, 18.614909572385049, 0.0 ], [ 81.323276083742613, 18.614866741631275, 0.0 ], [ 81.323161869924945, 18.614866742288466, 0.0 ], [ 81.322938200394518, 18.614923849148941, 0.0 ], [ 81.322771637411705, 18.615004750589534, 0.0 ], [ 81.322571763355896, 18.61490243432328, 0.0 ], [ 81.322443271939022, 18.61480249657162, 0.0 ], [ 81.322271951284733, 18.614745388739514, 0.0 ], [ 81.322172013614207, 18.614788220022312, 0.0 ], [ 81.321979277265413, 18.614802496779536, 0.0 ], [ 81.321708017958287, 18.614759666207959, 0.0 ], [ 81.32143676025197, 18.614681143906246, 0.0 ], [ 81.321172639658911, 18.614681143907365, 0.0 ], [ 81.320937072458094, 18.614674005389599, 0.0 ], [ 81.320801444137771, 18.614652590380974, 0.0 ], [ 81.3207514754519, 18.614602621942229, 0.0 ], [ 81.320630122383136, 18.614509822225326, 0.0 ], [ 81.320451663023732, 18.614381331983505, 0.0 ], [ 81.320423109362238, 18.614217148626771, 0.0 ], [ 81.320437386071461, 18.614060105194191, 0.0 ], [ 81.32011615909316, 18.613924475703989, 0.0 ], [ 81.319930561252477, 18.613760292041594, 0.0 ], [ 81.319951975589703, 18.613353404861932, 0.0 ], [ 81.319830624089747, 18.613353404608851, 0.0 ], [ 81.319809208680084, 18.613117838687987, 0.0 ], [ 81.319859177467663, 18.612860855974507, 0.0 ], [ 81.31987345430808, 18.612518213418934, 0.0 ], [ 81.320273202927396, 18.612211262953309, 0.0 ], [ 81.320323172525733, 18.611890036186242, 0.0 ], [ 81.320622984871321, 18.611240443535493, 0.0 ], [ 81.320805012601269, 18.610260263758402, 0.0 ], [ 81.320628932990331, 18.6102126749063, 0.0 ], [ 81.320457611927054, 18.610222193317874, 0.0 ], [ 81.320405264365107, 18.610336406672289, 0.0 ], [ 81.32025297863575, 18.610464897444455, 0.0 ], [ 81.320186352862905, 18.610588629946143, 0.0 ], [ 81.320134005520984, 18.610788504738007, 0.0 ], [ 81.320134004821199, 18.611007414235537, 0.0 ], [ 81.32009593413548, 18.611221566918886, 0.0 ], [ 81.320029308410213, 18.611459513187601, 0.0 ], [ 81.319918137503478, 18.611467179188796, 0.0 ], [ 81.319673579260638, 18.611890036351245, 0.0 ], [ 81.319483222592311, 18.612327856419107, 0.0 ], [ 81.319445151120348, 18.612537249959178, 0.0 ], [ 81.319278588708457, 18.612818026407158, 0.0 ], [ 81.319131062103267, 18.613036936637556, 0.0 ], [ 81.318859803781834, 18.613003624689949, 0.0 ], [ 81.318683722895301, 18.61307024891153, 0.0 ], [ 81.318431499887566, 18.613279641769264, 0.0 ], [ 81.318222108950053, 18.613370061443259, 0.0 ], [ 81.317789046637756, 18.613484274958235, 0.0 ], [ 81.317603448703665, 18.613389096294014, 0.0 ], [ 81.317189422782803, 18.613508069107084, 0.0 ], [ 81.317075207695453, 18.613489034058372, 0.0 ], [ 81.317018100531342, 18.613446204680208, 0.0 ], [ 81.316794431448699, 18.613232052528335, 0.0 ], [ 81.316551726664215, 18.613089284902788, 0.0 ], [ 81.316423236031454, 18.612841820791164, 0.0 ], [ 81.315956861078732, 18.613027418840574, 0.0 ], [ 81.315939211637257, 18.613036037929742, 0.0 ], [ 81.315680234591198, 18.61305962527943, 0.0 ], [ 81.315544322584572, 18.61308049990404, 0.0 ], [ 81.315339689027653, 18.613161402296512, 0.0 ], [ 81.31523975130149, 18.613442178747189, 0.0 ], [ 81.314920903679536, 18.613737231981673, 0.0 ], [ 81.314744823528883, 18.613918070413447, 0.0 ], [ 81.314659162586281, 18.614208364941092, 0.0 ], [ 81.314349832812894, 18.614636668291315, 0.0 ], [ 81.314387903787548, 18.614746123007926, 0.0 ], [ 81.314583020008811, 18.614746123255639, 0.0 ], [ 81.314863796079891, 18.614636667980577, 0.0 ], [ 81.315118074639585, 18.61405467489843, 0.0 ], [ 81.315158938202003, 18.613826309996398, 0.0 ], [ 81.315344447802786, 18.613694401440203, 0.0 ], [ 81.315544321926112, 18.613337482076616, 0.0 ], [ 81.315790299109537, 18.613265365107729, 0.0 ], [ 81.316066316851618, 18.613220154993389, 0.0 ], [ 81.316247156106343, 18.613144012626964, 0.0 ], [ 81.316351851468269, 18.613186842259186, 0.0 ], [ 81.316413717231455, 18.613234431475018, 0.0 ], [ 81.316556485735248, 18.613362922115968, 0.0 ], [ 81.316708770550278, 18.613510449455021, 0.0 ], [ 81.316889610192419, 18.61368177083969, 0.0 ], [ 81.317032377792586, 18.613767431105693, 0.0 ], [ 81.317160869254522, 18.613762672031186, 0.0 ], [ 81.317441645309742, 18.613734118215191, 0.0 ], [ 81.31815072396239, 18.613772189862484, 0.0 ], [ 81.318322045775375, 18.613738878212445, 0.0 ], [ 81.318550473315611, 18.613596109262417, 0.0 ], [ 81.318831249992172, 18.613453342207347, 0.0 ], [ 81.318888356874552, 18.614014894815622, 0.0 ], [ 81.318978776085018, 18.614229046016931, 0.0 ], [ 81.318836008753976, 18.61458120698558, 0.0 ], [ 81.318759865873545, 18.615023786742153, 0.0 ], [ 81.318607580613914, 18.61519510783657, 0.0 ], [ 81.318659928649154, 18.615390223931691, 0.0 ], [ 81.318551960841489, 18.615574175900747, 0.0 ], [ 81.318523407498944, 18.615888264287648, 0.0 ], [ 81.318432987826228, 18.616173799476794, 0.0 ], [ 81.318356845036973, 18.616435541194079, 0.0 ], [ 81.318413952217739, 18.616559272232791, 0.0 ], [ 81.31864713990052, 18.616397469280265, 0.0 ], [ 81.318766112465667, 18.61612145169709, 0.0 ], [ 81.318699487382233, 18.616007238055065, 0.0 ], [ 81.318832737161003, 18.615769291172708, 0.0 ] ] ] } },
{ "type": "Feature", "properties": { "OBJECTID": 70, "LAYER": "LOW LAND-CULTIVATION", "AREAHA": 6.7045385082299997, "Shape_Leng": 2421.1899700899999, "Shape_Area": 67641.167438100005 }, "geometry": { "type": "Polygon", "coordinates": [ [ [ 81.328601019621587, 18.610970552815417, 0.0 ], [ 81.328440405704413, 18.610884892489015, 0.0 ], [ 81.328029949498188, 18.610938430179729, 0.0 ], [ 81.327887180993471, 18.610777816526944, 0.0 ], [ 81.32769444422533, 18.61057794197183, 0.0 ], [ 81.327494570226975, 18.610385205826457, 0.0 ], [ 81.327408909384147, 18.610231730443122, 0.0 ], [ 81.327173343501585, 18.610113946775549, 0.0 ], [ 81.326852115737154, 18.610142500741571, 0.0 ], [ 81.32642381337439, 18.610063977812079, 0.0 ], [ 81.326074032090276, 18.610081824715959, 0.0 ], [ 81.325906280758232, 18.610085393858586, 0.0 ], [ 81.325642160167234, 18.609946195059909, 0.0 ], [ 81.325452992125463, 18.609931917783076, 0.0 ], [ 81.324999705047773, 18.610067547574605, 0.0 ], [ 81.324717739195904, 18.610081823949958, 0.0 ], [ 81.324510725404338, 18.610246007631282, 0.0 ], [ 81.324282298270546, 18.610278130317297, 0.0 ], [ 81.323889686100529, 18.610295975810153, 0.0 ], [ 81.323725504160478, 18.610406621017272, 0.0 ], [ 81.323447106833157, 18.610367359728951, 0.0 ], [ 81.323204401888319, 18.610185330460556, 0.0 ], [ 81.322786806206807, 18.610096100618343, 0.0 ], [ 81.322158629036068, 18.610071117036505, 0.0 ], [ 81.321758879208431, 18.609960471387847, 0.0 ], [ 81.321491189563616, 18.609871241482686, 0.0 ], [ 81.321419806569835, 18.609792720462526, 0.0 ], [ 81.321084294960841, 18.609220625953185, 0.0 ], [ 81.320901533216016, 18.608724743132029, 0.0 ], [ 81.320888499251794, 18.608461722771619, 0.0 ], [ 81.321195244769029, 18.608123508323629, 0.0 ], [ 81.320923986095309, 18.608104471940994, 0.0 ], [ 81.320781218380446, 18.608147302864928, 0.0 ], [ 81.320667004257487, 18.608194892138009, 0.0 ], [ 81.320486165069312, 18.608328141682961, 0.0 ], [ 81.320329120727038, 18.60840904392505, 0.0 ], [ 81.320238701084918, 18.608394767440938, 0.0 ], [ 81.320205388891097, 18.608585123939033, 0.0 ], [ 81.320167318124064, 18.608718373929715, 0.0 ], [ 81.320210148339143, 18.608923007044286, 0.0 ], [ 81.320319602339552, 18.609151435200683, 0.0 ], [ 81.320509959484852, 18.609379863796317, 0.0 ], [ 81.320738388320549, 18.609608292046879, 0.0 ], [ 81.320838325332659, 18.609684434564244, 0.0 ], [ 81.320857726012406, 18.609720001804501, 0.0 ], [ 81.320865637203369, 18.609734505683509, 0.0 ], [ 81.320895432778428, 18.609789130711029, 0.0 ], [ 81.320904950430162, 18.609974728360672, 0.0 ], [ 81.320852602032105, 18.610146050280704, 0.0 ], [ 81.321098578992419, 18.610178787793458, 0.0 ], [ 81.321401959785916, 18.610268017051443, 0.0 ], [ 81.321580419687038, 18.610363196192264, 0.0 ], [ 81.321714265065836, 18.61040186146268, 0.0 ], [ 81.321910569917307, 18.610422682813436, 0.0 ], [ 81.322205029093325, 18.610476220559367, 0.0 ], [ 81.322374564982212, 18.610514886657402, 0.0 ], [ 81.322713638362842, 18.610479194281421, 0.0 ], [ 81.323076505891223, 18.61054165464785, 0.0 ], [ 81.323216298893712, 18.610601141695472, 0.0 ], [ 81.323403681686116, 18.610699294567009, 0.0 ], [ 81.323677319316573, 18.610746883488869, 0.0 ], [ 81.323897419900419, 18.6107736530872, 0.0 ], [ 81.324129418091303, 18.610702269059228, 0.0 ], [ 81.324191878687728, 18.61064278311034, 0.0 ], [ 81.324293005048048, 18.610761755714947, 0.0 ], [ 81.324406029705088, 18.610752833117065, 0.0 ], [ 81.324530951440565, 18.610586269824694, 0.0 ], [ 81.32466479544415, 18.610556527120842, 0.0 ], [ 81.324765923449519, 18.610624936663765, 0.0 ], [ 81.324870024966003, 18.610556526825782, 0.0 ], [ 81.324974126215437, 18.610458374211117, 0.0 ], [ 81.325146637645616, 18.61041673402066, 0.0 ], [ 81.325441095338093, 18.610443503051261, 0.0 ], [ 81.325676067787683, 18.610470270941963, 0.0 ], [ 81.325893193039619, 18.610550577474193, 0.0 ], [ 81.326062730302638, 18.610746883787151, 0.0 ], [ 81.326297701712349, 18.610886676650022, 0.0 ], [ 81.326455340676034, 18.610886677243734, 0.0 ], [ 81.326702210380674, 18.610913446277262, 0.0 ], [ 81.326996668071686, 18.611094880376697, 0.0 ], [ 81.327264357244147, 18.611234673732707, 0.0 ], [ 81.32756476431743, 18.611398261124819, 0.0 ], [ 81.327793787430679, 18.611579695299007, 0.0 ], [ 81.327888965963993, 18.611734359575067, 0.0 ], [ 81.327999016438739, 18.611814667068447, 0.0 ], [ 81.328543912517361, 18.612005618536543, 0.0 ], [ 81.32872950992892, 18.611459532707944, 0.0 ], [ 81.328775909894162, 18.611124028146627, 0.0 ], [ 81.328601019621587, 18.610970552815417, 0.0 ] ] ] } },
{ "type": "Feature", "properties": { "OBJECTID": 71, "LAYER": "LOW LAND-CULTIVATION", "AREAHA": 12.9653896826, "Shape_Leng": 3212.82168761, "Shape_Area": 130814.294077 }, "geometry": { "type": "Polygon", "coordinates": [ [ [ 81.306965095966902, 18.609091891089964, 0.0 ], [ 81.306837873905877, 18.609187226119474, 0.0 ], [ 81.30662729217066, 18.609283594539235, 0.0 ], [ 81.306584461732157, 18.609394239359109, 0.0 ], [ 81.306459539923083, 18.609462053437937, 0.0 ], [ 81.306181143498307, 18.609583406960354, 0.0 ], [ 81.305749270654786, 18.609704759485478, 0.0 ], [ 81.305556534671126, 18.609847526592475, 0.0 ], [ 81.305356660155326, 18.609851096232898, 0.0 ], [ 81.305320967469513, 18.609722605122474, 0.0 ], [ 81.305060417095788, 18.609786850005449, 0.0 ], [ 81.305014017502344, 18.609876080095152, 0.0 ], [ 81.304860542719624, 18.609983156059869, 0.0 ], [ 81.304782020585989, 18.610115216542827, 0.0 ], [ 81.304599990892527, 18.610397182359506, 0.0 ], [ 81.304414393583727, 18.610532811416292, 0.0 ], [ 81.304218087581674, 18.610779085784106, 0.0 ], [ 81.304086027864372, 18.610846899913849, 0.0 ], [ 81.30386830767435, 18.610745772948849, 0.0 ], [ 81.303563735547385, 18.610859987683106, 0.0 ], [ 81.303416208675515, 18.610836192482509, 0.0 ], [ 81.30320681708686, 18.610855228248244, 0.0 ], [ 81.303263924331986, 18.611026549766084, 0.0 ], [ 81.303092602245584, 18.61113600503198, 0.0 ], [ 81.302778514593058, 18.611412021892434, 0.0 ], [ 81.302526291425849, 18.611697558271729, 0.0 ], [ 81.302378764964104, 18.611830807916242, 0.0 ], [ 81.302174131317898, 18.611983092631736, 0.0 ], [ 81.301879077553195, 18.611949780753992, 0.0 ], [ 81.301645890670258, 18.611949781222144, 0.0 ], [ 81.301393667638337, 18.611968815682161, 0.0 ], [ 81.301150962922961, 18.611811771735788, 0.0 ], [ 81.300813078802548, 18.611630932866063, 0.0 ], [ 81.300732177498858, 18.611673762704054, 0.0 ], [ 81.300732177710344, 18.611854602038438, 0.0 ], [ 81.300979046062253, 18.611946211175749, 0.0 ], [ 81.301143229062234, 18.612088978780282, 0.0 ], [ 81.301500148318183, 18.612463744468329, 0.0 ], [ 81.301882052138396, 18.61254226616499, 0.0 ], [ 81.302196141063433, 18.612681464985105, 0.0 ], [ 81.302456692085372, 18.612720725669096, 0.0 ], [ 81.302603028786152, 18.61275641748993, 0.0 ], [ 81.302692258473726, 18.612724294963762, 0.0 ], [ 81.302877855573655, 18.612463744596617, 0.0 ], [ 81.302920686996117, 18.61233525347145, 0.0 ], [ 81.30296351745217, 18.612249592507652, 0.0 ], [ 81.30305631574376, 18.612146085435455, 0.0 ], [ 81.30326332844264, 18.612099686637038, 0.0 ], [ 81.303420374043029, 18.61193550426567, 0.0 ], [ 81.303613110398231, 18.611746336212239, 0.0 ], [ 81.303630955850053, 18.611632121952592, 0.0 ], [ 81.303666648034238, 18.611475078113386, 0.0 ], [ 81.303709478217357, 18.611414401822028, 0.0 ], [ 81.304055689990804, 18.611403694617316, 0.0 ], [ 81.304202027030044, 18.611628553233214, 0.0 ], [ 81.304248426812308, 18.611774890626755, 0.0 ], [ 81.304184180878067, 18.611828428195249, 0.0 ], [ 81.304194887594676, 18.612035441696065, 0.0 ], [ 81.304116365492931, 18.612167501550466, 0.0 ], [ 81.304077105043035, 18.6123281146753, 0.0 ], [ 81.304209164719225, 18.612399499042311, 0.0 ], [ 81.304434023631018, 18.612242454842654, 0.0 ], [ 81.304662451847634, 18.612056856125569, 0.0 ], [ 81.304733836200711, 18.611803444131205, 0.0 ], [ 81.304812358151196, 18.61153575494027, 0.0 ], [ 81.304873034652388, 18.611375141409777, 0.0 ], [ 81.305015802075417, 18.611321602579984, 0.0 ], [ 81.305183553919576, 18.611357294812908, 0.0 ], [ 81.305444104517747, 18.611264495845798, 0.0 ], [ 81.305822439158334, 18.611210958241578, 0.0 ], [ 81.305961637344879, 18.611364433233192, 0.0 ], [ 81.306215050370312, 18.611685660768924, 0.0 ], [ 81.306347110682282, 18.611914088588179, 0.0 ], [ 81.306447047890629, 18.612074702120537, 0.0 ], [ 81.306536277713732, 18.612242454623228, 0.0 ], [ 81.306557693086404, 18.612438759405276, 0.0 ], [ 81.306629076394287, 18.612831371063287, 0.0 ], [ 81.306643353417712, 18.613074075217227, 0.0 ], [ 81.306525569696944, 18.613198997361135, 0.0 ], [ 81.306225757559645, 18.61333819592836, 0.0 ], [ 81.305925946519224, 18.613523793743692, 0.0 ], [ 81.305925945827539, 18.613595177710394, 0.0 ], [ 81.30609012907891, 18.613770068018795, 0.0 ], [ 81.306543416198906, 18.613798621115468, 0.0 ], [ 81.306896766333097, 18.613795052694055, 0.0 ], [ 81.306964580297503, 18.613795053124889, 0.0 ], [ 81.307157317187716, 18.614030619790437, 0.0 ], [ 81.307239408569004, 18.614034187922005, 0.0 ], [ 81.307346483606693, 18.613994927298442, 0.0 ], [ 81.30742857574009, 18.613887851078701, 0.0 ], [ 81.307325068769742, 18.613541640406414, 0.0 ], [ 81.307196578543213, 18.6133060740944, 0.0 ], [ 81.307068087244062, 18.613216843576847, 0.0 ], [ 81.307043102565657, 18.613038383782776, 0.0 ], [ 81.307018119201345, 18.612827801869472, 0.0 ], [ 81.306971719127404, 18.612235315532391, 0.0 ], [ 81.306950304078484, 18.611924796157741, 0.0 ], [ 81.306961011476744, 18.611660676219884, 0.0 ], [ 81.307350053594547, 18.61155716969089, 0.0 ], [ 81.30742143699473, 18.611318034260268, 0.0 ], [ 81.307467836641862, 18.611160989553806, 0.0 ], [ 81.307796202465099, 18.611118158981693, 0.0 ], [ 81.308010353559624, 18.611082466634031, 0.0 ], [ 81.308021061977016, 18.611043206255619, 0.0 ], [ 81.308103152581438, 18.611146712429239, 0.0 ], [ 81.308306596072867, 18.611428679079815, 0.0 ], [ 81.308620685656592, 18.61156787767008, 0.0 ], [ 81.308945481558041, 18.611389417939943, 0.0 ], [ 81.308870528800298, 18.611271634640236, 0.0 ], [ 81.308538594513166, 18.610957545681551, 0.0 ], [ 81.308367272725675, 18.610693425739413, 0.0 ], [ 81.308213798346017, 18.610589918913579, 0.0 ], [ 81.308081737985646, 18.610440012447054, 0.0 ], [ 81.30797823138262, 18.610190168965914, 0.0 ], [ 81.307806909434817, 18.610183030117202, 0.0 ], [ 81.307724818817903, 18.610411458763544, 0.0 ], [ 81.307603466217287, 18.610511395969375, 0.0 ], [ 81.307532082578376, 18.610511395835324, 0.0 ], [ 81.307421436838595, 18.610479273578608, 0.0 ], [ 81.307400022471114, 18.610375766773473, 0.0 ], [ 81.307392883672364, 18.610179461949645, 0.0 ], [ 81.30754935728018, 18.609321983540369, 0.0 ], [ 81.307290604874225, 18.609225140801058, 0.0 ], [ 81.306965095966902, 18.609091891089964, 0.0 ] ] ] } },
{ "type": "Feature", "properties": { "OBJECTID": 72, "LAYER": "LOW LAND-CULTIVATION", "AREAHA": 7.3125592354100002, "Shape_Leng": 2252.2437949300001, "Shape_Area": 73780.287636900001 }, "geometry": { "type": "Polygon", "coordinates": [ [ [ 81.305980721301125, 18.607176367526861, 0.0 ], [ 81.306280533758624, 18.60673378811914, 0.0 ], [ 81.306344778717701, 18.606733787878206, 0.0 ], [ 81.306494684317272, 18.606284069720374, 0.0 ], [ 81.306658867681207, 18.606091333908349, 0.0 ], [ 81.306808773477869, 18.605884320128478, 0.0 ], [ 81.307264916526861, 18.605569007608622, 0.0 ], [ 81.307192648625417, 18.605505772835954, 0.0 ], [ 81.307081371777713, 18.605408405524059, 0.0 ], [ 81.306833908359025, 18.60523946412814, 0.0 ], [ 81.306695899106302, 18.605160941634793, 0.0 ], [ 81.306488885474565, 18.604982482453714, 0.0 ], [ 81.306416247885423, 18.604925789094093, 0.0 ], [ 81.306299299380996, 18.60502892506279, 0.0 ], [ 81.306422477454902, 18.60518142297391, 0.0 ], [ 81.306535682373578, 18.605374933703246, 0.0 ], [ 81.306370503361279, 18.605568897864021, 0.0 ], [ 81.305867271337547, 18.606057540716737, 0.0 ], [ 81.305528923576645, 18.606187220568408, 0.0 ], [ 81.304904332997737, 18.606130841614348, 0.0 ], [ 81.304694844831261, 18.605999499256573, 0.0 ], [ 81.304377068844374, 18.605801694617721, 0.0 ], [ 81.303978057384967, 18.605666035050991, 0.0 ], [ 81.303624191277649, 18.605530301695918, 0.0 ], [ 81.303112932064948, 18.605739168515345, 0.0 ], [ 81.30228541184222, 18.60580506348737, 0.0 ], [ 81.301575488196008, 18.606017400626413, 0.0 ], [ 81.302050470871876, 18.606717247859347, 0.0 ], [ 81.302640524164801, 18.606669007171277, 0.0 ], [ 81.302828189334136, 18.606399625613161, 0.0 ], [ 81.303015844175775, 18.606148237197736, 0.0 ], [ 81.303218800254328, 18.606040301729312, 0.0 ], [ 81.303572515342694, 18.606089949638868, 0.0 ], [ 81.303843637069548, 18.606399664424508, 0.0 ], [ 81.303832643522341, 18.606404832121363, 0.0 ], [ 81.304160433174104, 18.606648126965979, 0.0 ], [ 81.304581598048387, 18.606576744007217, 0.0 ], [ 81.305038455101908, 18.606505359926128, 0.0 ], [ 81.305259744324957, 18.606698095887442, 0.0 ], [ 81.305288298085884, 18.607055014875623, 0.0 ], [ 81.305202637385818, 18.60743334924668, 0.0 ], [ 81.304981347371893, 18.607733161400908, 0.0 ], [ 81.304524491509866, 18.607904482878638, 0.0 ], [ 81.304153295143166, 18.608054388861476, 0.0 ], [ 81.304481661149438, 18.608311370601736, 0.0 ], [ 81.304481661135995, 18.608446999455513, 0.0 ], [ 81.304296062550591, 18.608732535321131, 0.0 ], [ 81.304031942368724, 18.608861026387796, 0.0 ], [ 81.304284796188966, 18.60947162073774, 0.0 ], [ 81.304296650967004, 18.609468576732802, 0.0 ], [ 81.304629416816169, 18.609383136335367, 0.0 ], [ 81.304704464423665, 18.609363919789963, 0.0 ], [ 81.30523832937655, 18.608775365956856, 0.0 ], [ 81.305538141715772, 18.608404169222482, 0.0 ], [ 81.305823676761065, 18.607818822330817, 0.0 ], [ 81.305980721301125, 18.607176367526861, 0.0 ] ] ] } },
{ "type": "Feature", "properties": { "OBJECTID": 73, "LAYER": "LOW LAND-CULTIVATION", "AREAHA": 4.0895509330099999, "Shape_Leng": 954.73154276699995, "Shape_Area": 41261.181837900003 }, "geometry": { "type": "Polygon", "coordinates": [ [ [ 81.308332618230708, 18.606288027798197, 0.0 ], [ 81.307958053209489, 18.606897970272762, 0.0 ], [ 81.307572580537411, 18.607262027890322, 0.0 ], [ 81.307258491041438, 18.607997281706279, 0.0 ], [ 81.307151415933376, 18.608425584988282, 0.0 ], [ 81.306906084851121, 18.60902716930395, 0.0 ], [ 81.306969357202533, 18.609052356016218, 0.0 ], [ 81.307102152569144, 18.609105216385693, 0.0 ], [ 81.307598983676741, 18.609282248041296, 0.0 ], [ 81.307769824557397, 18.609346313068755, 0.0 ], [ 81.307972329645864, 18.608782503835421, 0.0 ], [ 81.308115097474257, 18.608268539831045, 0.0 ], [ 81.308714722002577, 18.607904482498888, 0.0 ], [ 81.309057363592672, 18.607469041088429, 0.0 ], [ 81.309221546660694, 18.607047876368256, 0.0 ], [ 81.309478529322448, 18.606683819796672, 0.0 ], [ 81.309520319556967, 18.606476784326645, 0.0 ], [ 81.30945131488005, 18.606476783634594, 0.0 ], [ 81.309296649834209, 18.606450609655461, 0.0 ], [ 81.309106293591029, 18.606412538029272, 0.0 ], [ 81.308794583863985, 18.606350672895747, 0.0 ], [ 81.308606606869148, 18.606331637328335, 0.0 ], [ 81.308432905436931, 18.606329257593675, 0.0 ], [ 81.308332618230708, 18.606288027798197, 0.0 ] ] ] } },
{ "type": "Feature", "properties": { "OBJECTID": 74, "LAYER": "LOW LAND-CULTIVATION", "AREAHA": 13.422465600700001, "Shape_Leng": 2780.2809873599999, "Shape_Area": 135424.39202599999 }, "geometry": { "type": "Polygon", "coordinates": [ [ [ 81.308413005691108, 18.60132789032231, 0.0 ], [ 81.30852127182375, 18.601202968764245, 0.0 ], [ 81.308540308018621, 18.601088754874684, 0.0 ], [ 81.308797288899981, 18.601317182827366, 0.0 ], [ 81.309158967998769, 18.601374289331094, 0.0 ], [ 81.309787144723543, 18.60145995082501, 0.0 ], [ 81.309806180611105, 18.601783557459662, 0.0 ], [ 81.309901358597415, 18.602011985026422, 0.0 ], [ 81.30980618078074, 18.602487877583989, 0.0 ], [ 81.309425467020503, 18.60269727095336, 0.0 ], [ 81.30911137840701, 18.602821001640802, 0.0 ], [ 81.308740182402587, 18.603211234103664, 0.0 ], [ 81.30835946828681, 18.603668090505519, 0.0 ], [ 81.307499217285027, 18.603850403685165, 0.0 ], [ 81.307339772078478, 18.604111343322014, 0.0 ], [ 81.306451873938627, 18.604894371198125, 0.0 ], [ 81.306667345461932, 18.60505434223267, 0.0 ], [ 81.3070766124833, 18.605339877566571, 0.0 ], [ 81.307122148836243, 18.6053770554871, 0.0 ], [ 81.307377376197906, 18.605585438195369, 0.0 ], [ 81.307680043815111, 18.605819576474953, 0.0 ], [ 81.307956061031391, 18.606002319378053, 0.0 ], [ 81.308074172768272, 18.606068461894342, 0.0 ], [ 81.30814758869731, 18.605876582797379, 0.0 ], [ 81.308202793131429, 18.605619601805969, 0.0 ], [ 81.30830368213465, 18.605648154688335, 0.0 ], [ 81.308395052414696, 18.60569764738046, 0.0 ], [ 81.308505459781273, 18.605764272596794, 0.0 ], [ 81.308562566939742, 18.605872775735893, 0.0 ], [ 81.308581602567088, 18.605941304546949, 0.0 ], [ 81.308581603243496, 18.60599079776879, 0.0 ], [ 81.308497846668402, 18.606160214189355, 0.0 ], [ 81.308476906857905, 18.606215418235859, 0.0 ], [ 81.308468984736436, 18.60624405490999, 0.0 ], [ 81.308481445758247, 18.606247879746526, 0.0 ], [ 81.308736524479983, 18.60627643269962, 0.0 ], [ 81.309073456413373, 18.606343058734659, 0.0 ], [ 81.309295281963855, 18.606389815666468, 0.0 ], [ 81.309347810793639, 18.60640088766938, 0.0 ], [ 81.309537302010952, 18.605926198861603, 0.0 ], [ 81.3095373016954, 18.605485997930614, 0.0 ], [ 81.309323149695047, 18.605123130752556, 0.0 ], [ 81.309132792741067, 18.60466508443692, 0.0 ], [ 81.309150638586885, 18.604385497730462, 0.0 ], [ 81.309245818149819, 18.604111859866165, 0.0 ], [ 81.309346944680925, 18.603903656762455, 0.0 ], [ 81.309715760924902, 18.603653814198715, 0.0 ], [ 81.310072680408737, 18.603588378590448, 0.0 ], [ 81.310405804780785, 18.603594327498083, 0.0 ], [ 81.310750826832262, 18.603546738152069, 0.0 ], [ 81.310935234726685, 18.603885811259101, 0.0 ], [ 81.31142897366864, 18.604284370857016, 0.0 ], [ 81.311649073633674, 18.604302216791769, 0.0 ], [ 81.311768046212677, 18.604147551406051, 0.0 ], [ 81.312148759871008, 18.604088065023639, 0.0 ], [ 81.3120892737562, 18.603796581372009, 0.0 ], [ 81.312053581607628, 18.603540788517332, 0.0 ], [ 81.311922711169174, 18.603344484223932, 0.0 ], [ 81.31184537857358, 18.603189818637343, 0.0 ], [ 81.311637176052045, 18.603076793959247, 0.0 ], [ 81.311524151013089, 18.602922128951075, 0.0 ], [ 81.311226718115279, 18.602731772164823, 0.0 ], [ 81.311131540921451, 18.602565210158371, 0.0 ], [ 81.311072053672532, 18.602398648432107, 0.0 ], [ 81.311095848691579, 18.602029831895393, 0.0 ], [ 81.310637802406191, 18.601887063879772, 0.0 ], [ 81.310167858191534, 18.601434966191757, 0.0 ], [ 81.309947758280146, 18.601304095405986, 0.0 ], [ 81.309810938719252, 18.601143482091224, 0.0 ], [ 81.309763350357642, 18.600923381934415, 0.0 ], [ 81.309888271955586, 18.600762769076454, 0.0 ], [ 81.310263037627294, 18.60076276889103, 0.0 ], [ 81.310483137349266, 18.600661641329847, 0.0 ], [ 81.310489085275108, 18.600304722011757, 0.0 ], [ 81.309822836922038, 18.600405849147311, 0.0 ], [ 81.309430226036241, 18.600435592669971, 0.0 ], [ 81.308954333841868, 18.600477232847133, 0.0 ], [ 81.308526030605918, 18.600625948948757, 0.0 ], [ 81.30824049515148, 18.600792511646926, 0.0 ], [ 81.308121522046207, 18.601089944758481, 0.0 ], [ 81.308413005691108, 18.60132789032231, 0.0 ] ] ] } },
{ "type": "Feature", "properties": { "OBJECTID": 75, "LAYER": "LOW LAND-CULTIVATION", "AREAHA": 4.1409226734600004, "Shape_Leng": 1706.8720464099999, "Shape_Area": 41780.691476 }, "geometry": { "type": "Polygon", "coordinates": [ [ [ 81.301035161608553, 18.595854869237584, 0.0 ], [ 81.300823060546435, 18.595663563827063, 0.0 ], [ 81.300686241932979, 18.595354233979076, 0.0 ], [ 81.300442347399866, 18.594967571358897, 0.0 ], [ 81.300382860290711, 18.594295372952981, 0.0 ], [ 81.300382860581834, 18.593861121843503, 0.0 ], [ 81.30022819618209, 18.593438767386875, 0.0 ], [ 81.299895071213697, 18.593153232676034, 0.0 ], [ 81.299746354154053, 18.593123489509537, 0.0 ], [ 81.29951435738711, 18.593480408473351, 0.0 ], [ 81.299627381093742, 18.593593432283239, 0.0 ], [ 81.299865327284692, 18.593688611449636, 0.0 ], [ 81.30015086319807, 18.594015787007422, 0.0 ], [ 81.300222246771312, 18.594450038467826, 0.0 ], [ 81.300186554653223, 18.594818855395054, 0.0 ], [ 81.300335270762957, 18.595235260983245, 0.0 ], [ 81.300448296063308, 18.595514847314845, 0.0 ], [ 81.300412603809789, 18.595657614833861, 0.0 ], [ 81.300257939603043, 18.59580633190221, 0.0 ], [ 81.3001151711711, 18.595806331528387, 0.0 ], [ 81.299615484671293, 18.595229311618947, 0.0 ], [ 81.299407281223779, 18.594967571921419, 0.0 ], [ 81.29920502759191, 18.594747471696298, 0.0 ], [ 81.298973030408803, 18.594503576683149, 0.0 ], [ 81.298788621519222, 18.594325116785591, 0.0 ], [ 81.298538778337559, 18.594146657180531, 0.0 ], [ 81.298175911204652, 18.59391465964465, 0.0 ], [ 81.298062887026049, 18.59406932551164, 0.0 ], [ 81.298413856883386, 18.594610652597915, 0.0 ], [ 81.29827703722674, 18.594753419852712, 0.0 ], [ 81.298354370839832, 18.594854546507346, 0.0 ], [ 81.298479291800945, 18.594949725221184, 0.0 ], [ 81.29884215963736, 18.595336387637339, 0.0 ], [ 81.298996824199591, 18.595395874969849, 0.0 ], [ 81.299133643808062, 18.595711152260293, 0.0 ], [ 81.299288308425588, 18.595663564013478, 0.0 ], [ 81.299835584246424, 18.596282223521591, 0.0 ], [ 81.300097325341582, 18.596395247865924, 0.0 ], [ 81.300478038988302, 18.596668885896754, 0.0 ], [ 81.300585114733948, 18.596954421493038, 0.0 ], [ 81.300804326309787, 18.59724925601612, 0.0 ], [ 81.300935224329137, 18.597144537987813, 0.0 ], [ 81.301061334740794, 18.597023185075408, 0.0 ], [ 81.301116063587514, 18.596889935239599, 0.0 ], [ 81.30115175454867, 18.596754306268547, 0.0 ], [ 81.301173170105713, 18.596628195176002, 0.0 ], [ 81.30117079109155, 18.596468771063797, 0.0 ], [ 81.301137478225627, 18.596157062029377, 0.0 ], [ 81.301137478348991, 18.596095195722377, 0.0 ], [ 81.301111303818189, 18.596021432611309, 0.0 ], [ 81.301035161608553, 18.595854869237584, 0.0 ] ] ] } },
{ "type": "Feature", "properties": { "OBJECTID": 76, "LAYER": "LOW LAND-CULTIVATION", "AREAHA": 9.528985437, "Shape_Leng": 3267.9624843400002, "Shape_Area": 96144.684245199998 }, "geometry": { "type": "Polygon", "coordinates": [ [ [ 81.30108179775506, 18.605930382772581, 0.0 ], [ 81.301103991667944, 18.605715129910962, 0.0 ], [ 81.301141232282049, 18.605499853120971, 0.0 ], [ 81.300929642089855, 18.604976497371478, 0.0 ], [ 81.300612668098992, 18.604424612515146, 0.0 ], [ 81.300521952913599, 18.604180845208948, 0.0 ], [ 81.30051364902225, 18.603736075718196, 0.0 ], [ 81.300541094877133, 18.602786480550691, 0.0 ], [ 81.300598202174584, 18.602372454556111, 0.0 ], [ 81.300698139626107, 18.601972704535935, 0.0 ], [ 81.300533956639853, 18.601508709354132, 0.0 ], [ 81.300655308912226, 18.600930500276522, 0.0 ], [ 81.300669585640733, 18.600352292324391, 0.0 ], [ 81.300776661507058, 18.599652730165946, 0.0 ], [ 81.300826630125016, 18.599395747650671, 0.0 ], [ 81.300961398138753, 18.599357436566304, 0.0 ], [ 81.300961398363, 18.598950548403305, 0.0 ], [ 81.300959018084285, 18.59877684759061, 0.0 ], [ 81.30099946992064, 18.598700705331161, 0.0 ], [ 81.300476849560084, 18.598567696283851, 0.0 ], [ 81.300191314190158, 18.598689047870998, 0.0 ], [ 81.299791563918333, 18.598689048077837, 0.0 ], [ 81.299341846768968, 18.598717601569838, 0.0 ], [ 81.298977789005448, 18.598631940681173, 0.0 ], [ 81.298706530791947, 18.598781847075472, 0.0 ], [ 81.298342472904451, 18.598924614926137, 0.0 ], [ 81.297778541057582, 18.598910337576072, 0.0 ], [ 81.297521558643382, 18.598931753629223, 0.0 ], [ 81.297435897940645, 18.599038829835532, 0.0 ], [ 81.297300268824458, 18.599360056453133, 0.0 ], [ 81.296950488035108, 18.599331503073838, 0.0 ], [ 81.296779166918043, 18.599395747920077, 0.0 ], [ 81.296643537609, 18.599617037397902, 0.0 ], [ 81.296550739049522, 18.599809774586394, 0.0 ], [ 81.296486493011471, 18.60007389424689, 0.0 ], [ 81.296329448448631, 18.600380845042618, 0.0 ], [ 81.296365141142928, 18.600502197060095, 0.0 ], [ 81.296565015527037, 18.600530751770275, 0.0 ], [ 81.296786305343048, 18.600480782295524, 0.0 ], [ 81.296900519307556, 18.600280907684169, 0.0 ], [ 81.297100394312139, 18.600073894379641, 0.0 ], [ 81.297478728063368, 18.599838327329032, 0.0 ], [ 81.297835647530448, 18.5997026989487, 0.0 ], [ 81.298606593558858, 18.599588483996364, 0.0 ], [ 81.299006342922965, 18.599609899562459, 0.0 ], [ 81.299520306644794, 18.599538516284785, 0.0 ], [ 81.299798703339704, 18.599681283574224, 0.0 ], [ 81.299705903913306, 18.599938265940441, 0.0 ], [ 81.299570274379647, 18.600145278985192, 0.0 ], [ 81.299456060719791, 18.600587858491387, 0.0 ], [ 81.299655935042821, 18.601123236848242, 0.0 ], [ 81.299912917334581, 18.601651477405099, 0.0 ], [ 81.299970024270536, 18.602072641648455, 0.0 ], [ 81.300134206697379, 18.602593743807709, 0.0 ], [ 81.30006143823752, 18.603292014590973, 0.0 ], [ 81.300122333346863, 18.60369365649656, 0.0 ], [ 81.300024900198039, 18.603909029027665, 0.0 ], [ 81.300070470686265, 18.60415286870289, 0.0 ], [ 81.299905234733004, 18.6043181319064, 0.0 ], [ 81.299717175121984, 18.604339953096993, 0.0 ], [ 81.299288551559997, 18.604476939050176, 0.0 ], [ 81.299356455231035, 18.604584439071491, 0.0 ], [ 81.299694866999616, 18.604490640489999, 0.0 ], [ 81.300018180946779, 18.604368169698642, 0.0 ], [ 81.30025121927001, 18.604253015495448, 0.0 ], [ 81.300349117953914, 18.604303076939416, 0.0 ], [ 81.300515625260005, 18.604862375622066, 0.0 ], [ 81.300779643021542, 18.605249344631282, 0.0 ], [ 81.3008553234571, 18.60550031019428, 0.0 ], [ 81.300825403946078, 18.605600792548032, 0.0 ], [ 81.300637708868976, 18.60583065788104, 0.0 ], [ 81.300449999862579, 18.606053347676902, 0.0 ], [ 81.300299709781498, 18.606161196365161, 0.0 ], [ 81.300126834860421, 18.606261906259842, 0.0 ], [ 81.300036635141566, 18.606312267062261, 0.0 ], [ 81.299916653954583, 18.606542023320142, 0.0 ], [ 81.299969359277611, 18.606563461208943, 0.0 ], [ 81.300209773938889, 18.606362209106006, 0.0 ], [ 81.300510493633027, 18.606225425398222, 0.0 ], [ 81.300818446986483, 18.605923629496175, 0.0 ], [ 81.300923630677985, 18.605837374677819, 0.0 ], [ 81.300894203457446, 18.60621763818218, 0.0 ], [ 81.300722084706209, 18.606748781716195, 0.0 ], [ 81.300887675864317, 18.606784386651313, 0.0 ], [ 81.301044897384827, 18.606339353686941, 0.0 ], [ 81.30108179775506, 18.605930382772581, 0.0 ] ] ] } },
{ "type": "Feature", "properties": { "OBJECTID": 77, "LAYER": "LOW LAND-CULTIVATION", "AREAHA": 3.5766040971500002, "Shape_Leng": 1705.64958207, "Shape_Area": 36087.664133799997 }, "geometry": { "type": "Polygon", "coordinates": [ [ [ 81.290528563458906, 18.599325518656087, 0.0 ], [ 81.290554881053041, 18.599430622190187, 0.0 ], [ 81.290767129310836, 18.6000491505377, 0.0 ], [ 81.290792986048331, 18.600124706759981, 0.0 ], [ 81.290818641286862, 18.600212611396685, 0.0 ], [ 81.290857989196937, 18.600301497727791, 0.0 ], [ 81.290950677485014, 18.600143493706604, 0.0 ], [ 81.291236212979911, 18.600155391204538, 0.0 ], [ 81.291938153574776, 18.600316005675182, 0.0 ], [ 81.292312918435655, 18.60044687538932, 0.0 ], [ 81.292842349367575, 18.600619386325576, 0.0 ], [ 81.293139780768442, 18.600839486634943, 0.0 ], [ 81.293675159723833, 18.600839485895595, 0.0 ], [ 81.29384767098837, 18.600809742862914, 0.0 ], [ 81.294151052162746, 18.600934665328829, 0.0 ], [ 81.294234333582295, 18.601083381853293, 0.0 ], [ 81.294198642300884, 18.601303481754428, 0.0 ], [ 81.293901208959909, 18.601523582004205, 0.0 ], [ 81.29351454692069, 18.60177937278775, 0.0 ], [ 81.293169524311224, 18.601999473403389, 0.0 ], [ 81.292919680942816, 18.60220172823567, 0.0 ], [ 81.292723375991358, 18.602582441520514, 0.0 ], [ 81.292741221681823, 18.602749003784439, 0.0 ], [ 81.292889937369125, 18.602814438838646, 0.0 ], [ 81.293062448962175, 18.602677619843085, 0.0 ], [ 81.293104089204064, 18.602469417741641, 0.0 ], [ 81.293205216156181, 18.602249316250973, 0.0 ], [ 81.293383676001795, 18.602064908432745, 0.0 ], [ 81.293639468283899, 18.601957832687585, 0.0 ], [ 81.29391310633514, 18.60188644881574, 0.0 ], [ 81.294133206719565, 18.601862655024085, 0.0 ], [ 81.294275973940657, 18.601761527930773, 0.0 ], [ 81.294400896195583, 18.601630657082403, 0.0 ], [ 81.294609098626225, 18.601309429693739, 0.0 ], [ 81.294689405231452, 18.601074458006615, 0.0 ], [ 81.294984030541642, 18.600801319830023, 0.0 ], [ 81.294848401340175, 18.600748971128116, 0.0 ], [ 81.294743704677146, 18.600672829675293, 0.0 ], [ 81.294738945485264, 18.60060144441735, 0.0 ], [ 81.294817468389567, 18.600370637679699, 0.0 ], [ 81.294387809174538, 18.600031064091581, 0.0 ], [ 81.294095135772281, 18.600088172322891, 0.0 ], [ 81.293866706463916, 18.600309461682937, 0.0 ], [ 81.293295636488992, 18.600359429899402, 0.0 ], [ 81.292888748049478, 18.600273769430007, 0.0 ], [ 81.292581797430358, 18.600188108755933, 0.0 ], [ 81.292232016781369, 18.600031063821127, 0.0 ], [ 81.291839406766826, 18.599973957243932, 0.0 ], [ 81.291610977415388, 18.599716975930651, 0.0 ], [ 81.291154121310683, 18.599667007047991, 0.0 ], [ 81.290890000942412, 18.599531377265048, 0.0 ], [ 81.290840032230307, 18.599374333299036, 0.0 ], [ 81.290528563458906, 18.599325518656087, 0.0 ] ] ] } },
{ "type": "Feature", "properties": { "OBJECTID": 78, "LAYER": "LOW LAND-CULTIVATION", "AREAHA": 2.7420623188, "Shape_Leng": 1773.6178417799999, "Shape_Area": 27666.825584599999 }, "geometry": { "type": "Polygon", "coordinates": [ [ [ 81.297057560424108, 18.600774909681444, 0.0 ], [ 81.296786305343048, 18.600480782295524, 0.0 ], [ 81.296565015527037, 18.600530751770275, 0.0 ], [ 81.296365141142928, 18.600502197060095, 0.0 ], [ 81.296329448448631, 18.600380845042618, 0.0 ], [ 81.296486493011471, 18.60007389424689, 0.0 ], [ 81.295547961874618, 18.600170763224657, 0.0 ], [ 81.295469440744981, 18.600606204101375, 0.0 ], [ 81.295803292149543, 18.600595144306606, 0.0 ], [ 81.296034093914557, 18.600637824735603, 0.0 ], [ 81.296259905165982, 18.600694861260482, 0.0 ], [ 81.296556053061622, 18.60081874301369, 0.0 ], [ 81.296847401834313, 18.601066979287516, 0.0 ], [ 81.297214096523049, 18.601377270575298, 0.0 ], [ 81.297329693199657, 18.601511000718773, 0.0 ], [ 81.297550864379019, 18.601783259873034, 0.0 ], [ 81.297756971295328, 18.602045978139692, 0.0 ], [ 81.297641756606922, 18.602132246236419, 0.0 ], [ 81.297637164039557, 18.602376167036887, 0.0 ], [ 81.297652801672939, 18.602715706419339, 0.0 ], [ 81.297734061861732, 18.603294273147565, 0.0 ], [ 81.29775696653968, 18.603734037286234, 0.0 ], [ 81.297864042640427, 18.604245621345257, 0.0 ], [ 81.297703428438581, 18.604400286382536, 0.0 ], [ 81.297590404870448, 18.604685821900009, 0.0 ], [ 81.297376253685101, 18.6050665354242, 0.0 ], [ 81.297239434342373, 18.605363967806156, 0.0 ], [ 81.297141170886363, 18.605600423610195, 0.0 ], [ 81.297151618378351, 18.605839537542966, 0.0 ], [ 81.297302437025877, 18.606035386179169, 0.0 ], [ 81.297417946246213, 18.606116508076394, 0.0 ], [ 81.297533263243565, 18.606087630386096, 0.0 ], [ 81.297548136980552, 18.605987172685374, 0.0 ], [ 81.297527482792134, 18.605647640214364, 0.0 ], [ 81.297464207866383, 18.60537597169429, 0.0 ], [ 81.297501174871101, 18.605286635841406, 0.0 ], [ 81.297768864490621, 18.604775051886346, 0.0 ], [ 81.297822401430579, 18.604566848764378, 0.0 ], [ 81.297988964334152, 18.604418132055976, 0.0 ], [ 81.298137680730704, 18.604269415898557, 0.0 ], [ 81.29813768025393, 18.604025521062404, 0.0 ], [ 81.298203116558938, 18.603728088848122, 0.0 ], [ 81.298119834353756, 18.603615064111668, 0.0 ], [ 81.297929532450027, 18.603207877194809, 0.0 ], [ 81.297838305768693, 18.602667587649112, 0.0 ], [ 81.297943024206575, 18.602313509291172, 0.0 ], [ 81.298102948334645, 18.601978473624214, 0.0 ], [ 81.297992059479611, 18.601667780413862, 0.0 ], [ 81.297906498783888, 18.601500524731641, 0.0 ], [ 81.297379229130414, 18.601152227307743, 0.0 ], [ 81.297057560424108, 18.600774909681444, 0.0 ] ] ] } },
{ "type": "Feature", "properties": { "OBJECTID": 79, "LAYER": "LOW LAND-CULTIVATION", "AREAHA": 4.0778167221999997, "Shape_Leng": 1292.9746661300001, "Shape_Area": 41143.663667499997 }, "geometry": { "type": "Polygon", "coordinates": [ [ [ 81.30101374689356, 18.599319365035889, 0.0 ], [ 81.301222612215426, 18.599228983866059, 0.0 ], [ 81.301597377329841, 18.599100492904519, 0.0 ], [ 81.301941574099118, 18.599099211902509, 0.0 ], [ 81.302150966355171, 18.599123007061749, 0.0 ], [ 81.302181899600527, 18.599241980085861, 0.0 ], [ 81.302174682256407, 18.599272912580371, 0.0 ], [ 81.302346907394153, 18.599318213278519, 0.0 ], [ 81.302318353154547, 18.599425289632912, 0.0 ], [ 81.302321923146891, 18.599582333921251, 0.0 ], [ 81.302231503277056, 18.599928544810535, 0.0 ], [ 81.302225555029153, 18.600130799593419, 0.0 ], [ 81.302279092928558, 18.600321156273367, 0.0 ], [ 81.302279093183884, 18.600511513216304, 0.0 ], [ 81.302249349115712, 18.600672126896391, 0.0 ], [ 81.302332630125079, 18.60068402376146, 0.0 ], [ 81.302457552210896, 18.600630486268152, 0.0 ], [ 81.302522988018552, 18.600547204960819, 0.0 ], [ 81.302683601778767, 18.600493667361359, 0.0 ], [ 81.30274308802538, 18.600565051122167, 0.0 ], [ 81.302826369324706, 18.600570999954773, 0.0 ], [ 81.302998879789612, 18.600523410774823, 0.0 ], [ 81.302796625299607, 18.600178387870876, 0.0 ], [ 81.302618165792026, 18.599988031528252, 0.0 ], [ 81.302564628276045, 18.599821469744359, 0.0 ], [ 81.302606268705404, 18.599637061039232, 0.0 ], [ 81.302713344867598, 18.599458601508232, 0.0 ], [ 81.302802574937189, 18.599281331521276, 0.0 ], [ 81.302848973221899, 18.599206378272623, 0.0 ], [ 81.303138078687383, 18.599263485958208, 0.0 ], [ 81.303220169675583, 18.599110010871346, 0.0 ], [ 81.303291553431279, 18.598927981461706, 0.0 ], [ 81.303234446078278, 18.598770937648052, 0.0 ], [ 81.30289180461979, 18.598656723965984, 0.0 ], [ 81.302806143047633, 18.598563924666315, 0.0 ], [ 81.302884665707225, 18.598371187779136, 0.0 ], [ 81.302834696658763, 18.598274819949083, 0.0 ], [ 81.302613406918297, 18.59823912836795, 0.0 ], [ 81.302310026288026, 18.598146328813328, 0.0 ], [ 81.302149412033756, 18.597928607942123, 0.0 ], [ 81.301985229834671, 18.597846516974396, 0.0 ], [ 81.301760370456037, 18.597750148894502, 0.0 ], [ 81.301621172190053, 18.5976787651453, 0.0 ], [ 81.301688986268331, 18.597507443630061, 0.0 ], [ 81.301624740953784, 18.597357538042033, 0.0 ], [ 81.301299943722327, 18.597089848432852, 0.0 ], [ 81.301119449779449, 18.597027552197506, 0.0 ], [ 81.301114085335939, 18.597035982066942, 0.0 ], [ 81.301093457597091, 18.59706839529575, 0.0 ], [ 81.301026833387041, 18.597135020191839, 0.0 ], [ 81.300899532147028, 18.597242095325736, 0.0 ], [ 81.300836476553968, 18.597307531197174, 0.0 ], [ 81.300828147793297, 18.597359878672489, 0.0 ], [ 81.300845994162842, 18.597526441028158, 0.0 ], [ 81.300862651042479, 18.597727505391166, 0.0 ], [ 81.300901911736375, 18.59780245883838, 0.0 ], [ 81.300922137314501, 18.597877411617652, 0.0 ], [ 81.300992330999406, 18.597951174837871, 0.0 ], [ 81.301093457703217, 18.59804159480624, 0.0 ], [ 81.301186257684833, 18.598146290805516, 0.0 ], [ 81.301218380163235, 18.598221243659115, 0.0 ], [ 81.301237414947309, 18.598322371326937, 0.0 ], [ 81.30123027773044, 18.598465138717987, 0.0 ], [ 81.301223138340958, 18.598538901819985, 0.0 ], [ 81.301189826437479, 18.598588870693892, 0.0 ], [ 81.301145806260308, 18.598676911052685, 0.0 ], [ 81.301088699269641, 18.59871855079755, 0.0 ], [ 81.301033971674329, 18.598754243816252, 0.0 ], [ 81.301014935471372, 18.598807781401849, 0.0 ], [ 81.301014935914552, 18.598924374315157, 0.0 ], [ 81.301014935561867, 18.599125439104583, 0.0 ], [ 81.30101374689356, 18.599319365035889, 0.0 ] ] ] } },
{ "type": "Feature", "properties": { "OBJECTID": 80, "LAYER": "LOW LAND-CULTIVATION", "AREAHA": 0.71983712853699999, "Shape_Leng": 444.06808297600003, "Shape_Area": 7262.86154489 }, "geometry": { "type": "Polygon", "coordinates": [ [ [ 81.302998879789612, 18.600523410774823, 0.0 ], [ 81.303243964990457, 18.600550774592822, 0.0 ], [ 81.303255861747843, 18.600378263523648, 0.0 ], [ 81.303270733037451, 18.600303904732275, 0.0 ], [ 81.303315348730436, 18.600190880590972, 0.0 ], [ 81.303348065783752, 18.60004811371644, 0.0 ], [ 81.303380782564133, 18.600003497987888, 0.0 ], [ 81.303472987410586, 18.600060010361286, 0.0 ], [ 81.303529499723382, 18.600113548445194, 0.0 ], [ 81.303556268447565, 18.600280110963112, 0.0 ], [ 81.303624677846017, 18.600286059223976, 0.0 ], [ 81.303832376640216, 18.600278079181457, 0.0 ], [ 81.303834142859429, 18.600276728404779, 0.0 ], [ 81.304162364717939, 18.600025734753448, 0.0 ], [ 81.304124365030475, 18.599935088254377, 0.0 ], [ 81.304032160621773, 18.59996185743362, 0.0 ], [ 81.303820984381474, 18.59987857675593, 0.0 ], [ 81.303702010819492, 18.599842884087387, 0.0 ], [ 81.303603857922553, 18.599738783459657, 0.0 ], [ 81.303419449172935, 18.599655501601841, 0.0 ], [ 81.303300476055369, 18.599661450678493, 0.0 ], [ 81.303229092315334, 18.599625758549553, 0.0 ], [ 81.303071453094319, 18.599688220160292, 0.0 ], [ 81.302940582797859, 18.599789346672583, 0.0 ], [ 81.302904890996004, 18.599944011500096, 0.0 ], [ 81.302928685443732, 18.600167086534597, 0.0 ], [ 81.302850706566431, 18.600270644136192, 0.0 ], [ 81.30285079495809, 18.600270796256318, 0.0 ], [ 81.302998879789612, 18.600523410774823, 0.0 ] ] ] } },
{ "type": "Feature", "properties": { "OBJECTID": 81, "LAYER": "LOW LAND-CULTIVATION", "AREAHA": 8.7153067733299991, "Shape_Leng": 2624.0674121400002, "Shape_Area": 87929.665972799994 }, "geometry": { "type": "Polygon", "coordinates": [ [ [ 81.314007535575598, 18.608845000276588, 0.0 ], [ 81.314412043766865, 18.608666540479103, 0.0 ], [ 81.314846295462928, 18.608672489934172, 0.0 ], [ 81.31492362807856, 18.608797411425471, 0.0 ], [ 81.315191317259462, 18.60884499978355, 0.0 ], [ 81.315524441894254, 18.608827153881283, 0.0 ], [ 81.315857565731662, 18.608761719456361, 0.0 ], [ 81.31610740979599, 18.608595156648708, 0.0 ], [ 81.316237400559586, 18.6083866765068, 0.0 ], [ 81.316412884551085, 18.608327189876768, 0.0 ], [ 81.316603242046867, 18.60825878095936, 0.0 ], [ 81.316582421061852, 18.608392624813398, 0.0 ], [ 81.316659753873068, 18.608547290003646, 0.0 ], [ 81.316743034658842, 18.608597853423742, 0.0 ], [ 81.316870931217039, 18.608562161138899, 0.0 ], [ 81.316960161215817, 18.608416420313503, 0.0 ], [ 81.316951237480467, 18.608333138343234, 0.0 ], [ 81.316847136720455, 18.608220113873337, 0.0 ], [ 81.316816967846066, 18.608184143879804, 0.0 ], [ 81.316943790850885, 18.608110936279321, 0.0 ], [ 81.317034210220385, 18.608220391985011, 0.0 ], [ 81.317072281361803, 18.60831081229901, 0.0 ], [ 81.317276914303449, 18.608287016289147, 0.0 ], [ 81.317633833989888, 18.60813949031802, 0.0 ], [ 81.317881297519335, 18.608068106771707, 0.0 ], [ 81.317966957978626, 18.6080300357524, 0.0 ], [ 81.317852743931439, 18.607815883193918, 0.0 ], [ 81.317862261492238, 18.607701669663122, 0.0 ], [ 81.317966958692892, 18.607554142954324, 0.0 ], [ 81.318242976367188, 18.607511312921488, 0.0 ], [ 81.318363717584376, 18.607550122485893, 0.0 ], [ 81.318347810058043, 18.607754624896174, 0.0 ], [ 81.31827289195607, 18.607928119832092, 0.0 ], [ 81.318247978573027, 18.60801783616186, 0.0 ], [ 81.318342106646284, 18.608059524930301, 0.0 ], [ 81.318567516603053, 18.607891752919425, 0.0 ], [ 81.318717952811014, 18.607867584898468, 0.0 ], [ 81.318912389753805, 18.60790312520755, 0.0 ], [ 81.319094410208876, 18.608004447074038, 0.0 ], [ 81.319389212154817, 18.60806372947021, 0.0 ], [ 81.319608741310986, 18.60810520498989, 0.0 ], [ 81.319458628802309, 18.60830274197194, 0.0 ], [ 81.319571914038292, 18.608529722457181, 0.0 ], [ 81.319791934512637, 18.60883423987341, 0.0 ], [ 81.320106182820595, 18.608971419095464, 0.0 ], [ 81.32008165632169, 18.608903970972314, 0.0 ], [ 81.320029308580089, 18.608761204057537, 0.0 ], [ 81.32004358527675, 18.608661266242304, 0.0 ], [ 81.320129245562882, 18.608508981137579, 0.0 ], [ 81.320129246119066, 18.608370971786293, 0.0 ], [ 81.320153041491196, 18.608280552262116, 0.0 ], [ 81.320181594548544, 18.60825199880987, 0.0 ], [ 81.320357674324157, 18.608247240676359, 0.0 ], [ 81.320524236338287, 18.608113990467757, 0.0 ], [ 81.320628932307983, 18.608033088447279, 0.0 ], [ 81.320900191473896, 18.607990258131942, 0.0 ], [ 81.321123860602256, 18.607952187564326, 0.0 ], [ 81.321361806788403, 18.607714241569692, 0.0 ], [ 81.32140463722979, 18.607623821430064, 0.0 ], [ 81.321385670804446, 18.607384373726095, 0.0 ], [ 81.321124843809528, 18.607439041161776, 0.0 ], [ 81.320723709380957, 18.607517441866804, 0.0 ], [ 81.320215726301228, 18.607458524116982, 0.0 ], [ 81.319839470712651, 18.607429271951659, 0.0 ], [ 81.319569526152137, 18.607250382904532, 0.0 ], [ 81.319285179610844, 18.60710680395502, 0.0 ], [ 81.319209037051948, 18.606887894039527, 0.0 ], [ 81.31894729640365, 18.60676416164323, 0.0 ], [ 81.318642725006001, 18.606659464734673, 0.0 ], [ 81.318409537727391, 18.606597599537064, 0.0 ], [ 81.318104967202984, 18.606521456897401, 0.0 ], [ 81.317881297719339, 18.606511939674306, 0.0 ], [ 81.31784311377578, 18.606424329380733, 0.0 ], [ 81.317552931813651, 18.606588081110282, 0.0 ], [ 81.317433959020931, 18.606702295724286, 0.0 ], [ 81.317053245615341, 18.607463723699258, 0.0 ], [ 81.316924754277281, 18.607644562222468, 0.0 ], [ 81.316618113301558, 18.607872118049713, 0.0 ], [ 81.316534832359423, 18.607800734662, 0.0 ], [ 81.316240374318895, 18.607794785450164, 0.0 ], [ 81.316035145472142, 18.607910784454798, 0.0 ], [ 81.315024755486036, 18.608095470539695, 0.0 ], [ 81.314453684433701, 18.608208493873875, 0.0 ], [ 81.314203841554317, 18.608339364981276, 0.0 ], [ 81.313811229804358, 18.608488080739349, 0.0 ], [ 81.313876665013382, 18.608381005874143, 0.0 ], [ 81.313829076223087, 18.608119264285346, 0.0 ], [ 81.313628712779945, 18.608050864064378, 0.0 ], [ 81.313588978299279, 18.608076061685736, 0.0 ], [ 81.313199530859862, 18.608323028144071, 0.0 ], [ 81.312433344910346, 18.60856573268039, 0.0 ], [ 81.312615550145821, 18.608833102723565, 0.0 ], [ 81.312817805559945, 18.608898538481036, 0.0 ], [ 81.313008162605371, 18.609065100511579, 0.0 ], [ 81.313240159515686, 18.609082946444445, 0.0 ], [ 81.313632770011907, 18.60889853857628, 0.0 ], [ 81.314007535575598, 18.608845000276588, 0.0 ] ] ] } },
{ "type": "Feature", "properties": { "OBJECTID": 82, "LAYER": "LOW LAND-CULTIVATION", "AREAHA": 2.9510683163799998, "Shape_Leng": 1087.40589398, "Shape_Area": 29773.6335483 }, "geometry": { "type": "Polygon", "coordinates": [ [ [ 81.318439519505603, 18.599155280359618, 0.0 ], [ 81.318287233455749, 18.599564547366693, 0.0 ], [ 81.318163501962658, 18.599831047105287, 0.0 ], [ 81.317916038032706, 18.600145136283597, 0.0 ], [ 81.317601949082643, 18.600430671077554, 0.0 ], [ 81.317478216910274, 18.600706689152879, 0.0 ], [ 81.317402074393129, 18.601058849039276, 0.0 ], [ 81.317449663657555, 18.601391972989745, 0.0 ], [ 81.31743062752038, 18.601648954964528, 0.0 ], [ 81.317107021094884, 18.602010632787266, 0.0 ], [ 81.316612093742151, 18.602029668847621, 0.0 ], [ 81.316440772148681, 18.602115329152419, 0.0 ], [ 81.316564504088618, 18.602638811400034, 0.0 ], [ 81.316783414246231, 18.602733989240409, 0.0 ], [ 81.31726882469485, 18.602867239057364, 0.0 ], [ 81.317478217186675, 18.6028767576625, 0.0 ], [ 81.317468699298885, 18.602534114410076, 0.0 ], [ 81.317373521070706, 18.602324722188481, 0.0 ], [ 81.317697127423841, 18.601905936679579, 0.0 ], [ 81.317982663241565, 18.601411009206192, 0.0 ], [ 81.317982663097084, 18.601039812539771, 0.0 ], [ 81.318391930529998, 18.600706688518599, 0.0 ], [ 81.318744090471327, 18.600145135417378, 0.0 ], [ 81.318848786344034, 18.599745386731787, 0.0 ], [ 81.318686983751746, 18.599193351179927, 0.0 ], [ 81.318439519505603, 18.599155280359618, 0.0 ] ] ] } },
{ "type": "Feature", "properties": { "OBJECTID": 83, "LAYER": "RIVER", "AREAHA": 18.493528566399998, "Shape_Leng": 22244.75116, "Shape_Area": 186580.10195400001 }, "geometry": { "type": "Polygon", "coordinates": [ [ [ 81.313805828722352, 18.595264900855874, 0.0 ], [ 81.313915591163479, 18.595280216264197, 0.0 ], [ 81.313810575880709, 18.595420121352614, 0.0 ], [ 81.313584526552617, 18.595622375513994, 0.0 ], [ 81.313468528250255, 18.595851398544216, 0.0 ], [ 81.313352529873796, 18.596130985344072, 0.0 ], [ 81.31312648103264, 18.596300521106738, 0.0 ], [ 81.313037250669922, 18.596473032198919, 0.0 ], [ 81.312877826688151, 18.596646733058037, 0.0 ], [ 81.312716023919961, 18.596763326849892, 0.0 ], [ 81.312625604461687, 18.596901334927303, 0.0 ], [ 81.312551840904746, 18.596984616660041, 0.0 ], [ 81.312497113114844, 18.597091692104076, 0.0 ], [ 81.312435246977714, 18.597267772670047, 0.0 ], [ 81.312292479530228, 18.597320120548421, 0.0 ], [ 81.312206818344606, 18.597263013711878, 0.0 ], [ 81.312168747138571, 18.597296326311746, 0.0 ], [ 81.312156850352082, 18.597360570864499, 0.0 ], [ 81.312130675378938, 18.597662763138278, 0.0 ], [ 81.312168747980522, 18.597776977600475, 0.0 ], [ 81.312171126940399, 18.597886432538441, 0.0 ], [ 81.312125917048107, 18.598050614748107, 0.0 ], [ 81.312066431044926, 18.598162450304791, 0.0 ], [ 81.312064050752255, 18.598288561363287, 0.0 ], [ 81.312085466678781, 18.598376600949784, 0.0 ], [ 81.312163987988399, 18.598514609709234, 0.0 ], [ 81.312204438893289, 18.598626443998302, 0.0 ], [ 81.312185404226042, 18.598762073891692, 0.0 ], [ 81.312123537301176, 18.598911979604416, 0.0 ], [ 81.312054533747698, 18.599004779269396, 0.0 ], [ 81.312033118080521, 18.599088059999687, 0.0 ], [ 81.312033118094789, 18.599168961941011, 0.0 ], [ 81.31206881068897, 18.599216550485796, 0.0 ], [ 81.31211401972449, 18.599309350220967, 0.0 ], [ 81.31204977428844, 18.599475912972199, 0.0 ], [ 81.311968872583961, 18.59958298822886, 0.0 ], [ 81.311956975037205, 18.59971385860495, 0.0 ], [ 81.312031928207304, 18.599723376108507, 0.0 ], [ 81.312085466277026, 18.599630577061721, 0.0 ], [ 81.31208189731683, 18.599537778348367, 0.0 ], [ 81.31214971145296, 18.599437840690253, 0.0 ], [ 81.312178264649958, 18.599266520125074, 0.0 ], [ 81.312117588791963, 18.59909876775134, 0.0 ], [ 81.312160418705091, 18.59897384594759, 0.0 ], [ 81.312299618233055, 18.598873909016948, 0.0 ], [ 81.312413831981999, 18.598763263869191, 0.0 ], [ 81.312413831771281, 18.598624065854253, 0.0 ], [ 81.312256787620768, 18.598463451183658, 0.0 ], [ 81.31215328074083, 18.598320684060749, 0.0 ], [ 81.312153281136432, 18.598213607612305, 0.0 ], [ 81.312188973197735, 18.59803871771803, 0.0 ], [ 81.312267494578748, 18.597870965829291, 0.0 ], [ 81.312267494475662, 18.597742474413305, 0.0 ], [ 81.312213957821044, 18.597499770089446, 0.0 ], [ 81.312274634024163, 18.597396263477869, 0.0 ], [ 81.312381709093941, 18.597349863675291, 0.0 ], [ 81.312488784561694, 18.597328448208081, 0.0 ], [ 81.312567306895943, 18.597257065123369, 0.0 ], [ 81.312631553158653, 18.597089313580184, 0.0 ], [ 81.312820720454681, 18.596864453780437, 0.0 ], [ 81.313009886792912, 18.596664578957427, 0.0 ], [ 81.31317050084931, 18.596557504012832, 0.0 ], [ 81.313291853550865, 18.596411166936665, 0.0 ], [ 81.313431050838631, 18.596304091310532, 0.0 ], [ 81.313598803493662, 18.596079231789695, 0.0 ], [ 81.313734433110781, 18.59579012760511, 0.0 ], [ 81.313866492893609, 18.595515299211769, 0.0 ], [ 81.314067485249709, 18.595305580960325, 0.0 ], [ 81.314219854852439, 18.595332715413761, 0.0 ], [ 81.314401884091367, 18.595339853918116, 0.0 ], [ 81.314705264693032, 18.595250624464402, 0.0 ], [ 81.314912278119579, 18.595179240556156, 0.0 ], [ 81.315140706350917, 18.595122133403873, 0.0 ], [ 81.315237074179151, 18.594929397511571, 0.0 ], [ 81.315322734273437, 18.594704538060522, 0.0 ], [ 81.315458364217548, 18.594651000606319, 0.0 ], [ 81.315604700643902, 18.594651000580946, 0.0 ], [ 81.315825990992792, 18.594647430883047, 0.0 ], [ 81.315911651073648, 18.594686691317509, 0.0 ], [ 81.315968758601755, 18.594775921760746, 0.0 ], [ 81.316118664572301, 18.594854444407822, 0.0 ], [ 81.316265001325519, 18.594854443911746, 0.0 ], [ 81.31674684306239, 18.595007919158029, 0.0 ], [ 81.317043085686848, 18.595139978835604, 0.0 ], [ 81.317264375630018, 18.595297023381647, 0.0 ], [ 81.317446403698099, 18.595450498624604, 0.0 ], [ 81.317614156334088, 18.595536160083835, 0.0 ], [ 81.317789045988206, 18.595625389894945, 0.0 ], [ 81.31796036690092, 18.595675358013796, 0.0 ], [ 81.318099566403973, 18.595678927637994, 0.0 ], [ 81.318392239956623, 18.5956396665866, 0.0 ], [ 81.318588545365728, 18.595521883218709, 0.0 ], [ 81.318706328236061, 18.595293453932253, 0.0 ], [ 81.318799127017215, 18.595186378537278, 0.0 ], [ 81.319110836159339, 18.595117374234317, 0.0 ], [ 81.319344024207638, 18.59528393668489, 0.0 ], [ 81.319515344996276, 18.595564713128901, 0.0 ], [ 81.319643836207234, 18.595802659248452, 0.0 ], [ 81.319919852943087, 18.596349934601516, 0.0 ], [ 81.320091175363885, 18.596483184224809, 0.0 ], [ 81.320310085101951, 18.596849621958611, 0.0 ], [ 81.320495682528318, 18.597254130272283, 0.0 ], [ 81.320533754580168, 18.597454005029419, 0.0 ], [ 81.320586102495469, 18.597763335621622, 0.0 ], [ 81.320776459455544, 18.598253503809701, 0.0 ], [ 81.320971575637103, 18.598529521812743, 0.0 ], [ 81.321190485962774, 18.598681806682574, 0.0 ], [ 81.321552164254271, 18.598900717128437, 0.0 ], [ 81.321975707638387, 18.59897210169575, 0.0 ], [ 81.322356421747813, 18.599086315405959, 0.0 ], [ 81.322589608250496, 18.59912914574452, 0.0 ], [ 81.322751412034449, 18.599200529769142, 0.0 ], [ 81.322875144064326, 18.599257636011583, 0.0 ], [ 81.323089295791846, 18.599271913090927, 0.0 ], [ 81.323236822572113, 18.599210046938332, 0.0 ], [ 81.323189233249067, 18.599300466600596, 0.0 ], [ 81.323094054533755, 18.599348055559066, 0.0 ], [ 81.323017911889821, 18.599386127231632, 0.0 ], [ 81.322837073174099, 18.599419440002507, 0.0 ], [ 81.322737134619786, 18.599438475504559, 0.0 ], [ 81.322665751571364, 18.59946702938387, 0.0 ], [ 81.322637197569009, 18.599566966584156, 0.0 ], [ 81.322632439171144, 18.59969545641297, 0.0 ], [ 81.322684787640355, 18.599785876294899, 0.0 ], [ 81.322660993240476, 18.599838225027341, 0.0 ], [ 81.322513466684157, 18.599990510252866, 0.0 ], [ 81.322423046999248, 18.600276045573509, 0.0 ], [ 81.32241828771528, 18.600675795301228, 0.0 ], [ 81.322532501366837, 18.600823321963418, 0.0 ], [ 81.322304073882549, 18.600980366094333, 0.0 ], [ 81.322104198755824, 18.601089821656064, 0.0 ], [ 81.322032815065299, 18.601204035086575, 0.0 ], [ 81.321989984498643, 18.601361079972282, 0.0 ], [ 81.322094680557214, 18.601503847535415, 0.0 ], [ 81.32214227015713, 18.601618061458147, 0.0 ], [ 81.322185100625504, 18.601751311362555, 0.0 ], [ 81.322227930501498, 18.602084435550804, 0.0 ], [ 81.322204136823899, 18.602255757142593, 0.0 ], [ 81.321951913312446, 18.602289070069482, 0.0 ], [ 81.32181866346393, 18.602346177191514, 0.0 ], [ 81.321761557181006, 18.602427077974014, 0.0 ], [ 81.321504574971783, 18.602688818635112, 0.0 ], [ 81.321399878586988, 18.602845863572476, 0.0 ], [ 81.321338011648308, 18.602993390064842, 0.0 ], [ 81.321352288506418, 18.603088568075176, 0.0 ], [ 81.321514091894159, 18.603174229242757, 0.0 ], [ 81.321566440803664, 18.603274167038339, 0.0 ], [ 81.321552164286757, 18.603540666451732, 0.0 ], [ 81.32143795056939, 18.603754817224509, 0.0 ], [ 81.321452227023713, 18.60395469281891, 0.0 ], [ 81.321461744660496, 18.604087942618769, 0.0 ], [ 81.32150933363792, 18.604259263382808, 0.0 ], [ 81.321618788269319, 18.604311610949665, 0.0 ], [ 81.321713967560314, 18.604325888001217, 0.0 ], [ 81.32174728044248, 18.60439727290164, 0.0 ], [ 81.321737761370272, 18.60460190595213, 0.0 ], [ 81.321704448995945, 18.604792263287191, 0.0 ], [ 81.321656860210041, 18.604849369953811, 0.0 ], [ 81.321552164409411, 18.604901718023847, 0.0 ], [ 81.321466503851752, 18.604949306932049, 0.0 ], [ 81.321352288677915, 18.605182494097281, 0.0 ], [ 81.32141891379905, 18.605482306771968, 0.0 ], [ 81.321423672461918, 18.605748805746373, 0.0 ], [ 81.321442708709611, 18.60594392169028, 0.0 ], [ 81.321385601181461, 18.606020065057013, 0.0 ], [ 81.321257110976731, 18.606191386000511, 0.0 ], [ 81.321219038741603, 18.606367465987699, 0.0 ], [ 81.321276145713554, 18.606695832196824, 0.0 ], [ 81.321366565265407, 18.606876669991607, 0.0 ], [ 81.32136656543851, 18.607143169938002, 0.0 ], [ 81.32140463722979, 18.607623821430064, 0.0 ], [ 81.321361806788403, 18.607714241569692, 0.0 ], [ 81.321123860602256, 18.607952187564326, 0.0 ], [ 81.320900191473896, 18.607990258131942, 0.0 ], [ 81.320628932307983, 18.608033088447279, 0.0 ], [ 81.320524236338287, 18.608113990467757, 0.0 ], [ 81.320357674324157, 18.608247240676359, 0.0 ], [ 81.320181594548544, 18.60825199880987, 0.0 ], [ 81.320153041491196, 18.608280552262116, 0.0 ], [ 81.320129246119066, 18.608370971786293, 0.0 ], [ 81.320129245562882, 18.608508981137579, 0.0 ], [ 81.32004358527675, 18.608661266242304, 0.0 ], [ 81.320029308580089, 18.608761204057537, 0.0 ], [ 81.32008165632169, 18.608903970972314, 0.0 ], [ 81.32011972803204, 18.60900866817455, 0.0 ], [ 81.320129245744795, 18.609122882058806, 0.0 ], [ 81.320281532037299, 18.609298961402335, 0.0 ], [ 81.320438576110206, 18.609446488261089, 0.0 ], [ 81.320533754776164, 18.609665398208772, 0.0 ], [ 81.320605138234285, 18.609789131007549, 0.0 ], [ 81.320819289422374, 18.609770094564844, 0.0 ], [ 81.320819289376772, 18.609955693173873, 0.0 ], [ 81.3208050130538, 18.610103220251464, 0.0 ], [ 81.320733629352958, 18.610127014401559, 0.0 ], [ 81.320471888741466, 18.610165084901201, 0.0 ], [ 81.32035767451282, 18.610136532192236, 0.0 ], [ 81.320295808551734, 18.610165085735701, 0.0 ], [ 81.320229183305557, 18.610250746686773, 0.0 ], [ 81.320086415870492, 18.610583870613407, 0.0 ], [ 81.320019791580066, 18.610845611506846, 0.0 ], [ 81.319995996225359, 18.611031209924558, 0.0 ], [ 81.319891299886677, 18.611469030735567, 0.0 ], [ 81.320029308410213, 18.611459513187601, 0.0 ], [ 81.32009593413548, 18.611221566918886, 0.0 ], [ 81.320134004821199, 18.611007414235537, 0.0 ], [ 81.320134005520984, 18.610788504738007, 0.0 ], [ 81.320186352862905, 18.610588629946143, 0.0 ], [ 81.32025297863575, 18.610464897444455, 0.0 ], [ 81.320405264365107, 18.610336406672289, 0.0 ], [ 81.320457611927054, 18.610222193317874, 0.0 ], [ 81.320628932990331, 18.6102126749063, 0.0 ], [ 81.320805012601269, 18.610260263758402, 0.0 ], [ 81.320852602032105, 18.610146050280704, 0.0 ], [ 81.320904950430162, 18.609974728360672, 0.0 ], [ 81.320895432778428, 18.609789130711029, 0.0 ], [ 81.320838325332659, 18.609684434564244, 0.0 ], [ 81.320738388320549, 18.609608292046879, 0.0 ], [ 81.320509959484852, 18.609379863796317, 0.0 ], [ 81.320319602339552, 18.609151435200683, 0.0 ], [ 81.320210148339143, 18.608923007044286, 0.0 ], [ 81.320167318124064, 18.608718373929715, 0.0 ], [ 81.320205388891097, 18.608585123939033, 0.0 ], [ 81.320238701084918, 18.608394767440938, 0.0 ], [ 81.320329120727038, 18.60840904392505, 0.0 ], [ 81.320486165069312, 18.608328141682961, 0.0 ], [ 81.320667004257487, 18.608194892138009, 0.0 ], [ 81.320781218380446, 18.608147302864928, 0.0 ], [ 81.320923986095309, 18.608104471940994, 0.0 ], [ 81.321195244769029, 18.608123508323629, 0.0 ], [ 81.321399878714828, 18.607914115135369, 0.0 ], [ 81.321618788302843, 18.607757071056376, 0.0 ], [ 81.321585475523307, 18.607447741088631, 0.0 ], [ 81.321556922191718, 18.607152688194425, 0.0 ], [ 81.321614030109174, 18.606938536105794, 0.0 ], [ 81.32158547576033, 18.606748179888069, 0.0 ], [ 81.321423672631695, 18.606600652624337, 0.0 ], [ 81.321423672769598, 18.60641505566214, 0.0 ], [ 81.321509333943737, 18.606210421494247, 0.0 ], [ 81.321585475801243, 18.605877296980744, 0.0 ], [ 81.321585475749927, 18.605596520748445, 0.0 ], [ 81.321523610240348, 18.605334779676443, 0.0 ], [ 81.321504574293471, 18.605149182115316, 0.0 ], [ 81.321590235503194, 18.605030209488245, 0.0 ], [ 81.321733002744864, 18.604949307363199, 0.0 ], [ 81.32179962735897, 18.604801780694089, 0.0 ], [ 81.321842457875306, 18.604549557741315, 0.0 ], [ 81.321837698412125, 18.604273540230338, 0.0 ], [ 81.321780591537603, 18.604221192602846, 0.0 ], [ 81.321680654388317, 18.604187879878598, 0.0 ], [ 81.321556922732157, 18.604178361256199, 0.0 ], [ 81.321556922661742, 18.604035593776054, 0.0 ], [ 81.321575958511687, 18.603916620505295, 0.0 ], [ 81.321604511643443, 18.603721504537369, 0.0 ], [ 81.3216616188068, 18.603459764758377, 0.0 ], [ 81.321690172019601, 18.603240854154169, 0.0 ], [ 81.321471262015422, 18.603026703034654, 0.0 ], [ 81.321518851667847, 18.602917247543363, 0.0 ], [ 81.32169493186629, 18.602688819005049, 0.0 ], [ 81.321828181264763, 18.602546051152384, 0.0 ], [ 81.321951913512507, 18.602422320155135, 0.0 ], [ 81.322213654062665, 18.602355694926803, 0.0 ], [ 81.322337386348778, 18.602279551884781, 0.0 ], [ 81.322370697743295, 18.601994016595885, 0.0 ], [ 81.322270761309042, 18.601541919115093, 0.0 ], [ 81.322185100489378, 18.601375357390829, 0.0 ], [ 81.322123234897418, 18.601256384250952, 0.0 ], [ 81.322147028804594, 18.601189758539132, 0.0 ], [ 81.322346903869061, 18.60111837467996, 0.0 ], [ 81.322551537196318, 18.601018437951964, 0.0 ], [ 81.322632438700865, 18.600932777295036, 0.0 ], [ 81.32258484998809, 18.600585375197817, 0.0 ], [ 81.322542019866802, 18.600409295809651, 0.0 ], [ 81.322561054788196, 18.600185626213513, 0.0 ], [ 81.322708581695238, 18.599971474624123, 0.0 ], [ 81.322827554407098, 18.599847742579453, 0.0 ], [ 81.322803760463671, 18.599728769361118, 0.0 ], [ 81.32273713506666, 18.599671662962258, 0.0 ], [ 81.322770447567592, 18.599571725570094, 0.0 ], [ 81.322889421219784, 18.599552689422094, 0.0 ], [ 81.323084536614502, 18.599495582411766, 0.0 ], [ 81.323257413267697, 18.599380330567076, 0.0 ], [ 81.323372847383823, 18.599515411539478, 0.0 ], [ 81.32351085677675, 18.599577277518637, 0.0 ], [ 81.323753561458744, 18.59962962558404, 0.0 ], [ 81.323924883154689, 18.599639142884733, 0.0 ], [ 81.324058133334844, 18.599596312546307, 0.0 ], [ 81.324105722414188, 18.599472581294535, 0.0 ], [ 81.324119998959745, 18.599291741810543, 0.0 ], [ 81.324043856488487, 18.599001448355693, 0.0 ], [ 81.323848740064093, 18.598444653363135, 0.0 ], [ 81.323729767387462, 18.598102011841203, 0.0 ], [ 81.323720249910721, 18.597745092459114, 0.0 ], [ 81.323682177777428, 18.597131190904115, 0.0 ], [ 81.323663142282953, 18.596721923892641, 0.0 ], [ 81.323696454377966, 18.596569638005111, 0.0 ], [ 81.323801151209921, 18.596460183276907, 0.0 ], [ 81.323905847230463, 18.596407835251014, 0.0 ], [ 81.324015303028602, 18.596479219927279, 0.0 ], [ 81.324158069713775, 18.5967409603752, 0.0 ], [ 81.324305596828452, 18.597116914350867, 0.0 ], [ 81.32446740005031, 18.597507146675518, 0.0 ], [ 81.32455306024768, 18.597711780139626, 0.0 ], [ 81.324648239175716, 18.597754610096164, 0.0 ], [ 81.324733900275575, 18.597745092321681, 0.0 ], [ 81.324990881715067, 18.597592806465563, 0.0 ], [ 81.325362077366464, 18.597131191478809, 0.0 ], [ 81.325595264812762, 18.59672192435481, 0.0 ], [ 81.325914112285673, 18.596303139032074, 0.0 ], [ 81.32612826343636, 18.596065193554221, 0.0 ], [ 81.326347175021695, 18.595898630776329, 0.0 ], [ 81.3264899424193, 18.595855800892139, 0.0 ], [ 81.326656504229803, 18.595889113397664, 0.0 ], [ 81.326699334991346, 18.595998568011815, 0.0 ], [ 81.326718370199657, 18.596284103886394, 0.0 ], [ 81.326804031053783, 18.596931316891364, 0.0 ], [ 81.326861138221872, 18.597478592950171, 0.0 ], [ 81.326975352385233, 18.598021109745588, 0.0 ], [ 81.327056253415023, 18.598278092283294, 0.0 ], [ 81.327160949807521, 18.598477966423147, 0.0 ], [ 81.32725612873304, 18.598644528808752, 0.0 ], [ 81.327341789218579, 18.598777778505337, 0.0 ], [ 81.327541664146352, 18.598877715467125, 0.0 ], [ 81.32780816314127, 18.598796813796813, 0.0 ], [ 81.328079422111145, 18.598477966167241, 0.0 ], [ 81.328307850673696, 18.598254297163344, 0.0 ], [ 81.328493447759001, 18.598025869024514, 0.0 ], [ 81.328712358261228, 18.597878342199792, 0.0 ], [ 81.328869402516318, 18.597906896044002, 0.0 ], [ 81.329035965504232, 18.598006832722852, 0.0 ], [ 81.329202528050132, 18.598240019805395, 0.0 ], [ 81.329478544406541, 18.598382788485527, 0.0 ], [ 81.32986401752963, 18.598458930477467, 0.0 ], [ 81.330363704027036, 18.598516037040802, 0.0 ], [ 81.330877667502605, 18.59860169852017, 0.0 ], [ 81.331191756879051, 18.598663563526081, 0.0 ], [ 81.331443979647091, 18.598687359007648, 0.0 ], [ 81.331796139718392, 18.598682599441307, 0.0 ], [ 81.332200648390724, 18.598782536633905, 0.0 ], [ 81.332338657181722, 18.598920546545788, 0.0 ], [ 81.332652745614254, 18.599053795946848, 0.0 ], [ 81.333142915056072, 18.599153732999472, 0.0 ], [ 81.333637843205196, 18.599282224942833, 0.0 ], [ 81.334218431735167, 18.599358366950241, 0.0 ], [ 81.334779984442477, 18.599353608216163, 0.0 ], [ 81.335322501073932, 18.599334572292552, 0.0 ], [ 81.335555688068865, 18.599372643636588, 0.0 ], [ 81.335769840494834, 18.599439268781445, 0.0 ], [ 81.335941161607593, 18.599577277892006, 0.0 ], [ 81.336107723893932, 18.599705768844238, 0.0 ], [ 81.336245731549994, 18.599758115940261, 0.0 ], [ 81.336459883431388, 18.599815222779732, 0.0 ], [ 81.336693070934132, 18.599824741707099, 0.0 ], [ 81.336802525602963, 18.59982474162469, 0.0 ], [ 81.336859633519353, 18.599686732815098, 0.0 ], [ 81.337016677200381, 18.599168009581582, 0.0 ], [ 81.337192757546262, 18.598649287496581, 0.0 ], [ 81.337197516902989, 18.598230502833129, 0.0 ], [ 81.337226070178872, 18.597797440740546, 0.0 ], [ 81.337287936736317, 18.597273959589899, 0.0 ], [ 81.337435463216394, 18.597235887291745, 0.0 ], [ 81.337554434998552, 18.597273959590122, 0.0 ], [ 81.337816176939526, 18.597454797684019, 0.0 ], [ 81.338030327888859, 18.597678467083394, 0.0 ], [ 81.338587121174612, 18.598240020564695, 0.0 ], [ 81.338791756016576, 18.598497002689996, 0.0 ], [ 81.338853621435433, 18.598677841417839, 0.0 ], [ 81.33883934390461, 18.598815849763042, 0.0 ], [ 81.338644229633445, 18.598868197993063, 0.0 ], [ 81.338306345218783, 18.598949099575805, 0.0 ], [ 81.3381207470471, 18.599030001784175, 0.0 ], [ 81.337973220428566, 18.599139456057124, 0.0 ], [ 81.337859006875448, 18.599439269122623, 0.0 ], [ 81.33780190036191, 18.599563000163631, 0.0 ], [ 81.337701961598285, 18.599924678970595, 0.0 ], [ 81.337692444163537, 18.600143588603959, 0.0 ], [ 81.337797140564049, 18.600410089148735, 0.0 ], [ 81.337930390063292, 18.600595686134408, 0.0 ], [ 81.338087435022061, 18.6008050791466, 0.0 ], [ 81.33822068413123, 18.600933570808881, 0.0 ], [ 81.338368210700622, 18.601081097095928, 0.0 ], [ 81.338582362986287, 18.601128685255585, 0.0 ], [ 81.339015424714717, 18.601161998839181, 0.0 ], [ 81.339396138711948, 18.601023989115443, 0.0 ], [ 81.339634084020204, 18.600843150854448, 0.0 ], [ 81.339895825723971, 18.600671828802277, 0.0 ], [ 81.340157566188822, 18.600619481284948, 0.0 ], [ 81.340457378792919, 18.600609962815401, 0.0 ], [ 81.340785743152736, 18.600614722128231, 0.0 ], [ 81.341033207666229, 18.600614722651734, 0.0 ], [ 81.341347296488323, 18.600609963327305, 0.0 ], [ 81.341718492319316, 18.600524302291113, 0.0 ], [ 81.34205637560278, 18.600419605846334, 0.0 ], [ 81.342389501005073, 18.600295874778812, 0.0 ], [ 81.342556062006523, 18.600257803298291, 0.0 ], [ 81.342675035148531, 18.600262561887565, 0.0 ], [ 81.342946294780134, 18.600310151511998, 0.0 ], [ 81.343169964120975, 18.600381535572239, 0.0 ], [ 81.343412668248718, 18.600519544586163, 0.0 ], [ 81.343731516470768, 18.600662311242829, 0.0 ], [ 81.343969461942876, 18.600790802653432, 0.0 ], [ 81.344469149728383, 18.601114409387371, 0.0 ], [ 81.344802274101312, 18.601380909069249, 0.0 ], [ 81.345116362836123, 18.601652167449437, 0.0 ], [ 81.34532099702929, 18.60176638154546, 0.0 ], [ 81.345780094803729, 18.60190209616875, 0.0 ], [ 81.345986935972704, 18.601863392844319, 0.0 ], [ 81.345920620129831, 18.601694997379781, 0.0 ], [ 81.345811165489096, 18.601580783670531, 0.0 ], [ 81.345325754515173, 18.601461810754081, 0.0 ], [ 81.34501642477511, 18.601266695170033, 0.0 ], [ 81.344588122383342, 18.600981159140122, 0.0 ], [ 81.344116988557658, 18.600633757784575, 0.0 ], [ 81.34347929386783, 18.600305392676479, 0.0 ], [ 81.342851115828879, 18.600124553347634, 0.0 ], [ 81.342399018743293, 18.600124553126044, 0.0 ], [ 81.342099206093934, 18.600257802922059, 0.0 ], [ 81.341689939342388, 18.60037677578357, 0.0 ], [ 81.34129018930247, 18.600448159463035, 0.0 ], [ 81.340876163044882, 18.600414848163133, 0.0 ], [ 81.340419306828352, 18.600462436636757, 0.0 ], [ 81.339971968113872, 18.600500508618548, 0.0 ], [ 81.339496076476735, 18.60072893622878, 0.0 ], [ 81.339248612120144, 18.600871704596162, 0.0 ], [ 81.338991629855741, 18.600990677601086, 0.0 ], [ 81.338615675278348, 18.600985918642724, 0.0 ], [ 81.338344416816881, 18.600843151206515, 0.0 ], [ 81.337982738193332, 18.600424365425699, 0.0 ], [ 81.337830453242532, 18.600076964577799, 0.0 ], [ 81.337992257093688, 18.599563000045563, 0.0 ], [ 81.33817785387717, 18.599277465014648, 0.0 ], [ 81.338358693371603, 18.599082349247738, 0.0 ], [ 81.338677541405701, 18.599082349403801, 0.0 ], [ 81.338905969424331, 18.599049037131831, 0.0 ], [ 81.338977353149446, 18.598906269306188, 0.0 ], [ 81.338958317286753, 18.598706395368247, 0.0 ], [ 81.338910727830594, 18.598439895587774, 0.0 ], [ 81.33878699700827, 18.59818767263425, 0.0 ], [ 81.338330140535419, 18.597754610106936, 0.0 ], [ 81.338106470310834, 18.597488110612947, 0.0 ], [ 81.337606783680485, 18.597093120267818, 0.0 ], [ 81.337349801623731, 18.597012218087343, 0.0 ], [ 81.337226070411987, 18.597093119923041, 0.0 ], [ 81.33711185534014, 18.597226369544963, 0.0 ], [ 81.337078544052162, 18.597378656172062, 0.0 ], [ 81.33707854340085, 18.597668949793519, 0.0 ], [ 81.337011918490575, 18.598259055865707, 0.0 ], [ 81.336988123904234, 18.598663564219393, 0.0 ], [ 81.336888187218221, 18.598982411933029, 0.0 ], [ 81.3367454182671, 18.599339331174026, 0.0 ], [ 81.336664517510755, 18.599591554623068, 0.0 ], [ 81.336526508030559, 18.599582036397788, 0.0 ], [ 81.336255249914473, 18.599491616712989, 0.0 ], [ 81.335964955419769, 18.599348848814479, 0.0 ], [ 81.335798394221698, 18.599267947073574, 0.0 ], [ 81.335422438731726, 18.599201322264182, 0.0 ], [ 81.334998894592488, 18.599201322341024, 0.0 ], [ 81.334442100738897, 18.599225116684508, 0.0 ], [ 81.334032832844144, 18.599225116752343, 0.0 ], [ 81.333514110556521, 18.599110902660701, 0.0 ], [ 81.33293352257374, 18.598977653001665, 0.0 ], [ 81.332576602764206, 18.598820609184539, 0.0 ], [ 81.332343415808609, 18.598673082760317, 0.0 ], [ 81.331891318754856, 18.598506519443678, 0.0 ], [ 81.331562952871266, 18.598439895301386, 0.0 ], [ 81.331091819842229, 18.598468448958791, 0.0 ], [ 81.330463641870281, 18.598363752617971, 0.0 ], [ 81.329835463918343, 18.598311403725365, 0.0 ], [ 81.329331017809452, 18.598097252649676, 0.0 ], [ 81.328802777820798, 18.597683226003049, 0.0 ], [ 81.328721877259355, 18.597687985767639, 0.0 ], [ 81.328360198107831, 18.597930690379126, 0.0 ], [ 81.328136528537229, 18.598144842608853, 0.0 ], [ 81.327922377295579, 18.598411342219343, 0.0 ], [ 81.327693949087006, 18.598501760346942, 0.0 ], [ 81.327432208356939, 18.598449413255931, 0.0 ], [ 81.327279922814867, 18.598249538392437, 0.0 ], [ 81.327108601772096, 18.597949725871427, 0.0 ], [ 81.32705625306312, 18.597507145962084, 0.0 ], [ 81.327022941070965, 18.597083602803313, 0.0 ], [ 81.326965834262396, 18.596483977524432, 0.0 ], [ 81.32688493275046, 18.595970014322901, 0.0 ], [ 81.326827825389273, 18.595751104350771, 0.0 ], [ 81.326746923687494, 18.595689237937769, 0.0 ], [ 81.326618432533408, 18.595622613722366, 0.0 ], [ 81.326385245404481, 18.595679720759357, 0.0 ], [ 81.325918871584975, 18.596055674918016, 0.0 ], [ 81.325519121737003, 18.59666957647195, 0.0 ], [ 81.325185997322535, 18.597059807055256, 0.0 ], [ 81.324881426565099, 18.597469074883069, 0.0 ], [ 81.324786247263575, 18.597588047306964, 0.0 ], [ 81.324672033981329, 18.59754997619784, 0.0 ], [ 81.324557819480816, 18.597307271294294, 0.0 ], [ 81.324476917241157, 18.596864691772712, 0.0 ], [ 81.324343668003252, 18.596531566974686, 0.0 ], [ 81.324177105809596, 18.596298380197599, 0.0 ], [ 81.323829704064906, 18.596236514451778, 0.0 ], [ 81.323572723367093, 18.59646494254574, 0.0 ], [ 81.323520374751126, 18.597112156126865, 0.0 ], [ 81.32353465101653, 18.597849788643369, 0.0 ], [ 81.323596517636361, 18.598306645094002, 0.0 ], [ 81.323739285094518, 18.598773019564067, 0.0 ], [ 81.323939159848507, 18.599239393689999, 0.0 ], [ 81.323953436271537, 18.599410715385154, 0.0 ], [ 81.323739284741549, 18.599486858210291, 0.0 ], [ 81.323525133589158, 18.599367884846281, 0.0 ], [ 81.323346277398599, 18.599290948935323, 0.0 ], [ 81.323332000626394, 18.599143421967959, 0.0 ], [ 81.323146403304662, 18.599148181918345, 0.0 ], [ 81.322984599906889, 18.5991576986947, 0.0 ], [ 81.322737135323806, 18.599072038756468, 0.0 ], [ 81.322394493386852, 18.598905475760819, 0.0 ], [ 81.321818664094536, 18.598781744084796, 0.0 ], [ 81.321537887371093, 18.598729395815294, 0.0 ], [ 81.321185726882277, 18.59844861985486, 0.0 ], [ 81.32091446836634, 18.598172602093456, 0.0 ], [ 81.320771700809331, 18.597834719420849, 0.0 ], [ 81.320781218861868, 18.597439727438172, 0.0 ], [ 81.320452852795668, 18.596749684441473, 0.0 ], [ 81.320124487906156, 18.596292828125776, 0.0 ], [ 81.319767567903895, 18.595736034499943, 0.0 ], [ 81.319363059690147, 18.595088820619843, 0.0 ], [ 81.319191738214599, 18.595017436882326, 0.0 ], [ 81.318963310080008, 18.594993642169619, 0.0 ], [ 81.318763435395894, 18.595007919142013, 0.0 ], [ 81.318515972037972, 18.595179240584248, 0.0 ], [ 81.318449346912445, 18.595402910222411, 0.0 ], [ 81.318316096451142, 18.595483811174336, 0.0 ], [ 81.318025802667819, 18.595493328840483, 0.0 ], [ 81.317545152282861, 18.59536483823678, 0.0 ], [ 81.317093053905751, 18.595022195501262, 0.0 ], [ 81.316755170497785, 18.594855634250401, 0.0 ], [ 81.316117474820473, 18.594612928233996, 0.0 ], [ 81.315841457416553, 18.594512990879807, 0.0 ], [ 81.315555921633646, 18.594498714213813, 0.0 ], [ 81.315365565217647, 18.59454630386232, 0.0 ], [ 81.315189484944071, 18.594674794691663, 0.0 ], [ 81.315089547408505, 18.594988883533198, 0.0 ], [ 81.314918227255191, 18.595055508299886, 0.0 ], [ 81.314523235164529, 18.595122133387303, 0.0 ], [ 81.314294808181842, 18.595188758042415, 0.0 ], [ 81.3138902989092, 18.595150686921222, 0.0 ], [ 81.313423924636041, 18.595160204682621, 0.0 ], [ 81.313162184259113, 18.595217311831107, 0.0 ], [ 81.312924238236874, 18.595155445642842, 0.0 ], [ 81.312767194629799, 18.594789008897425, 0.0 ], [ 81.312572078221905, 18.59437022430409, 0.0 ], [ 81.312215158477628, 18.593789634952792, 0.0 ], [ 81.312024801681616, 18.593256636021277, 0.0 ], [ 81.312024802250903, 18.592985377279881, 0.0 ], [ 81.311958176879955, 18.592590386533061, 0.0 ], [ 81.311839203517323, 18.592281056477834, 0.0 ], [ 81.311468008588363, 18.591919378523691, 0.0 ], [ 81.311444213387546, 18.59168143291868, 0.0 ], [ 81.311519166089013, 18.591316185189221, 0.0 ], [ 81.311572704987668, 18.591176986473076, 0.0 ], [ 81.311554858934841, 18.590973542689287, 0.0 ], [ 81.31152273543411, 18.590770099563098, 0.0 ], [ 81.311415659759604, 18.590670162155501, 0.0 ], [ 81.31111584836475, 18.590602347300784, 0.0 ], [ 81.310855296255625, 18.590591639412352, 0.0 ], [ 81.310609022808151, 18.590595209311573, 0.0 ], [ 81.310262811111798, 18.590445303031867, 0.0 ], [ 81.309966567384393, 18.590099090581226, 0.0 ], [ 81.309830939453008, 18.589867093317324, 0.0 ], [ 81.309738140094424, 18.589588696968121, 0.0 ], [ 81.309566819544415, 18.589449498010627, 0.0 ], [ 81.309520419796868, 18.589288884538906, 0.0 ], [ 81.309548972853051, 18.589124701681801, 0.0 ], [ 81.309801195555949, 18.588966467456835, 0.0 ], [ 81.30994396352996, 18.588890324941325, 0.0 ], [ 81.309920169009075, 18.58871900369174, 0.0 ], [ 81.30973932973211, 18.588685690818615, 0.0 ], [ 81.309363374707374, 18.588580995005355, 0.0 ], [ 81.309101633896233, 18.588557200462891, 0.0 ], [ 81.308863687503944, 18.588609548248449, 0.0 ], [ 81.308701884584309, 18.588719003510356, 0.0 ], [ 81.308563876308156, 18.58868093303316, 0.0 ], [ 81.308516286396809, 18.5884429865275, 0.0 ], [ 81.308449661160182, 18.587900468841958, 0.0 ], [ 81.308478215208368, 18.58744361232549, 0.0 ], [ 81.308492492073356, 18.587015309064316, 0.0 ], [ 81.308542460450766, 18.586882060115197, 0.0 ], [ 81.3086127759899, 18.586708458651351, 0.0 ], [ 81.308640767840288, 18.58663178813967, 0.0 ], [ 81.308551978684775, 18.586456136008529, 0.0 ], [ 81.308254546147865, 18.586220569501346, 0.0 ], [ 81.308076086261181, 18.586011177740819, 0.0 ], [ 81.30797139002776, 18.585944551918814, 0.0 ], [ 81.307712028124683, 18.585913619403861, 0.0 ], [ 81.307476461764537, 18.585946931699048, 0.0 ], [ 81.307305140772442, 18.585946931662978, 0.0 ], [ 81.307191878693985, 18.585948358458204, 0.0 ], [ 81.307070526293089, 18.585923374725645, 0.0 ], [ 81.306934896246659, 18.585923374614211, 0.0 ], [ 81.30687422095761, 18.585894821625686, 0.0 ], [ 81.306813544233407, 18.585727068953062, 0.0 ], [ 81.306802835997075, 18.585537902336242, 0.0 ], [ 81.306774282591334, 18.585395135010241, 0.0 ], [ 81.30664579217067, 18.585213105940355, 0.0 ], [ 81.306413795118388, 18.585113168189018, 0.0 ], [ 81.306224627876205, 18.585031077106152, 0.0 ], [ 81.306096136527302, 18.584941847488917, 0.0 ], [ 81.305921246500475, 18.584920432437492, 0.0 ], [ 81.305592881371084, 18.584906155403374, 0.0 ], [ 81.305460820014218, 18.584888309221608, 0.0 ], [ 81.305379841535469, 18.584871860835417, 0.0 ], [ 81.305320617414395, 18.584942232097657, 0.0 ], [ 81.305231483831861, 18.584969897223054, 0.0 ], [ 81.30543940596462, 18.584998954164593, 0.0 ], [ 81.305649988326593, 18.585016800792204, 0.0 ], [ 81.305799893279413, 18.585023938322518, 0.0 ], [ 81.306028322094292, 18.585048922297759, 0.0 ], [ 81.306156812462063, 18.585131014892212, 0.0 ], [ 81.306349549215781, 18.585213105302255, 0.0 ], [ 81.306563700974465, 18.585309474019979, 0.0 ], [ 81.306674345797589, 18.585441534136063, 0.0 ], [ 81.306713607688636, 18.585641408214833, 0.0 ], [ 81.306735022320197, 18.585848421398207, 0.0 ], [ 81.306760006042623, 18.585959067342912, 0.0 ], [ 81.306799267529769, 18.586030451007382, 0.0 ], [ 81.306877789314086, 18.586080418540064, 0.0 ], [ 81.306959881328694, 18.586094696409262, 0.0 ], [ 81.30710978743933, 18.586083988701105, 0.0 ], [ 81.307199017300917, 18.586055434422377, 0.0 ], [ 81.307334884158735, 18.586071139837191, 0.0 ], [ 81.307510013146526, 18.586086368398423, 0.0 ], [ 81.307784126707105, 18.586044488813872, 0.0 ], [ 81.307953543945402, 18.586063524753772, 0.0 ], [ 81.308029686903438, 18.586124438699592, 0.0 ], [ 81.308147707868812, 18.586242460257299, 0.0 ], [ 81.308286668496208, 18.586421395945262, 0.0 ], [ 81.308387557579778, 18.586533706773363, 0.0 ], [ 81.308442760994836, 18.586613656451835, 0.0 ], [ 81.30843324384459, 18.586745002493306, 0.0 ], [ 81.308372329658425, 18.586882059989346, 0.0 ], [ 81.308359004402533, 18.586977237984545, 0.0 ], [ 81.308326644535853, 18.587087645666013, 0.0 ], [ 81.308290476474298, 18.587217088683694, 0.0 ], [ 81.308338065146032, 18.58745693725308, 0.0 ], [ 81.308338065927273, 18.587649198018855, 0.0 ], [ 81.308366618939061, 18.587999454637757, 0.0 ], [ 81.308370426068578, 18.588212654094399, 0.0 ], [ 81.308387557598593, 18.588395397140907, 0.0 ], [ 81.308402785741833, 18.588538164251208, 0.0 ], [ 81.308459893297012, 18.588831314426525, 0.0 ], [ 81.308511289919863, 18.588888421566281, 0.0 ], [ 81.30859695103311, 18.588899842716305, 0.0 ], [ 81.308661671795846, 18.588878903284858, 0.0 ], [ 81.308760656916007, 18.588812278694721, 0.0 ], [ 81.30886725728601, 18.588751364476199, 0.0 ], [ 81.30897766389802, 18.588692354255254, 0.0 ], [ 81.309049999846494, 18.58868854640291, 0.0 ], [ 81.309143273987985, 18.588688546140531, 0.0 ], [ 81.309278427835324, 18.588701871348892, 0.0 ], [ 81.309484012949454, 18.588762785627587, 0.0 ], [ 81.309560156036966, 18.588785628310603, 0.0 ], [ 81.309594420091955, 18.588831314390532, 0.0 ], [ 81.30956967400887, 18.588888421287887, 0.0 ], [ 81.309447846276413, 18.588955045815251, 0.0 ], [ 81.309369798865632, 18.589065453451951, 0.0 ], [ 81.309341246015222, 18.589113042896635, 0.0 ], [ 81.309314596025871, 18.589187281188785, 0.0 ], [ 81.309398352380484, 18.589449974426149, 0.0 ], [ 81.30952779535977, 18.589583224610287, 0.0 ], [ 81.309687694864579, 18.589756448749309, 0.0 ], [ 81.309744802240218, 18.590032466715389, 0.0 ], [ 81.30976193421273, 18.590190462499102, 0.0 ], [ 81.310141459065719, 18.590516686480807, 0.0 ], [ 81.310262810630746, 18.590588070056192, 0.0 ], [ 81.310346092122913, 18.590657074337091, 0.0 ], [ 81.310460306314013, 18.590711802378198, 0.0 ], [ 81.310617350273162, 18.590733217011021, 0.0 ], [ 81.310810086494214, 18.590764150477689, 0.0 ], [ 81.310945716300878, 18.590757012459019, 0.0 ], [ 81.31112417597538, 18.59072845841191, 0.0 ], [ 81.31123125209929, 18.590771289257386, 0.0 ], [ 81.311312152874052, 18.590868846946972, 0.0 ], [ 81.311343086220816, 18.591013993182209, 0.0 ], [ 81.311350225018771, 18.59112820856372, 0.0 ], [ 81.311300256238965, 18.591251939346744, 0.0 ], [ 81.311283600155889, 18.591408984095882, 0.0 ], [ 81.311282410260262, 18.591574356333687, 0.0 ], [ 81.311260995170684, 18.591699278618982, 0.0 ], [ 81.311260995571956, 18.591813492960945, 0.0 ], [ 81.311339516535782, 18.591952691302339, 0.0 ], [ 81.311389485658808, 18.592102596614108, 0.0 ], [ 81.311482285408403, 18.592295333462904, 0.0 ], [ 81.311582222738039, 18.592398839507581, 0.0 ], [ 81.311660744334588, 18.592548746216952, 0.0 ], [ 81.311767820074692, 18.592823574417363, 0.0 ], [ 81.311835634788864, 18.593009171903983, 0.0 ], [ 81.311835634712807, 18.593184062536924, 0.0 ], [ 81.311928433605246, 18.593519565864447, 0.0 ], [ 81.312006956093981, 18.593772978732549, 0.0 ], [ 81.312121169703929, 18.593897900838481, 0.0 ], [ 81.312210399968365, 18.59407992931126, 0.0 ], [ 81.312292491594036, 18.59424411217806, 0.0 ], [ 81.312442397843185, 18.594419001830772, 0.0 ], [ 81.312495935130116, 18.594536785759587, 0.0 ], [ 81.312568990387533, 18.594713802484421, 0.0 ], [ 81.312323412022891, 18.594840127790288, 0.0 ], [ 81.312153875912699, 18.595045355392344, 0.0 ], [ 81.312112234890421, 18.595089971434632, 0.0 ], [ 81.311936750655263, 18.595158380939544, 0.0 ], [ 81.311779111162622, 18.595238687261453, 0.0 ], [ 81.311502498170142, 18.595360634957483, 0.0 ], [ 81.311466807309088, 18.595506376748013, 0.0 ], [ 81.311413268204277, 18.595607503932655, 0.0 ], [ 81.311187219467087, 18.595750271109111, 0.0 ], [ 81.311050400620928, 18.595833552419446, 0.0 ], [ 81.31077081452986, 18.595988217824281, 0.0 ], [ 81.310645892450964, 18.596003088986329, 0.0 ], [ 81.310592355141324, 18.595955499952211, 0.0 ], [ 81.310574508524979, 18.59584247531993, 0.0 ], [ 81.310580457762796, 18.595780014224164, 0.0 ], [ 81.310464458602667, 18.595791912057159, 0.0 ], [ 81.310419843708985, 18.595913858910706, 0.0 ], [ 81.310381177903039, 18.595958474519804, 0.0 ], [ 81.310211641452952, 18.595913859015248, 0.0 ], [ 81.310119436461505, 18.595887090273017, 0.0 ], [ 81.310068872717025, 18.595898988049608, 0.0 ], [ 81.310033181899513, 18.595964422589017, 0.0 ], [ 81.310039129388912, 18.596062575724229, 0.0 ], [ 81.310065898323089, 18.596154779878674, 0.0 ], [ 81.310027231998546, 18.596303495319212, 0.0 ], [ 81.309991540871451, 18.596342162133048, 0.0 ], [ 81.309807131922469, 18.596386777279797, 0.0 ], [ 81.309771439791334, 18.596425444004783, 0.0 ], [ 81.309708979067281, 18.596419494933951, 0.0 ], [ 81.309622724614954, 18.596333238442874, 0.0 ], [ 81.309542418113296, 18.596258881458112, 0.0 ], [ 81.309476982546556, 18.596246984337196, 0.0 ], [ 81.309375854858772, 18.596252932237789, 0.0 ], [ 81.309230113090663, 18.596258881197357, 0.0 ], [ 81.309152779846343, 18.596324316601429, 0.0 ], [ 81.309063551619943, 18.596440315203168, 0.0 ], [ 81.308885091302074, 18.596541441939674, 0.0 ], [ 81.308789913072118, 18.59662174838212, 0.0 ], [ 81.308653093414122, 18.596502775801163, 0.0 ], [ 81.308516274925964, 18.596383802299567, 0.0 ], [ 81.308325917953908, 18.596255906991612, 0.0 ], [ 81.308266431885812, 18.596163702371705, 0.0 ], [ 81.308168279361865, 18.596148830905285, 0.0 ], [ 81.308058228838064, 18.596038781432895, 0.0 ], [ 81.307954126907418, 18.595991191433942, 0.0 ], [ 81.307838129179856, 18.595949551478469, 0.0 ], [ 81.307737001077598, 18.595931705276939, 0.0 ], [ 81.307621003151056, 18.59592873120727, 0.0 ], [ 81.30753177278558, 18.595907911065925, 0.0 ], [ 81.307442543273893, 18.595901961895585, 0.0 ], [ 81.307377107914192, 18.595916833493177, 0.0 ], [ 81.307335466712459, 18.595949551503683, 0.0 ], [ 81.307234340242516, 18.596050678320221, 0.0 ], [ 81.307273006302808, 18.596128011189677, 0.0 ], [ 81.307267057715677, 18.596190471908418, 0.0 ], [ 81.307222443448381, 18.59622318887153, 0.0 ], [ 81.307177827774481, 18.596368931147644, 0.0 ], [ 81.307162956898907, 18.596461135204265, 0.0 ], [ 81.307142135903305, 18.596502775445085, 0.0 ], [ 81.30700531656295, 18.596547390766428, 0.0 ], [ 81.30688336940446, 18.596618774289116, 0.0 ], [ 81.306853626983383, 18.596687184350539, 0.0 ], [ 81.306853626427198, 18.596725850298064, 0.0 ], [ 81.306829831791958, 18.596737747510186, 0.0 ], [ 81.306788190923243, 18.596728824100097, 0.0 ], [ 81.306758447236703, 18.596690158437607, 0.0 ], [ 81.306725730621039, 18.596523596398935, 0.0 ], [ 81.306630552824771, 18.596345137331465, 0.0 ], [ 81.306633526192485, 18.596261855, 0.0 ], [ 81.306630552735371, 18.596229137671095, 0.0 ], [ 81.306606757528328, 18.596220215137933, 0.0 ], [ 81.306532399864665, 18.596255907472006, 0.0 ], [ 81.306469937846202, 18.596300521644856, 0.0 ], [ 81.306383683004825, 18.596416520448905, 0.0 ], [ 81.306333119805743, 18.596443288982559, 0.0 ], [ 81.306187377457505, 18.596499801579746, 0.0 ], [ 81.306110044243624, 18.59656226193939, 0.0 ], [ 81.306008917488725, 18.596526570367413, 0.0 ], [ 81.305946456808769, 18.596443289119659, 0.0 ], [ 81.305883996342246, 18.596398674684202, 0.0 ], [ 81.30573230539791, 18.596398674452516, 0.0 ], [ 81.305556820808619, 18.596410571164764, 0.0 ], [ 81.305402154883566, 18.596416520109393, 0.0 ], [ 81.305241541192018, 18.596458161014635, 0.0 ], [ 81.30511661975045, 18.596642568987768, 0.0 ], [ 81.305054158720054, 18.596779387960364, 0.0 ], [ 81.304973852055767, 18.596948924756873, 0.0 ], [ 81.304851904446309, 18.597073847044058, 0.0 ], [ 81.304721034713452, 18.597270151650925, 0.0 ], [ 81.304655598949523, 18.597475380558947, 0.0 ], [ 81.304610984350219, 18.597621122550262, 0.0 ], [ 81.304539600588996, 18.597597327622122, 0.0 ], [ 81.304435498794589, 18.5974724066878, 0.0 ], [ 81.304402781961613, 18.597457534600984, 0.0 ], [ 81.30420945036505, 18.597514046730051, 0.0 ], [ 81.303965555724488, 18.597600301611156, 0.0 ], [ 81.303778173073837, 18.597674660690718, 0.0 ], [ 81.303659885812422, 18.597669743749208, 0.0 ], [ 81.303604702728862, 18.597696473829672, 0.0 ], [ 81.303531304279659, 18.597835273707791, 0.0 ], [ 81.303510483617018, 18.597915580884465, 0.0 ], [ 81.303537252704047, 18.598028604841655, 0.0 ], [ 81.303332024553782, 18.598207064672021, 0.0 ], [ 81.303272537582529, 18.598308191357756, 0.0 ], [ 81.303352844748488, 18.598340909627407, 0.0 ], [ 81.303406382252618, 18.598305217481709, 0.0 ], [ 81.303433151504208, 18.598186244075418, 0.0 ], [ 81.303501561120257, 18.598111886259804, 0.0 ], [ 81.303590790555404, 18.59810891178709, 0.0 ], [ 81.303724635428978, 18.598123783815979, 0.0 ], [ 81.3037751986205, 18.598120809301495, 0.0 ], [ 81.303804941948968, 18.598097014638395, 0.0 ], [ 81.303822788123, 18.598001836286201, 0.0 ], [ 81.303840633955318, 18.59794235025781, 0.0 ], [ 81.304022068243057, 18.597862042966565, 0.0 ], [ 81.304149964053963, 18.597823376608325, 0.0 ], [ 81.304063708529, 18.597659788165227, 0.0 ], [ 81.304200527520834, 18.597603277049618, 0.0 ], [ 81.304346268734264, 18.597534867107285, 0.0 ], [ 81.304390884657622, 18.597567584407603, 0.0 ], [ 81.304420627345692, 18.597650865790957, 0.0 ], [ 81.304494985750935, 18.597683583158705, 0.0 ], [ 81.304575292524262, 18.597701429948252, 0.0 ], [ 81.30467641981771, 18.597659788019104, 0.0 ], [ 81.304756727223619, 18.597558661030579, 0.0 ], [ 81.304786470264645, 18.597436713879578, 0.0 ], [ 81.304887596946145, 18.597270151993456, 0.0 ], [ 81.305066056896663, 18.597127384208008, 0.0 ], [ 81.305235593147643, 18.597047077350769, 0.0 ], [ 81.305446769920195, 18.596981641844177, 0.0 ], [ 81.305568717498133, 18.596922155160264, 0.0 ], [ 81.305613331522324, 18.596835900064047, 0.0 ], [ 81.305613331995602, 18.596728824592518, 0.0 ], [ 81.305610358082077, 18.596684209801744, 0.0 ], [ 81.305660921289089, 18.596663390248217, 0.0 ], [ 81.305776920788105, 18.596690157961813, 0.0 ], [ 81.305827483549308, 18.596645543385254, 0.0 ], [ 81.305842355516674, 18.596583082444237, 0.0 ], [ 81.305860201592225, 18.596511698545498, 0.0 ], [ 81.305892919168883, 18.596538467865205, 0.0 ], [ 81.305964303152919, 18.596594980293432, 0.0 ], [ 81.305997020793527, 18.59662174870412, 0.0 ], [ 81.306020814963375, 18.596633646560932, 0.0 ], [ 81.306062455895471, 18.596633647017793, 0.0 ], [ 81.306145737197113, 18.59661580075846, 0.0 ], [ 81.306234966320545, 18.596550364800567, 0.0 ], [ 81.306309324289998, 18.596505750424907, 0.0 ], [ 81.306392606318255, 18.596496827172448, 0.0 ], [ 81.306431272253391, 18.596446263932314, 0.0 ], [ 81.30652050141461, 18.596365956826926, 0.0 ], [ 81.30657998807196, 18.596354059661255, 0.0 ], [ 81.30661270619008, 18.596476007031878, 0.0 ], [ 81.306666243872755, 18.596719901148564, 0.0 ], [ 81.306731679434861, 18.596773439591122, 0.0 ], [ 81.306794139762914, 18.596791285356183, 0.0 ], [ 81.306880395698656, 18.596797233919123, 0.0 ], [ 81.306942856333876, 18.596728824586975, 0.0 ], [ 81.30693690739011, 18.59666933769461, 0.0 ], [ 81.306966650979561, 18.596648517641292, 0.0 ], [ 81.307067777284303, 18.596603903314382, 0.0 ], [ 81.307162956751711, 18.596547391188583, 0.0 ], [ 81.307228391043822, 18.596487904059924, 0.0 ], [ 81.307219469431487, 18.596389751080608, 0.0 ], [ 81.307261109697876, 18.59628564987776, 0.0 ], [ 81.307311673121632, 18.596226163814844, 0.0 ], [ 81.30735926185676, 18.596145856947366, 0.0 ], [ 81.307359262123086, 18.596122061945071, 0.0 ], [ 81.307344390029471, 18.596077447401612, 0.0 ], [ 81.307353313323688, 18.596026884326193, 0.0 ], [ 81.307391979600382, 18.596000114913981, 0.0 ], [ 81.307493106247648, 18.595967397754723, 0.0 ], [ 81.30762100240274, 18.596014986328171, 0.0 ], [ 81.307808385414063, 18.596020935249157, 0.0 ], [ 81.307998742236322, 18.596062574841273, 0.0 ], [ 81.308058228951907, 18.596169651420066, 0.0 ], [ 81.308180176445362, 18.596252931983912, 0.0 ], [ 81.308299149171091, 18.596327291019296, 0.0 ], [ 81.308447865258643, 18.596431391423483, 0.0 ], [ 81.308575761736677, 18.596574159695482, 0.0 ], [ 81.308730426078327, 18.596687184237602, 0.0 ], [ 81.308831552950281, 18.596722875384177, 0.0 ], [ 81.30886724518794, 18.596725850264601, 0.0 ], [ 81.308956475407157, 18.59671990135201, 0.0 ], [ 81.309066525421841, 18.596592005249008, 0.0 ], [ 81.309161703548213, 18.596455187135348, 0.0 ], [ 81.309224165201684, 18.59634811072516, 0.0 ], [ 81.309286625840954, 18.596327290488325, 0.0 ], [ 81.309414522075244, 18.596333238420886, 0.0 ], [ 81.309539442419492, 18.596321341605332, 0.0 ], [ 81.309700056422372, 18.596487904619458, 0.0 ], [ 81.309765492152522, 18.596502775178134, 0.0 ], [ 81.309869592937034, 18.596467084191037, 0.0 ], [ 81.310098615884158, 18.596371904902593, 0.0 ], [ 81.310122411403185, 18.596211291444888, 0.0 ], [ 81.310119436758853, 18.596092318533838, 0.0 ], [ 81.310098615650318, 18.595991191379959, 0.0 ], [ 81.310131334790526, 18.595988217154577, 0.0 ], [ 81.310211641032495, 18.595997140969253, 0.0 ], [ 81.310318715775992, 18.596009038129974, 0.0 ], [ 81.31045553556126, 18.595991191366981, 0.0 ], [ 81.310485278434044, 18.595937654115271, 0.0 ], [ 81.310509073239231, 18.595976320069816, 0.0 ], [ 81.310556662800764, 18.596047704097099, 0.0 ], [ 81.310619123607282, 18.596062575128194, 0.0 ], [ 81.310729174195671, 18.596062575537765, 0.0 ], [ 81.310993888569485, 18.59597632084332, 0.0 ], [ 81.311184244857799, 18.595848424166277, 0.0 ], [ 81.311291321049097, 18.595818681106564, 0.0 ], [ 81.311398397502714, 18.595741348595954, 0.0 ], [ 81.311520344107663, 18.595693758432812, 0.0 ], [ 81.311597677567406, 18.595589658243579, 0.0 ], [ 81.311588753822676, 18.595467710574287, 0.0 ], [ 81.31172259795936, 18.595369557586825, 0.0 ], [ 81.311850494883757, 18.59531899380481, 0.0 ], [ 81.312064645509849, 18.595208944550158, 0.0 ], [ 81.312293669189117, 18.595179201304813, 0.0 ], [ 81.312424540331889, 18.595018587104441, 0.0 ], [ 81.312492949041484, 18.594905562038498, 0.0 ], [ 81.312612298989563, 18.594820995005573, 0.0 ], [ 81.312685102720067, 18.595004349928274, 0.0 ], [ 81.312767194358671, 18.595179240273961, 0.0 ], [ 81.312835008869612, 18.595297023552352, 0.0 ], [ 81.312902822821684, 18.595346991588709, 0.0 ], [ 81.312992052693815, 18.595382683910561, 0.0 ], [ 81.3131134055416, 18.595396960798976, 0.0 ], [ 81.313266880706806, 18.595364837735755, 0.0 ], [ 81.313545278195036, 18.595304162142568, 0.0 ], [ 81.313645215064767, 18.595257762039026, 0.0 ], [ 81.313805828722352, 18.595264900855874, 0.0 ] ] ] } },
{ "type": "Feature", "properties": { "OBJECTID": 84, "LAYER": "ROAD", "AREAHA": 2.7231173795800001, "Shape_Leng": 8685.0859935699991, "Shape_Area": 27474.752808900001 }, "geometry": { "type": "Polygon", "coordinates": [ [ [ 81.306451873938627, 18.604894371198125, 0.0 ], [ 81.306416248798612, 18.604925790022023, 0.0 ], [ 81.306488885474565, 18.604982482453714, 0.0 ], [ 81.306695899106302, 18.605160941634793, 0.0 ], [ 81.306833908359025, 18.60523946412814, 0.0 ], [ 81.307081371777713, 18.605408405524059, 0.0 ], [ 81.307366907816416, 18.605658249517091, 0.0 ], [ 81.307566781716218, 18.605831949926909, 0.0 ], [ 81.307792830369635, 18.605998511977983, 0.0 ], [ 81.307961771797267, 18.60611510663389, 0.0 ], [ 81.308218754099968, 18.606241217119468, 0.0 ], [ 81.308432905436931, 18.606329257593675, 0.0 ], [ 81.308606606869148, 18.606331637328335, 0.0 ], [ 81.308794583863985, 18.606350672895747, 0.0 ], [ 81.309106293591029, 18.606412538029272, 0.0 ], [ 81.309296649834209, 18.606450609655461, 0.0 ], [ 81.30945131488005, 18.606476783634594, 0.0 ], [ 81.309520319556967, 18.606476784326645, 0.0 ], [ 81.309594083072852, 18.606464886778706, 0.0 ], [ 81.309658327996516, 18.606417296989711, 0.0 ], [ 81.309791577663802, 18.606360190436384, 0.0 ], [ 81.309993832868898, 18.606305462720233, 0.0 ], [ 81.310079493103913, 18.606272150612764, 0.0 ], [ 81.310216073858783, 18.606263346138256, 0.0 ], [ 81.310506367901368, 18.606225275199975, 0.0 ], [ 81.310730037139678, 18.606230034378633, 0.0 ], [ 81.310960844446285, 18.60623003400508, 0.0 ], [ 81.311174996362865, 18.606282381651134, 0.0 ], [ 81.311331341539386, 18.606357557356354, 0.0 ], [ 81.311606481627834, 18.606362748285957, 0.0 ], [ 81.311896775072427, 18.606391301923676, 0.0 ], [ 81.312287007606983, 18.606400820288084, 0.0 ], [ 81.312691515861061, 18.606557864456583, 0.0 ], [ 81.312743864967246, 18.606638766363826, 0.0 ], [ 81.312496400827101, 18.606962372632697, 0.0 ], [ 81.312492908536171, 18.606980127603485, 0.0 ], [ 81.312439294325699, 18.607252667046545, 0.0 ], [ 81.312434534763625, 18.607542960476817, 0.0 ], [ 81.312385037206951, 18.607916437198352, 0.0 ], [ 81.312382185259736, 18.607937952065964, 0.0 ], [ 81.312373848070933, 18.608067770782498, 0.0 ], [ 81.312360760651174, 18.608122498668163, 0.0 ], [ 81.312306033566713, 18.608279542885121, 0.0 ], [ 81.312276290274951, 18.608482987290284, 0.0 ], [ 81.312229890302589, 18.60873996837519, 0.0 ], [ 81.312209666163042, 18.608895823685259, 0.0 ], [ 81.312204906455918, 18.6091432871346, 0.0 ], [ 81.312183490598997, 18.609295572863751, 0.0 ], [ 81.312154937551128, 18.609443099667388, 0.0 ], [ 81.312116866558767, 18.609663199900524, 0.0 ], [ 81.312074683912584, 18.609854086008632, 0.0 ], [ 81.312022387767925, 18.609945652588639, 0.0 ], [ 81.31200431858116, 18.609990376269074, 0.0 ], [ 81.311917229294366, 18.610204526456446, 0.0 ], [ 81.311777317621463, 18.610618552976682, 0.0 ], [ 81.311628838334073, 18.611079216656595, 0.0 ], [ 81.311560309944284, 18.611090637689877, 0.0 ], [ 81.311415638609034, 18.611075409972063, 0.0 ], [ 81.311299521314169, 18.611056373651778, 0.0 ], [ 81.311097743088638, 18.611041145792154, 0.0 ], [ 81.310798883175522, 18.610987845553584, 0.0 ], [ 81.310469566088656, 18.610858402055268, 0.0 ], [ 81.310119308370346, 18.61070421391728, 0.0 ], [ 81.309630091690238, 18.610557638386052, 0.0 ], [ 81.309443541581459, 18.61048149603014, 0.0 ], [ 81.309188463836136, 18.61033111435567, 0.0 ], [ 81.308802039038582, 18.610055096816488, 0.0 ], [ 81.308413710846011, 18.609729586369522, 0.0 ], [ 81.308322339562025, 18.609636311957392, 0.0 ], [ 81.308025383052623, 18.609442147342627, 0.0 ], [ 81.307598983676741, 18.609282248041296, 0.0 ], [ 81.307102152569144, 18.609105216385693, 0.0 ], [ 81.306906084851121, 18.60902716930395, 0.0 ], [ 81.306593900067838, 18.608970062649288, 0.0 ], [ 81.306496817881794, 18.608960545032971, 0.0 ], [ 81.306293135598168, 18.609021458736986, 0.0 ], [ 81.305916229388458, 18.609080469334696, 0.0 ], [ 81.305335640200113, 18.609202298291397, 0.0 ], [ 81.304629416816169, 18.609383136335367, 0.0 ], [ 81.304065960039992, 18.609527807371467, 0.0 ], [ 81.302979022111231, 18.60983618614301, 0.0 ], [ 81.302185233878873, 18.610053193175109, 0.0 ], [ 81.30162748929466, 18.610211188717685, 0.0 ], [ 81.301362892509786, 18.61030256120744, 0.0 ], [ 81.301178245794645, 18.610329210383917, 0.0 ], [ 81.300968853699089, 18.61034634240989, 0.0 ], [ 81.300755653760845, 18.610357764542933, 0.0 ], [ 81.300572900901116, 18.61037859661382, 0.0 ], [ 81.300351740235612, 18.610400713351797, 0.0 ], [ 81.300174709036057, 18.610391195715149, 0.0 ], [ 81.300045265888613, 18.610353124142648, 0.0 ], [ 81.299889173085361, 18.610263656694521, 0.0 ], [ 81.299556049285414, 18.610004771200654, 0.0 ], [ 81.299390438263345, 18.609814414222551, 0.0 ], [ 81.29914297424169, 18.609530782293159, 0.0 ], [ 81.29894309955732, 18.609296643502958, 0.0 ], [ 81.29856619299359, 18.608900701202206, 0.0 ], [ 81.298238778532095, 18.608519987790636, 0.0 ], [ 81.297896137156016, 18.608164019593854, 0.0 ], [ 81.297687323844968, 18.607954985058385, 0.0 ], [ 81.297496387394133, 18.60784421990838, 0.0 ], [ 81.297193719936388, 18.607611985813584, 0.0 ], [ 81.296925317204852, 18.607417821368703, 0.0 ], [ 81.296516048958608, 18.607202717716323, 0.0 ], [ 81.295735586138363, 18.606873400014273, 0.0 ], [ 81.294734308619383, 18.606466036601965, 0.0 ], [ 81.294208923898907, 18.606235704039282, 0.0 ], [ 81.29392529193764, 18.606127201103277, 0.0 ], [ 81.293783586103345, 18.606071707851413, 0.0 ], [ 81.293786990033553, 18.606085421724394, 0.0 ], [ 81.293792182489824, 18.606140151684261, 0.0 ], [ 81.293792741123028, 18.606146033586345, 0.0 ], [ 81.294095424356314, 18.606277821144772, 0.0 ], [ 81.294684340545842, 18.606513388003503, 0.0 ], [ 81.295319657183612, 18.606759661968866, 0.0 ], [ 81.295869311684982, 18.606998798347806, 0.0 ], [ 81.296222661189489, 18.607145134698893, 0.0 ], [ 81.296536750226906, 18.607284333371027, 0.0 ], [ 81.296850839864661, 18.607434238887755, 0.0 ], [ 81.29716492767065, 18.607673374868106, 0.0 ], [ 81.297603938842428, 18.60796248017493, 0.0 ], [ 81.29775027627403, 18.6080945399064, 0.0 ], [ 81.298056036621105, 18.60838483371333, 0.0 ], [ 81.298295886254493, 18.608674176430018, 0.0 ], [ 81.298564289238215, 18.60899968690612, 0.0 ], [ 81.298853632087216, 18.609273800363489, 0.0 ], [ 81.299169624779864, 18.609627864548159, 0.0 ], [ 81.299363788773661, 18.609862003541128, 0.0 ], [ 81.299506555936233, 18.610018096383723, 0.0 ], [ 81.299624577303248, 18.610138020888812, 0.0 ], [ 81.299839680450233, 18.610288403137925, 0.0 ], [ 81.299908208817101, 18.610347413906187, 0.0 ], [ 81.299993869872338, 18.610393099549807, 0.0 ], [ 81.30011379383393, 18.61043117012095, 0.0 ], [ 81.300275597848469, 18.610448302190637, 0.0 ], [ 81.300425979746478, 18.610446398538652, 0.0 ], [ 81.300548193017448, 18.610418802953944, 0.0 ], [ 81.300818471402678, 18.610393932120832, 0.0 ], [ 81.301159210431507, 18.610388221094546, 0.0 ], [ 81.301408577845677, 18.610334921658193, 0.0 ], [ 81.301775966773064, 18.610220707597573, 0.0 ], [ 81.301954902133502, 18.610165503775402, 0.0 ], [ 81.302286124075096, 18.610077939091475, 0.0 ], [ 81.302876229535897, 18.609910425196571, 0.0 ], [ 81.303454914616822, 18.609735297646125, 0.0 ], [ 81.303700474666229, 18.609666767891468, 0.0 ], [ 81.304362917497798, 18.609487832604675, 0.0 ], [ 81.304907337276418, 18.609364101147726, 0.0 ], [ 81.305128151613488, 18.60930128380247, 0.0 ], [ 81.305706835936107, 18.60917184036359, 0.0 ], [ 81.306226510064221, 18.609078565768808, 0.0 ], [ 81.306437806632573, 18.609029073052081, 0.0 ], [ 81.306534888380668, 18.609000519802251, 0.0 ], [ 81.306624357316153, 18.609019555092171, 0.0 ], [ 81.306858495444118, 18.609074758814117, 0.0 ], [ 81.306965095966902, 18.609091891089964, 0.0 ], [ 81.307290604874225, 18.609225140801058, 0.0 ], [ 81.307616115891094, 18.609346969739388, 0.0 ], [ 81.307871194396299, 18.609430725590705, 0.0 ], [ 81.3082119331971, 18.609642022749096, 0.0 ], [ 81.308421325921415, 18.609809536829538, 0.0 ], [ 81.308682114783451, 18.610009410969024, 0.0 ], [ 81.308916253537006, 18.610201671853225, 0.0 ], [ 81.309108513683967, 18.610336825458681, 0.0 ], [ 81.309302678616717, 18.610464363971268, 0.0 ], [ 81.309405470582263, 18.610506242379536, 0.0 ], [ 81.309574888991349, 18.61058428876315, 0.0 ], [ 81.309810930833891, 18.610647106505972, 0.0 ], [ 81.310088851920824, 18.610747996359564, 0.0 ], [ 81.310334411828819, 18.610843174011915, 0.0 ], [ 81.310709414955141, 18.611003073250352, 0.0 ], [ 81.310876928932515, 18.611043049259052, 0.0 ], [ 81.31117007906802, 18.611083023815411, 0.0 ], [ 81.311413735944129, 18.611102058819039, 0.0 ], [ 81.311584315429513, 18.611131182950768, 0.0 ], [ 81.311513831932672, 18.6113713353325, 0.0 ], [ 81.311431977677046, 18.61156169187635, 0.0 ], [ 81.311313957289414, 18.611786312544915, 0.0 ], [ 81.311173806754368, 18.612050671259283, 0.0 ], [ 81.311116700351576, 18.612182017115149, 0.0 ], [ 81.311035321714158, 18.612401879552191, 0.0 ], [ 81.310868284027976, 18.612803056684548, 0.0 ], [ 81.310809749145733, 18.61297152359975, 0.0 ], [ 81.310792617902308, 18.613102869459944, 0.0 ], [ 81.310768346803869, 18.613179963784251, 0.0 ], [ 81.310639856085743, 18.61330845455964, 0.0 ], [ 81.310531351665432, 18.613402680431843, 0.0 ], [ 81.31044997506153, 18.613504045720539, 0.0 ], [ 81.310380018520902, 18.613592561520331, 0.0 ], [ 81.310245817186527, 18.613781015561838, 0.0 ], [ 81.310045941723288, 18.614050846354118, 0.0 ], [ 81.30990888535834, 18.614255004479855, 0.0 ], [ 81.309804664190153, 18.614470582924667, 0.0 ], [ 81.309766117911579, 18.614530545548945, 0.0 ], [ 81.309564815134877, 18.614965986689064, 0.0 ], [ 81.309443462381566, 18.615195842367072, 0.0 ], [ 81.309203669544431, 18.615721658691957, 0.0 ], [ 81.309270030430213, 18.615713083737745, 0.0 ], [ 81.309349236066026, 18.615519925647384, 0.0 ], [ 81.309434896888064, 18.615331471646769, 0.0 ], [ 81.309557676718526, 18.615094478083723, 0.0 ], [ 81.309686168370902, 18.614848917168793, 0.0 ], [ 81.309816085962439, 18.614559099506195, 0.0 ], [ 81.309953143929903, 18.614324960949578, 0.0 ], [ 81.310034520590818, 18.614157921860016, 0.0 ], [ 81.310111615924967, 18.614059412255703, 0.0 ], [ 81.310194420688916, 18.613935204668909, 0.0 ], [ 81.3103400431458, 18.613751033756714, 0.0 ], [ 81.310479956096259, 18.613578284616651, 0.0 ], [ 81.310559906023883, 18.61346692662126, 0.0 ], [ 81.310691252505777, 18.613344146321911, 0.0 ], [ 81.310792617815395, 18.613242781040114, 0.0 ], [ 81.310816887945933, 18.613195668251667, 0.0 ], [ 81.31084686895602, 18.613074315717604, 0.0 ], [ 81.310903975783873, 18.612867302257023, 0.0 ], [ 81.310948233977655, 18.612745949505065, 0.0 ], [ 81.311042461324632, 18.612517522011498, 0.0 ], [ 81.311170951736045, 18.612204859691595, 0.0 ], [ 81.311372968010701, 18.611803445050462, 0.0 ], [ 81.311454821087452, 18.61165115969305, 0.0 ], [ 81.311540482172077, 18.611496970454109, 0.0 ], [ 81.31163566011125, 18.611253313847634, 0.0 ], [ 81.311674525517844, 18.611128709414061, 0.0 ], [ 81.311760185437336, 18.610807005884602, 0.0 ], [ 81.311815388294775, 18.610629974117028, 0.0 ], [ 81.311935789648857, 18.610283048927617, 0.0 ], [ 81.312054286298689, 18.610014646039133, 0.0 ], [ 81.312121387251139, 18.609871878613625, 0.0 ], [ 81.312193406035675, 18.609575556628958, 0.0 ], [ 81.312219579808726, 18.609418511482676, 0.0 ], [ 81.3122318753814, 18.60934166142717, 0.0 ], [ 81.312314044628849, 18.609403996898436, 0.0 ], [ 81.312387332151957, 18.609501078974318, 0.0 ], [ 81.312433017538396, 18.609572462609734, 0.0 ], [ 81.31248822094841, 18.609652412399424, 0.0 ], [ 81.312550086889644, 18.609711422816613, 0.0 ], [ 81.312674770496585, 18.609802794700244, 0.0 ], [ 81.31275091355468, 18.609854190465168, 0.0 ], [ 81.312847043838829, 18.609928430551637, 0.0 ], [ 81.313001232404162, 18.610020753088666, 0.0 ], [ 81.313219191745418, 18.610131160013605, 0.0 ], [ 81.313436198350914, 18.61026441034338, 0.0 ], [ 81.313613230311759, 18.61042240690027, 0.0 ], [ 81.313729348019379, 18.610498548649414, 0.0 ], [ 81.313790262481291, 18.610523295556757, 0.0 ], [ 81.313881633357227, 18.610574691468468, 0.0 ], [ 81.314052955311269, 18.610576595330937, 0.0 ], [ 81.314296611028752, 18.610593727792754, 0.0 ], [ 81.31445080063348, 18.610626087841165, 0.0 ], [ 81.314616410731759, 18.61067558060131, 0.0 ], [ 81.314751564139698, 18.610763145572438, 0.0 ], [ 81.314797250356648, 18.610793602059193, 0.0 ], [ 81.314875296311072, 18.610896394887131, 0.0 ], [ 81.31491907821848, 18.610852612629838, 0.0 ], [ 81.314802960846905, 18.610742205457129, 0.0 ], [ 81.314726817768772, 18.610667966599852, 0.0 ], [ 81.314608796684809, 18.61062418456978, 0.0 ], [ 81.31442605383765, 18.610588016725444, 0.0 ], [ 81.314146229346747, 18.610532813844266, 0.0 ], [ 81.313913994837037, 18.610515680653236, 0.0 ], [ 81.313786454779319, 18.610471898746965, 0.0 ], [ 81.313512341235523, 18.610264410139532, 0.0 ], [ 81.313302947964445, 18.610127352986478, 0.0 ], [ 81.312922234811097, 18.609914152680538, 0.0 ], [ 81.312693806859045, 18.609765674849637, 0.0 ], [ 81.312545328002486, 18.609643846017725, 0.0 ], [ 81.312429209892002, 18.609445875021699, 0.0 ], [ 81.312318802855302, 18.609335468899648, 0.0 ], [ 81.312242506955869, 18.609275215440132, 0.0 ], [ 81.312267169225848, 18.609121078150554, 0.0 ], [ 81.312343312220875, 18.608538110922385, 0.0 ], [ 81.312371865877196, 18.6082763704289, 0.0 ], [ 81.3124683485796, 18.60810530177319, 0.0 ], [ 81.312495210600204, 18.607751957190022, 0.0 ], [ 81.312520135509985, 18.607249306457057, 0.0 ], [ 81.312521258014058, 18.607226648084438, 0.0 ], [ 81.312523764295378, 18.607176126857908, 0.0 ], [ 81.312628460906254, 18.60690486867027, 0.0 ], [ 81.312904477817099, 18.606647887203167, 0.0 ], [ 81.31294730801946, 18.606543190375433, 0.0 ], [ 81.312942549019525, 18.606471807343862, 0.0 ], [ 81.312828334746897, 18.606400422766313, 0.0 ], [ 81.312114496727801, 18.60631000347944, 0.0 ], [ 81.311810355309831, 18.606308268246988, 0.0 ], [ 81.311767095915286, 18.606308020524743, 0.0 ], [ 81.311667544335009, 18.606320452761171, 0.0 ], [ 81.311377250250061, 18.60627524344212, 0.0 ], [ 81.311120269808157, 18.606199101035468, 0.0 ], [ 81.310813318449192, 18.606134855561113, 0.0 ], [ 81.310672930540619, 18.606156270896683, 0.0 ], [ 81.310423086882508, 18.606177685867721, 0.0 ], [ 81.31019941740692, 18.606208618985502, 0.0 ], [ 81.310084251442873, 18.606217422620833, 0.0 ], [ 81.309895798740371, 18.606261205164163, 0.0 ], [ 81.309678791343771, 18.606339251849647, 0.0 ], [ 81.309577902684865, 18.606400165201627, 0.0 ], [ 81.309532216921312, 18.606426814516436, 0.0 ], [ 81.309461784853795, 18.606424911570198, 0.0 ], [ 81.309073456413373, 18.606343058734659, 0.0 ], [ 81.308736524479983, 18.60627643269962, 0.0 ], [ 81.308481445758247, 18.606247879746526, 0.0 ], [ 81.308289186381984, 18.606188869595105, 0.0 ], [ 81.307956061031391, 18.606002319378053, 0.0 ], [ 81.307680043815111, 18.605819576474953, 0.0 ], [ 81.307377376197906, 18.605585438195369, 0.0 ], [ 81.3070766124833, 18.605339877566571, 0.0 ], [ 81.306667345461932, 18.60505434223267, 0.0 ], [ 81.306451873938627, 18.604894371198125, 0.0 ] ] ] } },
{ "type": "Feature", "properties": { "OBJECTID": 85, "LAYER": "SETTLEMENT", "AREAHA": 4.0105626901400004, "Shape_Leng": 758.17731274699997, "Shape_Area": 40463.772730700002 }, "geometry": { "type": "Polygon", "coordinates": [ [ [ 81.310925955958083, 18.608147343599605, 0.0 ], [ 81.311649311432674, 18.608380530524911, 0.0 ], [ 81.311930088618979, 18.608285352814498, 0.0 ], [ 81.312296526021512, 18.608037889323615, 0.0 ], [ 81.312382185259736, 18.607937952065964, 0.0 ], [ 81.312434534763625, 18.607542960476817, 0.0 ], [ 81.312439294325699, 18.607252667046545, 0.0 ], [ 81.312496400827101, 18.606962372632697, 0.0 ], [ 81.312743864967246, 18.606638766363826, 0.0 ], [ 81.312691515861061, 18.606557864456583, 0.0 ], [ 81.312287007606983, 18.606400820288084, 0.0 ], [ 81.311896775072427, 18.606391301923676, 0.0 ], [ 81.311606481627834, 18.606362748285957, 0.0 ], [ 81.311102035923085, 18.606353230298978, 0.0 ], [ 81.310949750552879, 18.606472203376491, 0.0 ], [ 81.310502411333331, 18.606833882408061, 0.0 ], [ 81.310411992651638, 18.607319292578438, 0.0 ], [ 81.310611867135279, 18.60784753114849, 0.0 ], [ 81.310925955958083, 18.608147343599605, 0.0 ] ] ] } },
{ "type": "Feature", "properties": { "OBJECTID": 86, "LAYER": "SETTLEMENT", "AREAHA": 17.582046301799998, "Shape_Leng": 3233.321574, "Shape_Area": 177388.50698199999 }, "geometry": { "type": "Polygon", "coordinates": [ [ [ 81.31378487840071, 18.607951832276349, 0.0 ], [ 81.313918128855491, 18.607342690022467, 0.0 ], [ 81.31444398907098, 18.607438264855453, 0.0 ], [ 81.314976394484049, 18.6077327232336, 0.0 ], [ 81.316014434179976, 18.607658364812099, 0.0 ], [ 81.316484376807821, 18.607363907130178, 0.0 ], [ 81.316368378661707, 18.607069447730435, 0.0 ], [ 81.316103662342783, 18.60651027441736, 0.0 ], [ 81.316609298699873, 18.606432943003412, 0.0 ], [ 81.318313587916975, 18.60642104451135, 0.0 ], [ 81.318613995645649, 18.606230687903928, 0.0 ], [ 81.318813274721151, 18.605930280757519, 0.0 ], [ 81.318902503854957, 18.605371107714333, 0.0 ], [ 81.318961990493221, 18.605011214772876, 0.0 ], [ 81.318625891313999, 18.605023111768997, 0.0 ], [ 81.318197588569987, 18.605124239021368, 0.0 ], [ 81.318078616720157, 18.605017162570334, 0.0 ], [ 81.317656262574417, 18.604966600338166, 0.0 ], [ 81.31745400705735, 18.605005265260889, 0.0 ], [ 81.317329086060937, 18.605023111255822, 0.0 ], [ 81.317085190978275, 18.605076650356359, 0.0 ], [ 81.316921602177459, 18.605151007870319, 0.0 ], [ 81.316808578715595, 18.605329466593837, 0.0 ], [ 81.316743143364988, 18.605677463626851, 0.0 ], [ 81.316650939176171, 18.605617977206421, 0.0 ], [ 81.316341610230552, 18.605751821864242, 0.0 ], [ 81.316160176355226, 18.605855922429772, 0.0 ], [ 81.315987664962094, 18.605891614993148, 0.0 ], [ 81.315910332043799, 18.605924333381122, 0.0 ], [ 81.315892486240372, 18.605683412107059, 0.0 ], [ 81.31574376905904, 18.60567151509996, 0.0 ], [ 81.315672386010263, 18.605558491, 0.0 ], [ 81.315699154865982, 18.605377056822366, 0.0 ], [ 81.315812179045281, 18.605302698973436, 0.0 ], [ 81.316166123111344, 18.60513018734833, 0.0 ], [ 81.316549811629713, 18.604856549589734, 0.0 ], [ 81.316668785422848, 18.60450260513932, 0.0 ], [ 81.31665391390348, 18.604318196719241, 0.0 ], [ 81.316558735384319, 18.604324144827476, 0.0 ], [ 81.316386223495243, 18.604449066942273, 0.0 ], [ 81.316079868158894, 18.604475835477086, 0.0 ], [ 81.315972792459078, 18.604422297597772, 0.0 ], [ 81.315812179377474, 18.604059429289766, 0.0 ], [ 81.315788384721202, 18.603922611502103, 0.0 ], [ 81.315321415256065, 18.60404158374439, 0.0 ], [ 81.315116186281273, 18.603967225914012, 0.0 ], [ 81.314747370764266, 18.60393153342147, 0.0 ], [ 81.314670038145266, 18.603982097893638, 0.0 ], [ 81.314741421961216, 18.604193274814367, 0.0 ], [ 81.314857420637722, 18.604359836407841, 0.0 ], [ 81.314878241393743, 18.604505579137225, 0.0 ], [ 81.314664090565074, 18.604520450995309, 0.0 ], [ 81.314423169248528, 18.604499630059873, 0.0 ], [ 81.314203068979552, 18.604553168495844, 0.0 ], [ 81.313944301987277, 18.604657269722878, 0.0 ], [ 81.313968096794028, 18.604859524305507, 0.0 ], [ 81.314081122031112, 18.605121264503278, 0.0 ], [ 81.313794125847068, 18.605233735936121, 0.0 ], [ 81.313801135907696, 18.605104162043162, 0.0 ], [ 81.313765814123997, 18.604989438235332, 0.0 ], [ 81.313795839547268, 18.604951127744517, 0.0 ], [ 81.313906014367689, 18.604855291502648, 0.0 ], [ 81.313815421181857, 18.604688052303473, 0.0 ], [ 81.313704991958886, 18.60464519297879, 0.0 ], [ 81.313424191704527, 18.604638866591927, 0.0 ], [ 81.313207980663648, 18.604775158380608, 0.0 ], [ 81.312585160257868, 18.604974719043252, 0.0 ], [ 81.312744464650024, 18.605353375328495, 0.0 ], [ 81.313623659890254, 18.60528377783967, 0.0 ], [ 81.313630834326688, 18.605297728372452, 0.0 ], [ 81.313420820281308, 18.605380031375685, 0.0 ], [ 81.313218566619497, 18.605820230950311, 0.0 ], [ 81.313343488543225, 18.605995716864907, 0.0 ], [ 81.313090670236207, 18.606144433320051, 0.0 ], [ 81.312742674735418, 18.606206893363545, 0.0 ], [ 81.312585034711347, 18.605939204270946, 0.0 ], [ 81.31222216793833, 18.605942179503995, 0.0 ], [ 81.311808735328313, 18.606007613541138, 0.0 ], [ 81.311767095915286, 18.606308020524743, 0.0 ], [ 81.312114496727801, 18.60631000347944, 0.0 ], [ 81.312828334746897, 18.606400422766313, 0.0 ], [ 81.312942549019525, 18.606471807343862, 0.0 ], [ 81.31294730801946, 18.606543190375433, 0.0 ], [ 81.312904477817099, 18.606647887203167, 0.0 ], [ 81.312628460906254, 18.60690486867027, 0.0 ], [ 81.312523764295378, 18.607176126857908, 0.0 ], [ 81.312495210600204, 18.607751957190022, 0.0 ], [ 81.312433344910346, 18.60856573268039, 0.0 ], [ 81.313199530859862, 18.608323028144071, 0.0 ], [ 81.31378487840071, 18.607951832276349, 0.0 ] ] ] } },
{ "type": "Feature", "properties": { "OBJECTID": 87, "LAYER": "SETTLEMENT", "AREAHA": 0.38513760786000001, "Shape_Leng": 275.75980025199999, "Shape_Area": 3885.7726587699999 }, "geometry": { "type": "Polygon", "coordinates": [ [ [ 81.311141247581915, 18.61056695886689, 0.0 ], [ 81.31129353293673, 18.610507471617545, 0.0 ], [ 81.311317328097886, 18.610305217601148, 0.0 ], [ 81.311555274526839, 18.610307597468644, 0.0 ], [ 81.311552894265006, 18.610117239750672, 0.0 ], [ 81.311426782828491, 18.610045856962323, 0.0 ], [ 81.311338742643656, 18.609681798779174, 0.0 ], [ 81.31115076624387, 18.609705593780259, 0.0 ], [ 81.310934234319035, 18.60982932639369, 0.0 ], [ 81.310948511703643, 18.610029199128398, 0.0 ], [ 81.311141247581915, 18.61056695886689, 0.0 ] ] ] } },
{ "type": "Feature", "properties": { "OBJECTID": 88, "LAYER": "SETTLEMENT", "AREAHA": 17.057660754299999, "Shape_Leng": 1789.6805203399999, "Shape_Area": 172104.774856 }, "geometry": { "type": "Polygon", "coordinates": [ [ [ 81.304310012653957, 18.605778896126711, 0.0 ], [ 81.304504368033307, 18.60545953340851, 0.0 ], [ 81.304804481783449, 18.604985570144716, 0.0 ], [ 81.305516634473477, 18.604922243251362, 0.0 ], [ 81.306163502073588, 18.604815975383858, 0.0 ], [ 81.30622846805629, 18.604779229543475, 0.0 ], [ 81.306196212446139, 18.604754054717297, 0.0 ], [ 81.305808360035812, 18.604387617380247, 0.0 ], [ 81.305587070052908, 18.604178224710065, 0.0 ], [ 81.305344365016452, 18.603873654280598, 0.0 ], [ 81.304987446455385, 18.603488181031537, 0.0 ], [ 81.304566282334079, 18.603076534100044, 0.0 ], [ 81.304368785874985, 18.602871900106052, 0.0 ], [ 81.304306920289619, 18.602721994587984, 0.0 ], [ 81.304297402506677, 18.60264823166937, 0.0 ], [ 81.304280745903782, 18.602579226848597, 0.0 ], [ 81.304057076319708, 18.60250070513154, 0.0 ], [ 81.303802474238694, 18.602398387826376, 0.0 ], [ 81.30362163615473, 18.602319865290028, 0.0 ], [ 81.303428899596042, 18.602212789983195, 0.0 ], [ 81.303336100586179, 18.602184235731084, 0.0 ], [ 81.30329564961815, 18.602148544824203, 0.0 ], [ 81.303226644559714, 18.602146165608183, 0.0 ], [ 81.30315764087571, 18.602155682943888, 0.0 ], [ 81.30307911810813, 18.602150923634728, 0.0 ], [ 81.303010113530519, 18.602139026226521, 0.0 ], [ 81.302981560478102, 18.602067643017122, 0.0 ], [ 81.302907796691528, 18.601912977824021, 0.0 ], [ 81.302760270726935, 18.60167503206744, 0.0 ], [ 81.302705543400336, 18.601608406304852, 0.0 ], [ 81.302567534564659, 18.601472776770958, 0.0 ], [ 81.302505667578856, 18.601429947027064, 0.0 ], [ 81.302358141461156, 18.60130859519596, 0.0 ], [ 81.302223386125064, 18.601182823639281, 0.0 ], [ 81.301746417458688, 18.601100645663227, 0.0 ], [ 81.301379512830337, 18.601701134188573, 0.0 ], [ 81.301041891770055, 18.604550571637709, 0.0 ], [ 81.301018687959939, 18.604575493063454, 0.0 ], [ 81.301343522483847, 18.60567561706371, 0.0 ], [ 81.301575488196008, 18.606017400626413, 0.0 ], [ 81.30228541184222, 18.60580506348737, 0.0 ], [ 81.303112932064948, 18.605739168515345, 0.0 ], [ 81.303624191277649, 18.605530301695918, 0.0 ], [ 81.303978057384967, 18.605666035050991, 0.0 ], [ 81.304310012653957, 18.605778896126711, 0.0 ] ] ] } },
{ "type": "Feature", "properties": { "OBJECTID": 89, "LAYER": "SETTLEMENT", "AREAHA": 1.38508093262, "Shape_Leng": 638.310136468, "Shape_Area": 13974.224993600001 }, "geometry": { "type": "Polygon", "coordinates": [ [ [ 81.316513437040157, 18.605610947708279, 0.0 ], [ 81.316716379215578, 18.605548340257489, 0.0 ], [ 81.316944112842165, 18.605063746038301, 0.0 ], [ 81.31736976986835, 18.604885604787093, 0.0 ], [ 81.317515566700251, 18.604871606351264, 0.0 ], [ 81.317820407098992, 18.604833713046752, 0.0 ], [ 81.318215129010241, 18.604779113194219, 0.0 ], [ 81.318647899548694, 18.604693586287294, 0.0 ], [ 81.318656703675387, 18.604543897346449, 0.0 ], [ 81.318530609946151, 18.604282017630545, 0.0 ], [ 81.318213518846591, 18.604075753389825, 0.0 ], [ 81.318058662206383, 18.604035646189917, 0.0 ], [ 81.317948128732837, 18.604026704741486, 0.0 ], [ 81.317424109026291, 18.604366509611367, 0.0 ], [ 81.317141386298886, 18.604571909400235, 0.0 ], [ 81.31689635290094, 18.604800144651211, 0.0 ], [ 81.316606712680141, 18.605066106822978, 0.0 ], [ 81.316458538875295, 18.605212628902624, 0.0 ], [ 81.316456741094981, 18.605228422408139, 0.0 ], [ 81.316443062458958, 18.605443357985443, 0.0 ], [ 81.316513437040157, 18.605610947708279, 0.0 ] ] ] } },
{ "type": "Feature", "properties": { "OBJECTID": 90, "LAYER": "SETTLEMENT", "AREAHA": 0.16714128884099999, "Shape_Leng": 165.27628966699999, "Shape_Area": 1686.2950401799999 }, "geometry": { "type": "Polygon", "coordinates": [ [ [ 81.319144108473608, 18.604926011580723, 0.0 ], [ 81.319471785222504, 18.604807781353617, 0.0 ], [ 81.319272593416258, 18.604430188155888, 0.0 ], [ 81.318953479868711, 18.604579031024919, 0.0 ], [ 81.319144108473608, 18.604926011580723, 0.0 ] ] ] } },
{ "type": "Feature", "properties": { "OBJECTID": 91, "LAYER": "SETTLEMENT", "AREAHA": 3.1559483511000002, "Shape_Leng": 1012.61603711, "Shape_Area": 31839.065482499998 }, "geometry": { "type": "Polygon", "coordinates": [ [ [ 81.334726470817401, 18.587357118620119, 0.0 ], [ 81.334580332569189, 18.58700346603608, 0.0 ], [ 81.33468045374633, 18.586907636454292, 0.0 ], [ 81.334664959665815, 18.586678098474184, 0.0 ], [ 81.3344288723613, 18.586491996121531, 0.0 ], [ 81.334433626819504, 18.586358075057554, 0.0 ], [ 81.334809201138228, 18.586060887480809, 0.0 ], [ 81.334743861286768, 18.585989264421425, 0.0 ], [ 81.334372714474, 18.585985141198073, 0.0 ], [ 81.333971205208798, 18.585842374981983, 0.0 ], [ 81.333579867942802, 18.585771328561474, 0.0 ], [ 81.333188511443922, 18.585690716371595, 0.0 ], [ 81.332847420210598, 18.585667406373812, 0.0 ], [ 81.332441389297458, 18.585778122172126, 0.0 ], [ 81.332031310262437, 18.585853735909417, 0.0 ], [ 81.331875199638176, 18.586061292968594, 0.0 ], [ 81.332487734324062, 18.586399778465765, 0.0 ], [ 81.332255804741521, 18.586691567933283, 0.0 ], [ 81.332590899216171, 18.586838639188375, 0.0 ], [ 81.332847665675942, 18.586390483801082, 0.0 ], [ 81.333815905975868, 18.58689594059647, 0.0 ], [ 81.333823044628119, 18.587095814636353, 0.0 ], [ 81.333852007178407, 18.587148913556664, 0.0 ], [ 81.333908705125225, 18.58725285882754, 0.0 ], [ 81.334070679430482, 18.587460300418936, 0.0 ], [ 81.334101253472667, 18.587499456860872, 0.0 ], [ 81.334335250251939, 18.58734824807518, 0.0 ], [ 81.334471076919087, 18.587558440794584, 0.0 ], [ 81.334726470817401, 18.587357118620119, 0.0 ] ] ] } },
{ "type": "Feature", "properties": { "OBJECTID": 92, "LAYER": "SETTLEMENT", "AREAHA": 2.5262892261199998, "Shape_Leng": 877.02289123100002, "Shape_Area": 25486.791058399998 }, "geometry": { "type": "Polygon", "coordinates": [ [ [ 81.332785918358468, 18.585311808632316, 0.0 ], [ 81.332653820865843, 18.585082476768921, 0.0 ], [ 81.332578645711934, 18.585111305421126, 0.0 ], [ 81.332533208334013, 18.584957147088943, 0.0 ], [ 81.332702086019722, 18.584755979797595, 0.0 ], [ 81.332822468805816, 18.584762940754576, 0.0 ], [ 81.332965224220388, 18.584669427796882, 0.0 ], [ 81.333483048382931, 18.584360285625259, 0.0 ], [ 81.333166313038888, 18.583983479568566, 0.0 ], [ 81.332985473261374, 18.583871645698881, 0.0 ], [ 81.33310192887356, 18.583841207827792, 0.0 ], [ 81.332981284127968, 18.583246960018013, 0.0 ], [ 81.332484971275093, 18.583359245228927, 0.0 ], [ 81.332455095755904, 18.583470493944887, 0.0 ], [ 81.332335263742962, 18.583746900267716, 0.0 ], [ 81.332097949930855, 18.583571558199434, 0.0 ], [ 81.33202646167905, 18.583560923185441, 0.0 ], [ 81.331962606271773, 18.583607665449509, 0.0 ], [ 81.331673000962795, 18.583622522905301, 0.0 ], [ 81.331654332032386, 18.583694295171853, 0.0 ], [ 81.331794672629059, 18.584296655982438, 0.0 ], [ 81.332283533012998, 18.584514099729699, 0.0 ], [ 81.332057483755662, 18.5849661971343, 0.0 ], [ 81.331760051266784, 18.58520414333362, 0.0 ], [ 81.332082939962504, 18.585531852160596, 0.0 ], [ 81.332222157597727, 18.58555312886087, 0.0 ], [ 81.332492834205837, 18.585473738226799, 0.0 ], [ 81.332628116448305, 18.585405348202009, 0.0 ], [ 81.332748359430866, 18.585340570945231, 0.0 ], [ 81.332785918358468, 18.585311808632316, 0.0 ] ] ] } },
{ "type": "Feature", "properties": { "OBJECTID": 93, "LAYER": "SETTLEMENT", "AREAHA": 3.2201584965199999, "Shape_Leng": 764.57667199000002, "Shape_Area": 32486.818055200001 }, "geometry": { "type": "Polygon", "coordinates": [ [ [ 81.334407785476216, 18.582710381660856, 0.0 ], [ 81.3341245012911, 18.582743753500871, 0.0 ], [ 81.33403451370549, 18.582769145745178, 0.0 ], [ 81.333943312016956, 18.582789897360147, 0.0 ], [ 81.333750578263533, 18.582849290565264, 0.0 ], [ 81.333625459300947, 18.582887853793668, 0.0 ], [ 81.333534400564602, 18.582909189263479, 0.0 ], [ 81.333442043589301, 18.582924094535283, 0.0 ], [ 81.333151574990936, 18.58303572080672, 0.0 ], [ 81.333042258195306, 18.583077741800622, 0.0 ], [ 81.332951508260052, 18.583100295313798, 0.0 ], [ 81.332981284127968, 18.583246960018013, 0.0 ], [ 81.33310192887356, 18.583841207827792, 0.0 ], [ 81.332985473261374, 18.583871645698881, 0.0 ], [ 81.333166313038888, 18.583983479568566, 0.0 ], [ 81.333483048382931, 18.584360285625259, 0.0 ], [ 81.33358033967427, 18.584476028529625, 0.0 ], [ 81.333799688363428, 18.584729872046669, 0.0 ], [ 81.333894428745239, 18.584932884679496, 0.0 ], [ 81.334022918666946, 18.584890054257254, 0.0 ], [ 81.334386976473056, 18.584840085479936, 0.0 ], [ 81.334837247695404, 18.584607914302069, 0.0 ], [ 81.334438417102263, 18.583993071939922, 0.0 ], [ 81.334794974859918, 18.583591896764148, 0.0 ], [ 81.334407785476216, 18.582710381660856, 0.0 ] ] ] } },
{ "type": "Feature", "properties": { "OBJECTID": 94, "LAYER": "UPLAND-CULTIVATION", "AREAHA": 10.730390329, "Shape_Leng": 1972.43247974, "Shape_Area": 108253.33065 }, "geometry": { "type": "Polygon", "coordinates": [ [ [ 81.339164607209668, 18.586937605318067, 0.0 ], [ 81.339077154597945, 18.586905172182142, 0.0 ], [ 81.338962267805584, 18.586831785368481, 0.0 ], [ 81.338869157749102, 18.586822560018152, 0.0 ], [ 81.338804127920469, 18.586757124942949, 0.0 ], [ 81.338496982441342, 18.586465449535009, 0.0 ], [ 81.338480814131728, 18.585847167399756, 0.0 ], [ 81.33848024799471, 18.585604954162211, 0.0 ], [ 81.338485716287678, 18.585514176864159, 0.0 ], [ 81.338511469978457, 18.585426769227517, 0.0 ], [ 81.338608403722461, 18.585174319997417, 0.0 ], [ 81.338609773835486, 18.585170751180438, 0.0 ], [ 81.338663233215627, 18.585096146514225, 0.0 ], [ 81.338653261324993, 18.585005722323626, 0.0 ], [ 81.338660670166107, 18.5848067644074, 0.0 ], [ 81.338627020924008, 18.584670369157028, 0.0 ], [ 81.338624960012481, 18.584392982141324, 0.0 ], [ 81.338613974441245, 18.584331184945107, 0.0 ], [ 81.338541843452987, 18.584174273502914, 0.0 ], [ 81.338521780419981, 18.5840854394716, 0.0 ], [ 81.338514562798267, 18.584049455027404, 0.0 ], [ 81.338496198985624, 18.583957918258292, 0.0 ], [ 81.338431912336489, 18.5836374581631, 0.0 ], [ 81.338404366148552, 18.583559521569974, 0.0 ], [ 81.338218072654115, 18.583428029663867, 0.0 ], [ 81.338105812889879, 18.58336498432768, 0.0 ], [ 81.338078057113748, 18.583294347135059, 0.0 ], [ 81.337923701294969, 18.583216878552292, 0.0 ], [ 81.33785322279941, 18.583199963446692, 0.0 ], [ 81.337805105148519, 18.583045251997056, 0.0 ], [ 81.337715861732647, 18.582947438286638, 0.0 ], [ 81.337593590898649, 18.582919712198503, 0.0 ], [ 81.337503777846791, 18.582894337910044, 0.0 ], [ 81.337410915630471, 18.582883260758386, 0.0 ], [ 81.336946695736827, 18.582802628965318, 0.0 ], [ 81.336354954805557, 18.582705283426279, 0.0 ], [ 81.335786247598705, 18.58257475415791, 0.0 ], [ 81.33565629362009, 18.582568738534114, 0.0 ], [ 81.335562721131808, 18.582568225394539, 0.0 ], [ 81.335469413184569, 18.582575510219392, 0.0 ], [ 81.335024117559144, 18.582634784585913, 0.0 ], [ 81.334828713574623, 18.582660794883274, 0.0 ], [ 81.334407785476216, 18.582710381660856, 0.0 ], [ 81.334794974859918, 18.583591896764148, 0.0 ], [ 81.334438417102263, 18.583993071939922, 0.0 ], [ 81.334843832889234, 18.584604518968479, 0.0 ], [ 81.335172198229401, 18.584397505996606, 0.0 ], [ 81.335636193456622, 18.58421904659377, 0.0 ], [ 81.335743269119803, 18.584361813568897, 0.0 ], [ 81.33615015724925, 18.584333260290887, 0.0 ], [ 81.336400000501214, 18.584383228863555, 0.0 ], [ 81.336478522740478, 18.584611657332811, 0.0 ], [ 81.336435691809484, 18.584768701583211, 0.0 ], [ 81.336264371455769, 18.584782979028773, 0.0 ], [ 81.336328617347064, 18.585075652717101, 0.0 ], [ 81.336899687506232, 18.585004268602454, 0.0 ], [ 81.337099561867419, 18.585147035790278, 0.0 ], [ 81.337642079461645, 18.58503995998489, 0.0 ], [ 81.337763431824285, 18.585396879550174, 0.0 ], [ 81.337670632785233, 18.585468262799171, 0.0 ], [ 81.337435066449288, 18.58566099899155, 0.0 ], [ 81.337606387601468, 18.586075025449045, 0.0 ], [ 81.337527864454088, 18.586196378060876, 0.0 ], [ 81.337891922558981, 18.586753172510317, 0.0 ], [ 81.338370194073107, 18.586610404654976, 0.0 ], [ 81.338805636108063, 18.58701729203532, 0.0 ], [ 81.338948402830312, 18.587267135553429, 0.0 ], [ 81.339164607209668, 18.586937605318067, 0.0 ] ] ] } },
{ "type": "Feature", "properties": { "OBJECTID": 95, "LAYER": "LOW LAND-CULTIVATION", "AREAHA": 0.32189555880800003, "Shape_Leng": 390.14943668400002, "Shape_Area": 3247.6316280199999 }, "geometry": { "type": "Polygon", "coordinates": [ [ [ 81.318316381640855, 18.609061521500031, 0.0 ], [ 81.318265554059224, 18.608702912726223, 0.0 ], [ 81.318049953290128, 18.608751103034013, 0.0 ], [ 81.318090703731926, 18.609085815684331, 0.0 ], [ 81.318023133932158, 18.609164842861961, 0.0 ], [ 81.317845338957952, 18.609313402647579, 0.0 ], [ 81.31773774655673, 18.609449888935369, 0.0 ], [ 81.317615266383257, 18.609672485893292, 0.0 ], [ 81.317645690326174, 18.609849390176525, 0.0 ], [ 81.317613179345457, 18.609899662349932, 0.0 ], [ 81.317509500549377, 18.610060143234989, 0.0 ], [ 81.317560887629142, 18.610103010589455, 0.0 ], [ 81.317608349723869, 18.610000105308259, 0.0 ], [ 81.317726138809931, 18.60995208019953, 0.0 ], [ 81.317781182615221, 18.609880248684437, 0.0 ], [ 81.317865949648052, 18.609607497614952, 0.0 ], [ 81.318051024072844, 18.60932740331306, 0.0 ], [ 81.318153667225502, 18.609226795779186, 0.0 ], [ 81.318316599298811, 18.609178694552504, 0.0 ], [ 81.318316381640855, 18.609061521500031, 0.0 ] ] ] } },
{ "type": "Feature", "properties": { "OBJECTID": 96, "LAYER": "LOW LAND-CULTIVATION", "AREAHA": 0.25368211259500001, "Shape_Leng": 275.55728825199998, "Shape_Area": 2559.4206069000002 }, "geometry": { "type": "Polygon", "coordinates": [ [ [ 81.318164044502367, 18.610761990368317, 0.0 ], [ 81.31834190718638, 18.610649298526457, 0.0 ], [ 81.318537552537265, 18.610658533461411, 0.0 ], [ 81.318705600779325, 18.61066303108738, 0.0 ], [ 81.318755721151419, 18.610641424540482, 0.0 ], [ 81.318763111948414, 18.61056967334957, 0.0 ], [ 81.318685135250675, 18.610447848871246, 0.0 ], [ 81.318627374724571, 18.610407295091488, 0.0 ], [ 81.318401686098809, 18.610426806797875, 0.0 ], [ 81.318236213036414, 18.610458173596072, 0.0 ], [ 81.318193616539546, 18.61047976741725, 0.0 ], [ 81.318136047064456, 18.610542038467798, 0.0 ], [ 81.318080927446388, 18.610573217963129, 0.0 ], [ 81.318035778079974, 18.610570903073508, 0.0 ], [ 81.317958046411334, 18.610580599490763, 0.0 ], [ 81.317832768135744, 18.610647767647119, 0.0 ], [ 81.317694798962194, 18.610633652466984, 0.0 ], [ 81.31763462385635, 18.610643319454699, 0.0 ], [ 81.31762192213894, 18.610675786713436, 0.0 ], [ 81.317664871250955, 18.610724572502424, 0.0 ], [ 81.317787832296176, 18.610760234476583, 0.0 ], [ 81.317915769798077, 18.610774366375789, 0.0 ], [ 81.318164044502367, 18.610761990368317, 0.0 ] ] ] } },
{ "type": "Feature", "properties": { "OBJECTID": 97, "LAYER": "LOW LAND-CULTIVATION", "AREAHA": 0.260804885993, "Shape_Leng": 312.99107999199998, "Shape_Area": 2631.2695652000002 }, "geometry": { "type": "Polygon", "coordinates": [ [ [ 81.320161730800066, 18.610408136165105, 0.0 ], [ 81.319724474944607, 18.610314565920234, 0.0 ], [ 81.319541365826694, 18.610302920082173, 0.0 ], [ 81.319403463552263, 18.610324675995329, 0.0 ], [ 81.319270625703297, 18.610372727447441, 0.0 ], [ 81.319035017257363, 18.610452039452774, 0.0 ], [ 81.318859538746565, 18.610497771724532, 0.0 ], [ 81.318829534919971, 18.610548039039667, 0.0 ], [ 81.318862229207312, 18.610595810199765, 0.0 ], [ 81.318922430765795, 18.61060049086802, 0.0 ], [ 81.318992629862052, 18.610586023359524, 0.0 ], [ 81.319112304066422, 18.610540147515831, 0.0 ], [ 81.319120437804983, 18.610530807865377, 0.0 ], [ 81.319193126230431, 18.610506771246111, 0.0 ], [ 81.319305961402506, 18.610492232093581, 0.0 ], [ 81.319456457485259, 18.610499150538367, 0.0 ], [ 81.319672212775387, 18.6105322626067, 0.0 ], [ 81.3198277690922, 18.610563085229586, 0.0 ], [ 81.320077075960214, 18.610620563946178, 0.0 ], [ 81.320086415870492, 18.610583870613407, 0.0 ], [ 81.320161730800066, 18.610408136165105, 0.0 ] ] ] } },
{ "type": "Feature", "properties": { "OBJECTID": 98, "LAYER": "VILLAGE FOREST", "AREAHA": 14.0782624411, "Shape_Leng": 1974.29435126, "Shape_Area": 142035.92933899999 }, "geometry": { "type": "Polygon", "coordinates": [ [ [ 81.321385670804446, 18.607384373726095, 0.0 ], [ 81.32136656543851, 18.607143169938002, 0.0 ], [ 81.321366565265407, 18.606876669991607, 0.0 ], [ 81.321276145713554, 18.606695832196824, 0.0 ], [ 81.321219038741603, 18.606367465987699, 0.0 ], [ 81.321257110976731, 18.606191386000511, 0.0 ], [ 81.321385601181461, 18.606020065057013, 0.0 ], [ 81.321442708709611, 18.60594392169028, 0.0 ], [ 81.321423672461918, 18.605748805746373, 0.0 ], [ 81.32141891379905, 18.605482306771968, 0.0 ], [ 81.321352288677915, 18.605182494097281, 0.0 ], [ 81.321466503851752, 18.604949306932049, 0.0 ], [ 81.321552164409411, 18.604901718023847, 0.0 ], [ 81.321656860210041, 18.604849369953811, 0.0 ], [ 81.321704448995945, 18.604792263287191, 0.0 ], [ 81.321737761370272, 18.60460190595213, 0.0 ], [ 81.32174728044248, 18.60439727290164, 0.0 ], [ 81.321713967560314, 18.604325888001217, 0.0 ], [ 81.321618788269319, 18.604311610949665, 0.0 ], [ 81.32150933363792, 18.604259263382808, 0.0 ], [ 81.321210163280099, 18.604287142065239, 0.0 ], [ 81.321000771888535, 18.604001608185431, 0.0 ], [ 81.320772343252571, 18.603687518504202, 0.0 ], [ 81.320353557765628, 18.603230662467656, 0.0 ], [ 81.319877665717584, 18.602288395204788, 0.0 ], [ 81.31954454089788, 18.601622146540002, 0.0 ], [ 81.318716488314195, 18.601631664017855, 0.0 ], [ 81.318202524857099, 18.602031413566763, 0.0 ], [ 81.318449989770414, 18.602783322712231, 0.0 ], [ 81.318659381196284, 18.60307837644778, 0.0 ], [ 81.319106720800704, 18.603963535950335, 0.0 ], [ 81.319272593416258, 18.604430188155888, 0.0 ], [ 81.319471785222504, 18.604807781353617, 0.0 ], [ 81.319234686120041, 18.604893330492068, 0.0 ], [ 81.319144108473608, 18.604926011580723, 0.0 ], [ 81.318961990493221, 18.605011214772876, 0.0 ], [ 81.318902503854957, 18.605371107714333, 0.0 ], [ 81.318813274721151, 18.605930280757519, 0.0 ], [ 81.318613995645649, 18.606230687903928, 0.0 ], [ 81.318313587916975, 18.60642104451135, 0.0 ], [ 81.31784311377578, 18.606424329380733, 0.0 ], [ 81.317881297719339, 18.606511939674306, 0.0 ], [ 81.318104967202984, 18.606521456897401, 0.0 ], [ 81.318409537727391, 18.606597599537064, 0.0 ], [ 81.318642725006001, 18.606659464734673, 0.0 ], [ 81.31894729640365, 18.60676416164323, 0.0 ], [ 81.319209037051948, 18.606887894039527, 0.0 ], [ 81.319285179610844, 18.60710680395502, 0.0 ], [ 81.319569526152137, 18.607250382904532, 0.0 ], [ 81.319839470712651, 18.607429271951659, 0.0 ], [ 81.320215726301228, 18.607458524116982, 0.0 ], [ 81.320723709380957, 18.607517441866804, 0.0 ], [ 81.321124843809528, 18.607439041161776, 0.0 ], [ 81.321385670804446, 18.607384373726095, 0.0 ] ] ] } },
{ "type": "Feature", "properties": { "OBJECTID": 99, "LAYER": "VILLAGE FOREST", "AREAHA": 15.5297144243, "Shape_Leng": 1996.0292268799999, "Shape_Area": 156677.756987 }, "geometry": { "type": "Polygon", "coordinates": [ [ [ 81.322704774370479, 18.606389119245829, 0.0 ], [ 81.322524607109443, 18.606263718374294, 0.0 ], [ 81.32234397792071, 18.606235331862116, 0.0 ], [ 81.322140642692702, 18.606135245490798, 0.0 ], [ 81.321975088923068, 18.606121181260896, 0.0 ], [ 81.321839677367336, 18.606132173457233, 0.0 ], [ 81.321651714261918, 18.606204233457007, 0.0 ], [ 81.32152719946869, 18.606132259155366, 0.0 ], [ 81.321509333943737, 18.606210421494247, 0.0 ], [ 81.321423672769598, 18.60641505566214, 0.0 ], [ 81.321423672631695, 18.606600652624337, 0.0 ], [ 81.32158547576033, 18.606748179888069, 0.0 ], [ 81.321614030109174, 18.606938536105794, 0.0 ], [ 81.321556922191718, 18.607152688194425, 0.0 ], [ 81.321585475523307, 18.607447741088631, 0.0 ], [ 81.321618788302843, 18.607757071056376, 0.0 ], [ 81.321399878714828, 18.607914115135369, 0.0 ], [ 81.321195244769029, 18.608123508323629, 0.0 ], [ 81.320888499251794, 18.608461722771619, 0.0 ], [ 81.320901533216016, 18.608724743132029, 0.0 ], [ 81.321084294960841, 18.609220625953185, 0.0 ], [ 81.321419806569835, 18.609792720462526, 0.0 ], [ 81.321491189563616, 18.609871241482686, 0.0 ], [ 81.321758879208431, 18.609960471387847, 0.0 ], [ 81.322158629036068, 18.610071117036505, 0.0 ], [ 81.322786806206807, 18.610096100618343, 0.0 ], [ 81.323204401888319, 18.610185330460556, 0.0 ], [ 81.323447106833157, 18.610367359728951, 0.0 ], [ 81.323725504160478, 18.610406621017272, 0.0 ], [ 81.323889686100529, 18.610295975810153, 0.0 ], [ 81.324282298270546, 18.610278130317297, 0.0 ], [ 81.324510725404338, 18.610246007631282, 0.0 ], [ 81.324717739195904, 18.610081823949958, 0.0 ], [ 81.324999705047773, 18.610067547574605, 0.0 ], [ 81.325452992125463, 18.609931917783076, 0.0 ], [ 81.325642160167234, 18.609946195059909, 0.0 ], [ 81.325906280758232, 18.610085393858586, 0.0 ], [ 81.326074032090276, 18.610081824715959, 0.0 ], [ 81.32642381337439, 18.610063977812079, 0.0 ], [ 81.326852115737154, 18.610142500741571, 0.0 ], [ 81.327019874357106, 18.610127588600218, 0.0 ], [ 81.326949971411977, 18.609736762504898, 0.0 ], [ 81.326830998547237, 18.609272768284558, 0.0 ], [ 81.32653356543571, 18.608808772320394, 0.0 ], [ 81.326295619577209, 18.608487545975379, 0.0 ], [ 81.325641267438982, 18.608225805086089, 0.0 ], [ 81.325070196432051, 18.608582724402009, 0.0 ], [ 81.324522920236802, 18.608428059195987, 0.0 ], [ 81.324201693404618, 18.608190112746119, 0.0 ], [ 81.323678213004825, 18.607868885939197, 0.0 ], [ 81.322738324843812, 18.607678529164826, 0.0 ], [ 81.322904648871045, 18.607049418821024, 0.0 ], [ 81.322872526879081, 18.60671034596616, 0.0 ], [ 81.322833265431441, 18.606603270606676, 0.0 ], [ 81.322704774370479, 18.606389119245829, 0.0 ] ] ] } },
{ "type": "Feature", "properties": { "OBJECTID": 100, "LAYER": "UPLAND-CULTIVATION", "AREAHA": 3.5223144178000001, "Shape_Leng": 829.85657745399999, "Shape_Area": 35536.392399099997 }, "geometry": { "type": "Polygon", "coordinates": [ [ [ 81.323621309673854, 18.602953400598434, 0.0 ], [ 81.323316701998877, 18.602715469889024, 0.0 ], [ 81.323021896810999, 18.60265021512723, 0.0 ], [ 81.322777260642894, 18.602590852267078, 0.0 ], [ 81.322582861677773, 18.60257325057087, 0.0 ], [ 81.322470770677512, 18.602979962515811, 0.0 ], [ 81.322346093772964, 18.603362783509009, 0.0 ], [ 81.322233495548517, 18.603500475845024, 0.0 ], [ 81.321921396069584, 18.604242311392859, 0.0 ], [ 81.321990904199026, 18.60452914853817, 0.0 ], [ 81.322010478554574, 18.604935635085987, 0.0 ], [ 81.321923463230235, 18.605368229641282, 0.0 ], [ 81.322357016788914, 18.605177120596313, 0.0 ], [ 81.322835287616698, 18.604977246506518, 0.0 ], [ 81.32348488105427, 18.604620327365634, 0.0 ], [ 81.323541987457105, 18.604548943533448, 0.0 ], [ 81.323306421056145, 18.60392076509725, 0.0 ], [ 81.323520573038209, 18.603192650350007, 0.0 ], [ 81.323621309673854, 18.602953400598434, 0.0 ] ] ] } },
{ "type": "Feature", "properties": { "OBJECTID": 101, "LAYER": "UPLAND-CULTIVATION", "AREAHA": 0.95096522286399998, "Shape_Leng": 429.579240884, "Shape_Area": 9594.2160763200009 }, "geometry": { "type": "Polygon", "coordinates": [ [ [ 81.323963152658692, 18.601657897962532, 0.0 ], [ 81.323552900427146, 18.6016270243794, 0.0 ], [ 81.323201735284712, 18.601597735710531, 0.0 ], [ 81.32289429022039, 18.601478697749037, 0.0 ], [ 81.322687409978926, 18.601491009012676, 0.0 ], [ 81.322625140306997, 18.601718289348053, 0.0 ], [ 81.322537689536475, 18.601891807505559, 0.0 ], [ 81.322619523329365, 18.602065036896764, 0.0 ], [ 81.322826607537934, 18.602160334038839, 0.0 ], [ 81.32366334063957, 18.602478811735146, 0.0 ], [ 81.323727586707562, 18.601850634776525, 0.0 ], [ 81.323963152658692, 18.601657897962532, 0.0 ] ] ] } },
{ "type": "Feature", "properties": { "OBJECTID": 102, "LAYER": "UPLAND-CULTIVATION", "AREAHA": 0.30606284577199999, "Shape_Leng": 277.53805931099998, "Shape_Area": 3087.8435632599999 }, "geometry": { "type": "Polygon", "coordinates": [ [ [ 81.322849564359686, 18.601258148734885, 0.0 ], [ 81.323132214877575, 18.60130492075734, 0.0 ], [ 81.323552516217788, 18.601423764843499, 0.0 ], [ 81.323967838867802, 18.601475144579027, 0.0 ], [ 81.323970291261077, 18.601379500827168, 0.0 ], [ 81.32386321589037, 18.601079688972241, 0.0 ], [ 81.323442050280931, 18.601079688391874, 0.0 ], [ 81.322849564359686, 18.601258148734885, 0.0 ] ] ] } },
{ "type": "Feature", "properties": { "OBJECTID": 103, "LAYER": "LOW LAND-CULTIVATION", "AREAHA": 6.5728894065599999, "Shape_Leng": 1679.18622774, "Shape_Area": 66310.571182900007 }, "geometry": { "type": "Polygon", "coordinates": [ [ [ 81.335127182906916, 18.59934142594436, 0.0 ], [ 81.335403954435733, 18.599958096095499, 0.0 ], [ 81.335299254573641, 18.600281107065971, 0.0 ], [ 81.335021328043013, 18.600511165696339, 0.0 ], [ 81.334871078623166, 18.600626215274097, 0.0 ], [ 81.334608197233123, 18.60085624711315, 0.0 ], [ 81.334661283653631, 18.601071369326974, 0.0 ], [ 81.334766262212895, 18.601254222498611, 0.0 ], [ 81.334966136846575, 18.60152548072924, 0.0 ], [ 81.335201703883016, 18.601946644789283, 0.0 ], [ 81.335258811759104, 18.602339256885223, 0.0 ], [ 81.335422993497005, 18.60301026449056, 0.0 ], [ 81.335530069263967, 18.603274384449669, 0.0 ], [ 81.335772774887332, 18.603452844089048, 0.0 ], [ 81.336008341835523, 18.603617026828747, 0.0 ], [ 81.336101140223604, 18.603724103087586, 0.0 ], [ 81.336086863225418, 18.603923977223069, 0.0 ], [ 81.335936957967746, 18.604295173517617, 0.0 ], [ 81.336086862633721, 18.604423664443605, 0.0 ], [ 81.336229631324784, 18.604687784607734, 0.0 ], [ 81.336208215339269, 18.604844829054628, 0.0 ], [ 81.336222492850354, 18.605151779590543, 0.0 ], [ 81.336279599294286, 18.605251716701432, 0.0 ], [ 81.336479474507712, 18.605358792502805, 0.0 ], [ 81.336657933905485, 18.605358792853455, 0.0 ], [ 81.336779286526607, 18.605315962033231, 0.0 ], [ 81.336814978347817, 18.605208886432393, 0.0 ], [ 81.336829255150079, 18.604959043374034, 0.0 ], [ 81.33681497809512, 18.604801998696946, 0.0 ], [ 81.336707902357162, 18.604573570055258, 0.0 ], [ 81.336522304434155, 18.604380834250911, 0.0 ], [ 81.336686488027667, 18.604138129765325, 0.0 ], [ 81.336679348576027, 18.603952530462731, 0.0 ], [ 81.336622241734361, 18.603674133585653, 0.0 ], [ 81.336500889689674, 18.603459983022649, 0.0 ], [ 81.336101140276625, 18.603110201174665, 0.0 ], [ 81.335986926274089, 18.602896050701322, 0.0 ], [ 81.335958372771699, 18.602567684294339, 0.0 ], [ 81.336072586314785, 18.602203627658664, 0.0 ], [ 81.336208215588272, 18.601918092113753, 0.0 ], [ 81.336122555441378, 18.601589727006711, 0.0 ], [ 81.336143971382327, 18.601197114895786, 0.0 ], [ 81.336372398660998, 18.601104315691725, 0.0 ], [ 81.336550858662918, 18.600911580500451, 0.0 ], [ 81.336700765045336, 18.600818780920928, 0.0 ], [ 81.336772147966357, 18.600526107587921, 0.0 ], [ 81.336665072503365, 18.600069250965046, 0.0 ], [ 81.336538951468555, 18.59981845117456, 0.0 ], [ 81.336459883431388, 18.599815222779732, 0.0 ], [ 81.336245731549994, 18.599758115940261, 0.0 ], [ 81.336107723893932, 18.599705768844238, 0.0 ], [ 81.335941161607593, 18.599577277892006, 0.0 ], [ 81.335769840494834, 18.599439268781445, 0.0 ], [ 81.335555688068865, 18.599372643636588, 0.0 ], [ 81.335322501073932, 18.599334572292552, 0.0 ], [ 81.335127182906916, 18.59934142594436, 0.0 ] ] ] } },
{ "type": "Feature", "properties": { "OBJECTID": 104, "LAYER": "LOW LAND-CULTIVATION", "AREAHA": 3.6798298319399998, "Shape_Leng": 1018.6870199700001, "Shape_Area": 37124.475415000001 }, "geometry": { "type": "Polygon", "coordinates": [ [ [ 81.332746338509608, 18.604259243931093, 0.0 ], [ 81.332622606121134, 18.603964190487993, 0.0 ], [ 81.332127679040525, 18.604097440647944, 0.0 ], [ 81.331946839496226, 18.603954673165543, 0.0 ], [ 81.332089606830252, 18.603631066201945, 0.0 ], [ 81.332641642021343, 18.603316977444237, 0.0 ], [ 81.332337070973225, 18.6031266206212, 0.0 ], [ 81.33137493346986, 18.603803255911643, 0.0 ], [ 81.330901264548075, 18.603976261049024, 0.0 ], [ 81.33084086589686, 18.603868759614773, 0.0 ], [ 81.330154006907605, 18.604146625994652, 0.0 ], [ 81.330353768225507, 18.604881131746232, 0.0 ], [ 81.330293797768391, 18.604996018991976, 0.0 ], [ 81.330241781509173, 18.605333282872262, 0.0 ], [ 81.33030025202045, 18.605563188262405, 0.0 ], [ 81.330680966493574, 18.605401384883926, 0.0 ], [ 81.331299626327564, 18.60513488558615, 0.0 ], [ 81.33175648304379, 18.604944527593219, 0.0 ], [ 81.332660677627302, 18.604716100017299, 0.0 ], [ 81.332746338971404, 18.60463044010752, 0.0 ], [ 81.332746338509608, 18.604259243931093, 0.0 ] ] ] } },
{ "type": "Feature", "properties": { "OBJECTID": 105, "LAYER": "LOW LAND-CULTIVATION", "AREAHA": 1.07227690973, "Shape_Leng": 446.57121379199998, "Shape_Area": 10817.9553103 }, "geometry": { "type": "Polygon", "coordinates": [ [ [ 81.32808459889435, 18.606671642552737, 0.0 ], [ 81.32791365209502, 18.60650069586141, 0.0 ], [ 81.32745151311137, 18.606579920279348, 0.0 ], [ 81.327213106438279, 18.607148780066716, 0.0 ], [ 81.327258552543697, 18.607306526859649, 0.0 ], [ 81.327251480797585, 18.607543276830611, 0.0 ], [ 81.327282275838556, 18.607909091848953, 0.0 ], [ 81.327500623484767, 18.607987625124036, 0.0 ], [ 81.3278843762278, 18.608001304601423, 0.0 ], [ 81.327891611876993, 18.607850640477039, 0.0 ], [ 81.327875340973335, 18.607212193505855, 0.0 ], [ 81.32798762398896, 18.606910694273267, 0.0 ], [ 81.32808459889435, 18.606671642552737, 0.0 ] ] ] } },
{ "type": "Feature", "properties": { "OBJECTID": 106, "LAYER": "UPLAND-CULTIVATION", "AREAHA": 0.69396031588499996, "Shape_Leng": 508.16317296, "Shape_Area": 7001.2991944300002 }, "geometry": { "type": "Polygon", "coordinates": [ [ [ 81.322904648871045, 18.607049418821024, 0.0 ], [ 81.322738324843812, 18.607678529164826, 0.0 ], [ 81.323678213004825, 18.607868885939197, 0.0 ], [ 81.324201693404618, 18.608190112746119, 0.0 ], [ 81.324386088192128, 18.608326702040891, 0.0 ], [ 81.324393695990594, 18.608253653030971, 0.0 ], [ 81.324272704439281, 18.607933428331826, 0.0 ], [ 81.324061751154204, 18.607785530843255, 0.0 ], [ 81.323886154460808, 18.607766702545675, 0.0 ], [ 81.323675093200634, 18.607561413800688, 0.0 ], [ 81.323599636339907, 18.607446762003015, 0.0 ], [ 81.323409055396823, 18.607461436918598, 0.0 ], [ 81.323348546773076, 18.607294150008332, 0.0 ], [ 81.323072711851253, 18.607318536552501, 0.0 ], [ 81.322904648871045, 18.607049418821024, 0.0 ] ] ] } },
{ "type": "Feature", "properties": { "OBJECTID": 107, "LAYER": "UPLAND-CULTIVATION", "AREAHA": 1.18716470421, "Shape_Leng": 660.57505694199995, "Shape_Area": 11977.1353891 }, "geometry": { "type": "Polygon", "coordinates": [ [ [ 81.323551442420751, 18.60666755335215, 0.0 ], [ 81.323628673931793, 18.606887148392829, 0.0 ], [ 81.323699341125064, 18.607121373946207, 0.0 ], [ 81.323845003676183, 18.60722634096761, 0.0 ], [ 81.323975574008799, 18.607307419680563, 0.0 ], [ 81.32420656314099, 18.607440935500183, 0.0 ], [ 81.324332298734632, 18.607617674909442, 0.0 ], [ 81.324583298159126, 18.60772245883841, 0.0 ], [ 81.324809027663278, 18.607726852432226, 0.0 ], [ 81.325059918629137, 18.607774245654106, 0.0 ], [ 81.325260714237487, 18.607855202558074, 0.0 ], [ 81.325541883286746, 18.607998194309399, 0.0 ], [ 81.325702092804718, 18.608060361612839, 0.0 ], [ 81.325938700189653, 18.607416788863198, 0.0 ], [ 81.325581780362995, 18.607511966719152, 0.0 ], [ 81.32496312089377, 18.607285918467326, 0.0 ], [ 81.324689482956686, 18.607095561868167, 0.0 ], [ 81.324201693581557, 18.607107458557426, 0.0 ], [ 81.323892363429238, 18.607036075386386, 0.0 ], [ 81.323820979595851, 18.606869512094274, 0.0 ], [ 81.323690109803294, 18.606714847340914, 0.0 ], [ 81.323551442420751, 18.60666755335215, 0.0 ] ] ] } },
{ "type": "Feature", "properties": { "OBJECTID": 108, "LAYER": "UPLAND-CULTIVATION", "AREAHA": 0.32024797869400001, "Shape_Leng": 233.23816344100001, "Shape_Area": 3230.9340985399999 }, "geometry": { "type": "Polygon", "coordinates": [ [ [ 81.325526698962037, 18.608297410331318, 0.0 ], [ 81.325386650632609, 18.608137158045867, 0.0 ], [ 81.32513555882899, 18.607984548690297, 0.0 ], [ 81.324979907928494, 18.607903513465903, 0.0 ], [ 81.324824393191307, 18.607894216524862, 0.0 ], [ 81.324724208878365, 18.607966128324016, 0.0 ], [ 81.324789707928474, 18.608119058413948, 0.0 ], [ 81.325021043948951, 18.608434310003219, 0.0 ], [ 81.325115390638004, 18.608554478698832, 0.0 ], [ 81.325526698962037, 18.608297410331318, 0.0 ] ] ] } },
{ "type": "Feature", "properties": { "OBJECTID": 109, "LAYER": "LOW LAND-CULTIVATION", "AREAHA": 0.34068224509799999, "Shape_Leng": 324.03452116099999, "Shape_Area": 3437.27449239 }, "geometry": { "type": "Polygon", "coordinates": [ [ [ 81.309009859210306, 18.611241914677912, 0.0 ], [ 81.308945481558041, 18.611389417939943, 0.0 ], [ 81.308855147667771, 18.611439052456884, 0.0 ], [ 81.309096448302924, 18.611587547934583, 0.0 ], [ 81.309352581219969, 18.611759300487623, 0.0 ], [ 81.309573516363244, 18.611883284774336, 0.0 ], [ 81.310015136145282, 18.611992558081464, 0.0 ], [ 81.310105079952081, 18.611801105609327, 0.0 ], [ 81.309593114140469, 18.611624992267206, 0.0 ], [ 81.309311908406883, 18.611458063908042, 0.0 ], [ 81.309009859210306, 18.611241914677912, 0.0 ] ] ] } },
{ "type": "Feature", "properties": { "OBJECTID": 110, "LAYER": "SETTLEMENT", "AREAHA": 14.7099916135, "Shape_Leng": 1789.67557119, "Shape_Area": 148416.52118899999 }, "geometry": { "type": "Polygon", "coordinates": [ [ [ 81.302304272046925, 18.601196758926946, 0.0 ], [ 81.302380746652887, 18.601274092154277, 0.0 ], [ 81.302563964590135, 18.601418049745725, 0.0 ], [ 81.302794772904917, 18.601621493645727, 0.0 ], [ 81.302878053425729, 18.601755933187768, 0.0 ], [ 81.302922073899808, 18.601833265441698, 0.0 ], [ 81.302973233103572, 18.601948669865067, 0.0 ], [ 81.303050564358543, 18.602073591690619, 0.0 ], [ 81.303100533843264, 18.602112852803046, 0.0 ], [ 81.303189763135109, 18.602097385630191, 0.0 ], [ 81.303248059769103, 18.602078350242685, 0.0 ], [ 81.303280182675763, 18.602087868136191, 0.0 ], [ 81.303340859706694, 18.602127129115186, 0.0 ], [ 81.303781059873089, 18.60231748615141, 0.0 ], [ 81.304080872045517, 18.602465012744091, 0.0 ], [ 81.304287883917667, 18.602548293608201, 0.0 ], [ 81.304380683793028, 18.60256732934943, 0.0 ], [ 81.304437790702323, 18.602579226356543, 0.0 ], [ 81.304544866649081, 18.602557812015384, 0.0 ], [ 81.304678116290404, 18.602531638091342, 0.0 ], [ 81.30481136627742, 18.60249594592171, 0.0 ], [ 81.304828022552641, 18.602529258344216, 0.0 ], [ 81.304571039915871, 18.602588744881377, 0.0 ], [ 81.304425893095598, 18.60261491877348, 0.0 ], [ 81.304366406955126, 18.602650610519362, 0.0 ], [ 81.304385442559479, 18.602726753431575, 0.0 ], [ 81.304528209647302, 18.602933766359818, 0.0 ], [ 81.304718091488326, 18.603124122928051, 0.0 ], [ 81.304959844470105, 18.603367780291794, 0.0 ], [ 81.305310100872234, 18.603763722780513, 0.0 ], [ 81.305648936547982, 18.604131110669165, 0.0 ], [ 81.306101985447398, 18.604582257078086, 0.0 ], [ 81.306416074470832, 18.604867792575401, 0.0 ], [ 81.306451876708223, 18.604894373082587, 0.0 ], [ 81.307339772078478, 18.604111343322014, 0.0 ], [ 81.307785246913312, 18.603382305721258, 0.0 ], [ 81.307661139818407, 18.60262153206471, 0.0 ], [ 81.307250474064062, 18.601691936140739, 0.0 ], [ 81.306790612391865, 18.60080806771867, 0.0 ], [ 81.306510548184903, 18.600314272665532, 0.0 ], [ 81.305788981818779, 18.600128165066714, 0.0 ], [ 81.304721555327433, 18.600801480021694, 0.0 ], [ 81.303691839580608, 18.601074032127613, 0.0 ], [ 81.302760725622662, 18.601275400826115, 0.0 ], [ 81.302304272046925, 18.601196758926946, 0.0 ] ] ] } },
{ "type": "Feature", "properties": { "OBJECTID": 111, "LAYER": "ROAD", "AREAHA": 1.0310449471400001, "Shape_Leng": 3241.0496195400001, "Shape_Area": 10402.908928299999 }, "geometry": { "type": "Polygon", "coordinates": [ [ [ 81.302223386125064, 18.601182823639281, 0.0 ], [ 81.302304272046925, 18.601196758926946, 0.0 ], [ 81.302274860960424, 18.601167016757156, 0.0 ], [ 81.302102349472207, 18.600995695597092, 0.0 ], [ 81.302021448155912, 18.60087910225074, 0.0 ], [ 81.301919130617534, 18.600775595525352, 0.0 ], [ 81.301768034708047, 18.60058285957232, 0.0 ], [ 81.30165382157324, 18.600405588984707, 0.0 ], [ 81.301540796713539, 18.600239026645902, 0.0 ], [ 81.301449187881232, 18.600103397025826, 0.0 ], [ 81.301319507315412, 18.599915420465042, 0.0 ], [ 81.301196964405293, 18.599731012062549, 0.0 ], [ 81.301082750530355, 18.599515670773187, 0.0 ], [ 81.301045868179614, 18.599451424720119, 0.0 ], [ 81.301016125209642, 18.599370523303026, 0.0 ], [ 81.30101374689356, 18.599319365035889, 0.0 ], [ 81.301014935561867, 18.599125439104583, 0.0 ], [ 81.301014935914552, 18.598924374315157, 0.0 ], [ 81.301014935471372, 18.598807781401849, 0.0 ], [ 81.301033971674329, 18.598754243816252, 0.0 ], [ 81.301088699269641, 18.59871855079755, 0.0 ], [ 81.301145806260308, 18.598676911052685, 0.0 ], [ 81.301189826437479, 18.598588870693892, 0.0 ], [ 81.301223138340958, 18.598538901819985, 0.0 ], [ 81.30123027773044, 18.598465138717987, 0.0 ], [ 81.301237414947309, 18.598322371326937, 0.0 ], [ 81.301218380163235, 18.598221243659115, 0.0 ], [ 81.301186257684833, 18.598146290805516, 0.0 ], [ 81.301093457703217, 18.59804159480624, 0.0 ], [ 81.300992330999406, 18.597951174837871, 0.0 ], [ 81.300922137314501, 18.597877411617652, 0.0 ], [ 81.300901911736375, 18.59780245883838, 0.0 ], [ 81.300862651042479, 18.597727505391166, 0.0 ], [ 81.300845994162842, 18.597526441028158, 0.0 ], [ 81.300828147793297, 18.597359878672489, 0.0 ], [ 81.300836476553968, 18.597307531197174, 0.0 ], [ 81.300899532147028, 18.597242095325736, 0.0 ], [ 81.301026833387041, 18.597135020191839, 0.0 ], [ 81.301093457597091, 18.59706839529575, 0.0 ], [ 81.3011434273741, 18.596989872568678, 0.0 ], [ 81.301160083265259, 18.596932765293332, 0.0 ], [ 81.301193395153319, 18.596794757727828, 0.0 ], [ 81.301204103354735, 18.596713855185186, 0.0 ], [ 81.301230277380284, 18.59658298494103, 0.0 ], [ 81.301251691987062, 18.596454494490885, 0.0 ], [ 81.301230277367239, 18.596326002463012, 0.0 ], [ 81.301180307939106, 18.596085678306181, 0.0 ], [ 81.301169601174408, 18.596000017261282, 0.0 ], [ 81.301111304086959, 18.595896510802472, 0.0 ], [ 81.301083940860792, 18.595804901532567, 0.0 ], [ 81.301055387000631, 18.595596698336664, 0.0 ], [ 81.301045868352162, 18.595381356946408, 0.0 ], [ 81.301022074105546, 18.595061319868428, 0.0 ], [ 81.30101374694371, 18.594842409240304, 0.0 ], [ 81.301013746360667, 18.594711538722546, 0.0 ], [ 81.301003038786732, 18.594539028285293, 0.0 ], [ 81.300982813644225, 18.594453367413941, 0.0 ], [ 81.300962588088595, 18.594335583734935, 0.0 ], [ 81.300961398032044, 18.594138089146522, 0.0 ], [ 81.300967347305047, 18.594083362132285, 0.0 ], [ 81.300985192436926, 18.593938213599888, 0.0 ], [ 81.300999470218343, 18.593803773938969, 0.0 ], [ 81.300980434160294, 18.593577726367418, 0.0 ], [ 81.30093760349304, 18.593263636585675, 0.0 ], [ 81.300911428943422, 18.59302093249363, 0.0 ], [ 81.300897151813146, 18.592754432731304, 0.0 ], [ 81.300882875208458, 18.592385615912878, 0.0 ], [ 81.300868599090549, 18.59204535341722, 0.0 ], [ 81.300842424826016, 18.591859754377666, 0.0 ], [ 81.30073059097721, 18.591307720657884, 0.0 ], [ 81.300625894393505, 18.590965077530793, 0.0 ], [ 81.300421261086839, 18.590253618608294, 0.0 ], [ 81.300290390115393, 18.589908597023108, 0.0 ], [ 81.300240421334735, 18.589782485070032, 0.0 ], [ 81.300073859231702, 18.589289937232621, 0.0 ], [ 81.299966783658306, 18.588980607927262, 0.0 ], [ 81.299854948568949, 18.58857847852083, 0.0 ], [ 81.299790702378573, 18.588114482986214, 0.0 ], [ 81.299750252511032, 18.587909849704054, 0.0 ], [ 81.299682226125569, 18.587567827221051, 0.0 ], [ 81.299634537699873, 18.587586150090743, 0.0 ], [ 81.299657453463212, 18.587786118382457, 0.0 ], [ 81.299705042048373, 18.588083550135924, 0.0 ], [ 81.29975263171147, 18.588288184012441, 0.0 ], [ 81.299797841887283, 18.58861654921197, 0.0 ], [ 81.299847810480912, 18.588847357349952, 0.0 ], [ 81.299945367853226, 18.589132892050173, 0.0 ], [ 81.300057202906714, 18.589451740748885, 0.0 ], [ 81.300252318727431, 18.589977600966535, 0.0 ], [ 81.300435537363299, 18.590477288089584, 0.0 ], [ 81.300525957030843, 18.590781858604139, 0.0 ], [ 81.30062113489997, 18.591155434551325, 0.0 ], [ 81.300706795294559, 18.591517113345343, 0.0 ], [ 81.30075676470274, 18.591731263962558, 0.0 ], [ 81.300801974089694, 18.591990624489327, 0.0 ], [ 81.300816251070842, 18.592219053614613, 0.0 ], [ 81.300828148224056, 18.592768709572482, 0.0 ], [ 81.300890014658762, 18.593335020924076, 0.0 ], [ 81.300897151929462, 18.593611039096533, 0.0 ], [ 81.30092570681731, 18.593906091612425, 0.0 ], [ 81.300892394160101, 18.594186867965405, 0.0 ], [ 81.300880497097538, 18.594282046222727, 0.0 ], [ 81.300923327135536, 18.594519992143525, 0.0 ], [ 81.300966157361543, 18.594957812775299, 0.0 ], [ 81.300975674654012, 18.595121996001765, 0.0 ], [ 81.300999470233876, 18.595531262705645, 0.0 ], [ 81.30101374634485, 18.59572161952207, 0.0 ], [ 81.301035161608553, 18.595854869237584, 0.0 ], [ 81.301111303818189, 18.596021432611309, 0.0 ], [ 81.301137478348991, 18.596095195722377, 0.0 ], [ 81.301137478225627, 18.596157062029377, 0.0 ], [ 81.30117079109155, 18.596468771063797, 0.0 ], [ 81.301173170105713, 18.596628195176002, 0.0 ], [ 81.30115175454867, 18.596754306268547, 0.0 ], [ 81.301116063587514, 18.596889935239599, 0.0 ], [ 81.301061334740794, 18.597023185075408, 0.0 ], [ 81.300935224329137, 18.597144537987813, 0.0 ], [ 81.300780559082156, 18.597268270357031, 0.0 ], [ 81.300768661622655, 18.597301582250154, 0.0 ], [ 81.300761523594858, 18.597349171249029, 0.0 ], [ 81.300792457129205, 18.597606153464877, 0.0 ], [ 81.300804353772051, 18.597770335991367, 0.0 ], [ 81.300868599190906, 18.597903585736347, 0.0 ], [ 81.301001848988435, 18.598034456531078, 0.0 ], [ 81.301087509529196, 18.598120117537299, 0.0 ], [ 81.301180308634443, 18.598279541034849, 0.0 ], [ 81.301170791160729, 18.598424687492205, 0.0 ], [ 81.301168411496505, 18.598507968206896, 0.0 ], [ 81.301146995759893, 18.598550800121565, 0.0 ], [ 81.301099407300555, 18.598648357398019, 0.0 ], [ 81.30099946992064, 18.598700705331161, 0.0 ], [ 81.300959018084285, 18.59877684759061, 0.0 ], [ 81.300961398363, 18.598950548403305, 0.0 ], [ 81.300961398138753, 18.599357436566304, 0.0 ], [ 81.300987572058318, 18.599495444483583, 0.0 ], [ 81.301075612015879, 18.599638213574707, 0.0 ], [ 81.30127072753703, 18.59996419965298, 0.0 ], [ 81.301549124482335, 18.600335395800638, 0.0 ], [ 81.301725204430966, 18.600618550968953, 0.0 ], [ 81.302029776534383, 18.60096833176387, 0.0 ], [ 81.302215373656566, 18.601175345343833, 0.0 ], [ 81.302223386125064, 18.601182823639281, 0.0 ] ] ] } },
{ "type": "Feature", "properties": { "OBJECTID": 112, "LAYER": "ROAD", "AREAHA": 0.41661916702599999, "Shape_Leng": 1366.1112271500001, "Shape_Area": 4203.4922252200004 }, "geometry": { "type": "Polygon", "coordinates": [ [ [ 81.306451873938627, 18.604894371198125, 0.0 ], [ 81.306416074470832, 18.604867792575401, 0.0 ], [ 81.306101985447398, 18.604582257078086, 0.0 ], [ 81.305648936547982, 18.604131110669165, 0.0 ], [ 81.305310100872234, 18.603763722780513, 0.0 ], [ 81.304959844470105, 18.603367780291794, 0.0 ], [ 81.304718091488326, 18.603124122928051, 0.0 ], [ 81.304528209647302, 18.602933766359818, 0.0 ], [ 81.304385442559479, 18.602726753431575, 0.0 ], [ 81.304366406955126, 18.602650610519362, 0.0 ], [ 81.304425893095598, 18.60261491877348, 0.0 ], [ 81.304571039915871, 18.602588744881377, 0.0 ], [ 81.304828022552641, 18.602529258344216, 0.0 ], [ 81.30481136627742, 18.60249594592171, 0.0 ], [ 81.304678116290404, 18.602531638091342, 0.0 ], [ 81.304544866649081, 18.602557812015384, 0.0 ], [ 81.304437790702323, 18.602579226356543, 0.0 ], [ 81.304380683793028, 18.60256732934943, 0.0 ], [ 81.304287883917667, 18.602548293608201, 0.0 ], [ 81.304080872045517, 18.602465012744091, 0.0 ], [ 81.303781059873089, 18.60231748615141, 0.0 ], [ 81.303340859706694, 18.602127129115186, 0.0 ], [ 81.303280182675763, 18.602087868136191, 0.0 ], [ 81.303248059769103, 18.602078350242685, 0.0 ], [ 81.303189763135109, 18.602097385630191, 0.0 ], [ 81.303100533843264, 18.602112852803046, 0.0 ], [ 81.303050564358543, 18.602073591690619, 0.0 ], [ 81.302973233103572, 18.601948669865067, 0.0 ], [ 81.302922073899808, 18.601833265441698, 0.0 ], [ 81.302878053425729, 18.601755933187768, 0.0 ], [ 81.302794772904917, 18.601621493645727, 0.0 ], [ 81.302563964590135, 18.601418049745725, 0.0 ], [ 81.302380746652887, 18.601274092154277, 0.0 ], [ 81.302304272046925, 18.601196758926946, 0.0 ], [ 81.302223386125064, 18.601182823639281, 0.0 ], [ 81.302358141461156, 18.60130859519596, 0.0 ], [ 81.302505667578856, 18.601429947027064, 0.0 ], [ 81.302567534564659, 18.601472776770958, 0.0 ], [ 81.302705543400336, 18.601608406304852, 0.0 ], [ 81.302760270726935, 18.60167503206744, 0.0 ], [ 81.302907796691528, 18.601912977824021, 0.0 ], [ 81.302981560478102, 18.602067643017122, 0.0 ], [ 81.303010113530519, 18.602139026226521, 0.0 ], [ 81.30307911810813, 18.602150923634728, 0.0 ], [ 81.30315764087571, 18.602155682943888, 0.0 ], [ 81.303226644559714, 18.602146165608183, 0.0 ], [ 81.30329564961815, 18.602148544824203, 0.0 ], [ 81.303336100586179, 18.602184235731084, 0.0 ], [ 81.303428899596042, 18.602212789983195, 0.0 ], [ 81.30362163615473, 18.602319865290028, 0.0 ], [ 81.303802474238694, 18.602398387826376, 0.0 ], [ 81.304057076319708, 18.60250070513154, 0.0 ], [ 81.304280745903782, 18.602579226848597, 0.0 ], [ 81.304297402506677, 18.60264823166937, 0.0 ], [ 81.304306920289619, 18.602721994587984, 0.0 ], [ 81.304368785874985, 18.602871900106052, 0.0 ], [ 81.304566282334079, 18.603076534100044, 0.0 ], [ 81.304987446455385, 18.603488181031537, 0.0 ], [ 81.305344365016452, 18.603873654280598, 0.0 ], [ 81.305587070052908, 18.604178224710065, 0.0 ], [ 81.305808360035812, 18.604387617380247, 0.0 ], [ 81.306196212446139, 18.604754054717297, 0.0 ], [ 81.306416248798612, 18.604925790022023, 0.0 ], [ 81.306451873938627, 18.604894371198125, 0.0 ] ] ] } },
{ "type": "Feature", "properties": { "OBJECTID": 113, "LAYER": "UPLAND-CULTIVATION", "AREAHA": 2.42474985599, "Shape_Leng": 627.86804559699999, "Shape_Area": 24464.533551299999 }, "geometry": { "type": "Polygon", "coordinates": [ [ [ 81.306416248798612, 18.604925790022023, 0.0 ], [ 81.30622846805629, 18.604779229543475, 0.0 ], [ 81.306163502073588, 18.604815975383858, 0.0 ], [ 81.305516634473477, 18.604922243251362, 0.0 ], [ 81.304804481783449, 18.604985570144716, 0.0 ], [ 81.304504368033307, 18.60545953340851, 0.0 ], [ 81.304310012653957, 18.605778896126711, 0.0 ], [ 81.304377068844374, 18.605801694617721, 0.0 ], [ 81.304694844831261, 18.605999499256573, 0.0 ], [ 81.304904332997737, 18.606130841614348, 0.0 ], [ 81.305528923576645, 18.606187220568408, 0.0 ], [ 81.305867271337547, 18.606057540716737, 0.0 ], [ 81.306370503361279, 18.605568897864021, 0.0 ], [ 81.306535682373578, 18.605374933703246, 0.0 ], [ 81.306422477454902, 18.60518142297391, 0.0 ], [ 81.306299300324198, 18.605028925091403, 0.0 ], [ 81.306416248798612, 18.604925790022023, 0.0 ] ] ] } },
{ "type": "Feature", "properties": { "OBJECTID": 114, "LAYER": "VILLAGE FOREST", "AREAHA": 8.1302790939000005, "Shape_Leng": 1303.8765044899999, "Shape_Area": 82032.451554400002 }, "geometry": { "type": "Polygon", "coordinates": [ [ [ 81.296786305343048, 18.600480782295524, 0.0 ], [ 81.297057560424108, 18.600774909681444, 0.0 ], [ 81.297379229130414, 18.601152227307743, 0.0 ], [ 81.297906498783888, 18.601500524731641, 0.0 ], [ 81.297992059479611, 18.601667780413862, 0.0 ], [ 81.298102948334645, 18.601978473624214, 0.0 ], [ 81.297943024206575, 18.602313509291172, 0.0 ], [ 81.297838305768693, 18.602667587649112, 0.0 ], [ 81.297929532450027, 18.603207877194809, 0.0 ], [ 81.298119834353756, 18.603615064111668, 0.0 ], [ 81.299329670268165, 18.602387147174589, 0.0 ], [ 81.299365181994943, 18.602351104700826, 0.0 ], [ 81.299388887389469, 18.602327045809915, 0.0 ], [ 81.299930045669655, 18.601777800362623, 0.0 ], [ 81.299912917334581, 18.601651477405099, 0.0 ], [ 81.299655935042821, 18.601123236848242, 0.0 ], [ 81.299456060719791, 18.600587858491387, 0.0 ], [ 81.299570274379647, 18.600145278985192, 0.0 ], [ 81.299705903913306, 18.599938265940441, 0.0 ], [ 81.299798703339704, 18.599681283574224, 0.0 ], [ 81.299520306644794, 18.599538516284785, 0.0 ], [ 81.299006342922965, 18.599609899562459, 0.0 ], [ 81.298606593558858, 18.599588483996364, 0.0 ], [ 81.297835647530448, 18.5997026989487, 0.0 ], [ 81.297478728063368, 18.599838327329032, 0.0 ], [ 81.297100394312139, 18.600073894379641, 0.0 ], [ 81.296900519307556, 18.600280907684169, 0.0 ], [ 81.296786305343048, 18.600480782295524, 0.0 ] ] ] } },
{ "type": "Feature", "properties": { "OBJECTID": 115, "LAYER": "VILLAGE FOREST", "AREAHA": 2.5086269857399999, "Shape_Leng": 688.21641757700002, "Shape_Area": 25311.678195 }, "geometry": { "type": "Polygon", "coordinates": [ [ [ 81.296393516809928, 18.607778974456743, 0.0 ], [ 81.295953522527327, 18.607709029925129, 0.0 ], [ 81.295238764046445, 18.607724499440234, 0.0 ], [ 81.294689743868489, 18.607861663587276, 0.0 ], [ 81.294231085356756, 18.608041728949509, 0.0 ], [ 81.29393797981821, 18.60823588142015, 0.0 ], [ 81.29375796910432, 18.608566162046415, 0.0 ], [ 81.293803408616085, 18.608738264481406, 0.0 ], [ 81.293991683093552, 18.608838405224585, 0.0 ], [ 81.294420555935957, 18.608837735855662, 0.0 ], [ 81.294826856730936, 18.60883709952568, 0.0 ], [ 81.295165589158486, 18.608922656134535, 0.0 ], [ 81.29538019403951, 18.609040501279011, 0.0 ], [ 81.295393222175164, 18.609025660148692, 0.0 ], [ 81.295448201540424, 18.608952108860635, 0.0 ], [ 81.295489223241617, 18.608916116295816, 0.0 ], [ 81.295517638712752, 18.608891185059495, 0.0 ], [ 81.295706276425022, 18.608698781773061, 0.0 ], [ 81.29576369702221, 18.608627013148425, 0.0 ], [ 81.295812923129475, 18.608549710251651, 0.0 ], [ 81.296054341428928, 18.608182827355233, 0.0 ], [ 81.29607321325723, 18.608093778495061, 0.0 ], [ 81.296149589459887, 18.608041269811245, 0.0 ], [ 81.296196861282567, 18.60799600831945, 0.0 ], [ 81.296199114366601, 18.607993852343245, 0.0 ], [ 81.296298187575474, 18.607898992852608, 0.0 ], [ 81.296350874197969, 18.607823872575583, 0.0 ], [ 81.296393516809928, 18.607778974456743, 0.0 ] ] ] } },
{ "type": "Feature", "properties": { "OBJECTID": 116, "LAYER": "UPLAND-CULTIVATION", "AREAHA": 12.0343209117, "Shape_Leng": 2443.2761566600002, "Shape_Area": 121425.25434100001 }, "geometry": { "type": "Polygon", "coordinates": [ [ [ 81.289636166262881, 18.608865730769168, 0.0 ], [ 81.289725720996017, 18.60895980011475, 0.0 ], [ 81.289913775128625, 18.608930814832927, 0.0 ], [ 81.29013200992739, 18.608952000010298, 0.0 ], [ 81.290440594847126, 18.609008915591293, 0.0 ], [ 81.290801580464588, 18.608907923885109, 0.0 ], [ 81.291170273876844, 18.608914528122551, 0.0 ], [ 81.291373155072733, 18.608756388351349, 0.0 ], [ 81.291501210854037, 18.608842277578688, 0.0 ], [ 81.291757323848159, 18.609014054102577, 0.0 ], [ 81.292050420429959, 18.608812731004697, 0.0 ], [ 81.292223352334034, 18.608740722923191, 0.0 ], [ 81.292735210453003, 18.608869058845428, 0.0 ], [ 81.293096452431911, 18.608918714184874, 0.0 ], [ 81.293247610504196, 18.609313043283628, 0.0 ], [ 81.293345583280271, 18.609406151181457, 0.0 ], [ 81.293857259806217, 18.609426875193808, 0.0 ], [ 81.29436921988254, 18.609612597615374, 0.0 ], [ 81.294612256759308, 18.609803728917392, 0.0 ], [ 81.294735702163436, 18.609724476961471, 0.0 ], [ 81.294812726091976, 18.609680755126597, 0.0 ], [ 81.294816491112442, 18.609678619031907, 0.0 ], [ 81.294869760824739, 18.609603889878937, 0.0 ], [ 81.295028632944749, 18.609440751869823, 0.0 ], [ 81.295030714531237, 18.609438615008724, 0.0 ], [ 81.295039792962498, 18.609428272882361, 0.0 ], [ 81.29538019403951, 18.609040501279011, 0.0 ], [ 81.295165589158486, 18.608922656134535, 0.0 ], [ 81.294826856730936, 18.60883709952568, 0.0 ], [ 81.294420555935957, 18.608837735855662, 0.0 ], [ 81.293991683093552, 18.608838405224585, 0.0 ], [ 81.293803408616085, 18.608738264481406, 0.0 ], [ 81.29375796910432, 18.608566162046415, 0.0 ], [ 81.29393797981821, 18.60823588142015, 0.0 ], [ 81.294231085356756, 18.608041728949509, 0.0 ], [ 81.294689743868489, 18.607861663587276, 0.0 ], [ 81.295238764046445, 18.607724499440234, 0.0 ], [ 81.295953522527327, 18.607709029925129, 0.0 ], [ 81.296393516809928, 18.607778974456743, 0.0 ], [ 81.296414321930186, 18.607757067843014, 0.0 ], [ 81.296574596361651, 18.607576731117991, 0.0 ], [ 81.296606940457565, 18.607519784696088, 0.0 ], [ 81.296765878404813, 18.607585544800443, 0.0 ], [ 81.297256890782108, 18.607788693211667, 0.0 ], [ 81.297451712808495, 18.607862233579858, 0.0 ], [ 81.29716492767065, 18.607673374868106, 0.0 ], [ 81.296850839864661, 18.607434238887755, 0.0 ], [ 81.296536750226906, 18.607284333371027, 0.0 ], [ 81.296222661189489, 18.607145134698893, 0.0 ], [ 81.295869311684982, 18.606998798347806, 0.0 ], [ 81.295319657183612, 18.606759661968866, 0.0 ], [ 81.294684340545842, 18.606513388003503, 0.0 ], [ 81.294095424356314, 18.606277821144772, 0.0 ], [ 81.293792741123028, 18.606146033586345, 0.0 ], [ 81.293818075313979, 18.60641302609455, 0.0 ], [ 81.293859364896676, 18.606520232449256, 0.0 ], [ 81.293959013250969, 18.606566823273265, 0.0 ], [ 81.293921386702451, 18.606607630509249, 0.0 ], [ 81.293970125981005, 18.606789821051311, 0.0 ], [ 81.293988493546635, 18.606891183148438, 0.0 ], [ 81.293899971801963, 18.606905128125565, 0.0 ], [ 81.293641538378665, 18.606959817757623, 0.0 ], [ 81.293619992339387, 18.606964377682964, 0.0 ], [ 81.293548776065151, 18.606979448136798, 0.0 ], [ 81.293007809781585, 18.607093926570929, 0.0 ], [ 81.292921424841623, 18.607102443782743, 0.0 ], [ 81.292833175764656, 18.607146201768739, 0.0 ], [ 81.292805901370841, 18.607146983843318, 0.0 ], [ 81.292590025290622, 18.607212511742823, 0.0 ], [ 81.292417790620391, 18.607259242098539, 0.0 ], [ 81.292425656865305, 18.607272634359067, 0.0 ], [ 81.2918366305814, 18.607392865445608, 0.0 ], [ 81.291826622381066, 18.607395580399487, 0.0 ], [ 81.291612549079503, 18.607453661226963, 0.0 ], [ 81.291351454306138, 18.607528977590128, 0.0 ], [ 81.290936994336391, 18.607648532823362, 0.0 ], [ 81.290853511386416, 18.607689590871587, 0.0 ], [ 81.290765754688366, 18.607721153945619, 0.0 ], [ 81.29051531716577, 18.607839268804796, 0.0 ], [ 81.290176432217137, 18.608025175658174, 0.0 ], [ 81.29011380405818, 18.608092707446055, 0.0 ], [ 81.289972769825837, 18.608147138634113, 0.0 ], [ 81.289974406482045, 18.608158805676535, 0.0 ], [ 81.289903668192011, 18.608188891123667, 0.0 ], [ 81.289902070465104, 18.608189377241935, 0.0 ], [ 81.289821531950636, 18.608235652795052, 0.0 ], [ 81.289824015036459, 18.608326552624664, 0.0 ], [ 81.289823219735979, 18.608377033075257, 0.0 ], [ 81.289774578612409, 18.608524836409867, 0.0 ], [ 81.289706660508429, 18.608681582860754, 0.0 ], [ 81.289691645285998, 18.608716234318344, 0.0 ], [ 81.289639257916676, 18.608837139556989, 0.0 ], [ 81.289636166262881, 18.608865730769168, 0.0 ] ] ] } },
{ "type": "Feature", "properties": { "OBJECTID": 117, "LAYER": "LOW LAND-CULTIVATION", "AREAHA": 2.9351467442399999, "Shape_Leng": 1241.5779004399999, "Shape_Area": 29615.3155835 }, "geometry": { "type": "Polygon", "coordinates": [ [ [ 81.29522435569271, 18.600158865160729, 0.0 ], [ 81.295077406947314, 18.59995780491813, 0.0 ], [ 81.294845190119631, 18.599820668279808, 0.0 ], [ 81.294832043331581, 18.5994679716135, 0.0 ], [ 81.294649902762487, 18.599282930851139, 0.0 ], [ 81.294398609968994, 18.598990388410282, 0.0 ], [ 81.294072236221211, 18.598787637730133, 0.0 ], [ 81.293908567054928, 18.59840528457385, 0.0 ], [ 81.294001914969897, 18.597998617375485, 0.0 ], [ 81.294114225007192, 18.597681594710938, 0.0 ], [ 81.294308132941708, 18.597418248452676, 0.0 ], [ 81.294257513170237, 18.597149305868243, 0.0 ], [ 81.294119088700668, 18.596862565413094, 0.0 ], [ 81.293465899539513, 18.596194018593476, 0.0 ], [ 81.293209214813928, 18.596409635204115, 0.0 ], [ 81.293536238547333, 18.59699499561458, 0.0 ], [ 81.293825205824177, 18.597323349492644, 0.0 ], [ 81.293750215641978, 18.597466944742131, 0.0 ], [ 81.293606218956384, 18.597586734171411, 0.0 ], [ 81.293544034009997, 18.597885743979116, 0.0 ], [ 81.293513310448475, 18.598250466081904, 0.0 ], [ 81.293564000917158, 18.598561256533898, 0.0 ], [ 81.293979217156945, 18.599385608554265, 0.0 ], [ 81.293847952875211, 18.599618965562684, 0.0 ], [ 81.293867243934585, 18.599899913923945, 0.0 ], [ 81.293750955462102, 18.600319590245174, 0.0 ], [ 81.293866706463916, 18.600309461682937, 0.0 ], [ 81.294095135772281, 18.600088172322891, 0.0 ], [ 81.294387809174538, 18.600031064091581, 0.0 ], [ 81.294817468389567, 18.600370637679699, 0.0 ], [ 81.294943579252816, 18.600304013088401, 0.0 ], [ 81.29522435569271, 18.600158865160729, 0.0 ] ] ] } },
{ "type": "Feature", "properties": { "OBJECTID": 118, "LAYER": "UPLAND-CULTIVATION", "AREAHA": 4.2414664845000001, "Shape_Leng": 1059.18536391, "Shape_Area": 42796.171963599998 }, "geometry": { "type": "Polygon", "coordinates": [ [ [ 81.293564000917158, 18.598561256533898, 0.0 ], [ 81.292955009726157, 18.598809704722996, 0.0 ], [ 81.292363476629816, 18.599001927041645, 0.0 ], [ 81.291561116417924, 18.599098823469095, 0.0 ], [ 81.29131029490182, 18.599080080219917, 0.0 ], [ 81.290928901051231, 18.598965887738039, 0.0 ], [ 81.290450838539627, 18.598434746876347, 0.0 ], [ 81.290455440807918, 18.598465467077439, 0.0 ], [ 81.290425869820439, 18.598915403938289, 0.0 ], [ 81.290528563458906, 18.599325518656087, 0.0 ], [ 81.290840032230307, 18.599374333299036, 0.0 ], [ 81.290890000942412, 18.599531377265048, 0.0 ], [ 81.291154121310683, 18.599667007047991, 0.0 ], [ 81.291610977415388, 18.599716975930651, 0.0 ], [ 81.291839406766826, 18.599973957243932, 0.0 ], [ 81.292232016781369, 18.600031063821127, 0.0 ], [ 81.292581797430358, 18.600188108755933, 0.0 ], [ 81.292888748049478, 18.600273769430007, 0.0 ], [ 81.293295636488992, 18.600359429899402, 0.0 ], [ 81.293750955462102, 18.600319590245174, 0.0 ], [ 81.293867243934585, 18.599899913923945, 0.0 ], [ 81.293847952875211, 18.599618965562684, 0.0 ], [ 81.293979217156945, 18.599385608554265, 0.0 ], [ 81.293564000917158, 18.598561256533898, 0.0 ] ] ] } },
{ "type": "Feature", "properties": { "OBJECTID": 119, "LAYER": "LOW LAND-CULTIVATION", "AREAHA": 3.3487486578599999, "Shape_Leng": 2194.9146019700001, "Shape_Area": 33787.336311400002 }, "geometry": { "type": "Polygon", "coordinates": [ [ [ 81.308411757802446, 18.58858421849212, 0.0 ], [ 81.308402785741833, 18.588538164251208, 0.0 ], [ 81.308387557598593, 18.588395397140907, 0.0 ], [ 81.308370426068578, 18.588212654094399, 0.0 ], [ 81.308366618939061, 18.587999454637757, 0.0 ], [ 81.308338065927273, 18.587649198018855, 0.0 ], [ 81.308338065146032, 18.58745693725308, 0.0 ], [ 81.308316327545953, 18.587347380729472, 0.0 ], [ 81.308072075298853, 18.587386253821006, 0.0 ], [ 81.307740945169485, 18.587324620690698, 0.0 ], [ 81.307435270856232, 18.587473380777425, 0.0 ], [ 81.307174546352243, 18.58751684880367, 0.0 ], [ 81.306858685341908, 18.587579537336016, 0.0 ], [ 81.306587886294167, 18.587599108533635, 0.0 ], [ 81.306362320362098, 18.587671214064692, 0.0 ], [ 81.306066811257836, 18.587896477083529, 0.0 ], [ 81.305961913686403, 18.588135777388132, 0.0 ], [ 81.305570956797013, 18.588275107020443, 0.0 ], [ 81.305180177262372, 18.588514870959212, 0.0 ], [ 81.304914622467848, 18.58866356190601, 0.0 ], [ 81.304619084253844, 18.588874473878985, 0.0 ], [ 81.304168099609242, 18.589104767675938, 0.0 ], [ 81.304163635653509, 18.58941564411727, 0.0 ], [ 81.303873229204015, 18.589693504378562, 0.0 ], [ 81.30360799262931, 18.590023930975242, 0.0 ], [ 81.303352566156221, 18.59022999511269, 0.0 ], [ 81.303167313728238, 18.59041203169491, 0.0 ], [ 81.302971836363113, 18.590484085633957, 0.0 ], [ 81.302686078102326, 18.59055628363976, 0.0 ], [ 81.302144562573304, 18.59064802189739, 0.0 ], [ 81.301825957292138, 18.590635030938042, 0.0 ], [ 81.301723267841965, 18.590653479886392, 0.0 ], [ 81.301392352931543, 18.590716183088034, 0.0 ], [ 81.301322143309037, 18.590721077570571, 0.0 ], [ 81.301171080961083, 18.590381754128867, 0.0 ], [ 81.301075584850025, 18.590267124346301, 0.0 ], [ 81.300900251802645, 18.590386968866223, 0.0 ], [ 81.30090109993256, 18.590870011319765, 0.0 ], [ 81.30113168801752, 18.590797904322528, 0.0 ], [ 81.301407769511158, 18.590926592840859, 0.0 ], [ 81.302064684993312, 18.590858584848903, 0.0 ], [ 81.302721651702853, 18.590819269858812, 0.0 ], [ 81.303132789203858, 18.590742087318326, 0.0 ], [ 81.303493746251917, 18.590650636548524, 0.0 ], [ 81.303884438920122, 18.590358268485929, 0.0 ], [ 81.304049441753008, 18.590071046163704, 0.0 ], [ 81.304234429416965, 18.58974074761035, 0.0 ], [ 81.30455995214173, 18.589467612586066, 0.0 ], [ 81.304754969186661, 18.589137297612794, 0.0 ], [ 81.304915055955291, 18.588907473974881, 0.0 ], [ 81.305451361932057, 18.588710518990222, 0.0 ], [ 81.305807066478465, 18.588489942095038, 0.0 ], [ 81.306122707613724, 18.588302908045968, 0.0 ], [ 81.30609728859362, 18.588111644642733, 0.0 ], [ 81.306257500180877, 18.587953558081349, 0.0 ], [ 81.30658828034862, 18.587819107956186, 0.0 ], [ 81.306999374333643, 18.587722786093511, 0.0 ], [ 81.307370413564158, 18.587664790530784, 0.0 ], [ 81.307731593289049, 18.587702462327684, 0.0 ], [ 81.30791757683069, 18.587931723137196, 0.0 ], [ 81.308089382213211, 18.588644051193747, 0.0 ], [ 81.308411757802446, 18.58858421849212, 0.0 ] ] ] } },
{ "type": "Feature", "properties": { "OBJECTID": 120, "LAYER": "LOW LAND-CULTIVATION", "AREAHA": 0.8298293636, "Shape_Leng": 510.52379119800003, "Shape_Area": 8372.5127949599992 }, "geometry": { "type": "Polygon", "coordinates": [ [ [ 81.308831552950281, 18.596722875384177, 0.0 ], [ 81.308730426078327, 18.596687184237602, 0.0 ], [ 81.308575761736677, 18.596574159695482, 0.0 ], [ 81.308447865258643, 18.596431391423483, 0.0 ], [ 81.308299149171091, 18.596327291019296, 0.0 ], [ 81.308180176445362, 18.596252931983912, 0.0 ], [ 81.308058228951907, 18.596169651420066, 0.0 ], [ 81.307998742236322, 18.596062574841273, 0.0 ], [ 81.307858129409425, 18.596031816256701, 0.0 ], [ 81.307808385414063, 18.596020935249157, 0.0 ], [ 81.30762100240274, 18.596014986328171, 0.0 ], [ 81.307493106247648, 18.595967397754723, 0.0 ], [ 81.307391979600382, 18.596000114913981, 0.0 ], [ 81.307353313323688, 18.596026884326193, 0.0 ], [ 81.307344390029471, 18.596077447401612, 0.0 ], [ 81.307359262123086, 18.596122061945071, 0.0 ], [ 81.30735926185676, 18.596145856947366, 0.0 ], [ 81.307311673121632, 18.596226163814844, 0.0 ], [ 81.307261109697876, 18.59628564987776, 0.0 ], [ 81.307219469431487, 18.596389751080608, 0.0 ], [ 81.307228391043822, 18.596487904059924, 0.0 ], [ 81.307162956751711, 18.596547391188583, 0.0 ], [ 81.307067777284303, 18.596603903314382, 0.0 ], [ 81.306966650979561, 18.596648517641292, 0.0 ], [ 81.30693690739011, 18.59666933769461, 0.0 ], [ 81.306942856333876, 18.596728824586975, 0.0 ], [ 81.306880395698656, 18.596797233919123, 0.0 ], [ 81.307151087320634, 18.596814271441801, 0.0 ], [ 81.307399158508673, 18.596699085034913, 0.0 ], [ 81.307767657321378, 18.596612395986529, 0.0 ], [ 81.308324386186925, 18.596604312278959, 0.0 ], [ 81.308831552950281, 18.596722875384177, 0.0 ] ] ] } },
{ "type": "Feature", "properties": { "OBJECTID": 121, "LAYER": "LOW LAND-CULTIVATION", "AREAHA": 1.4614409127000001, "Shape_Leng": 687.81774753399998, "Shape_Area": 14745.0654199 }, "geometry": { "type": "Polygon", "coordinates": [ [ [ 81.310098615884158, 18.596371904902593, 0.0 ], [ 81.309869592937034, 18.596467084191037, 0.0 ], [ 81.309765492152522, 18.596502775178134, 0.0 ], [ 81.309700056422372, 18.596487904619458, 0.0 ], [ 81.309539442419492, 18.596321341605332, 0.0 ], [ 81.309414522075244, 18.596333238420886, 0.0 ], [ 81.309286625840954, 18.596327290488325, 0.0 ], [ 81.309224165201684, 18.59634811072516, 0.0 ], [ 81.309161703548213, 18.596455187135348, 0.0 ], [ 81.309066525421841, 18.596592005249008, 0.0 ], [ 81.308956475407157, 18.59671990135201, 0.0 ], [ 81.30886724518794, 18.596725850264601, 0.0 ], [ 81.308831552950281, 18.596722875384177, 0.0 ], [ 81.30863941207339, 18.597210070435324, 0.0 ], [ 81.308493669564882, 18.597534271957002, 0.0 ], [ 81.308246800303735, 18.598007190546628, 0.0 ], [ 81.308389568534864, 18.598236213282515, 0.0 ], [ 81.308449755670011, 18.598316890167812, 0.0 ], [ 81.309207074338971, 18.597951559965903, 0.0 ], [ 81.309071209175443, 18.597707869542866, 0.0 ], [ 81.30914524092924, 18.597040575224735, 0.0 ], [ 81.309626372526651, 18.596831742229007, 0.0 ], [ 81.309919401637387, 18.596616043396473, 0.0 ], [ 81.310098615884158, 18.596371904902593, 0.0 ] ] ] } },
{ "type": "Feature", "properties": { "OBJECTID": 122, "LAYER": "UPLAND-CULTIVATION", "AREAHA": 0.73017194154599996, "Shape_Leng": 490.37561416, "Shape_Area": 7366.90146654 }, "geometry": { "type": "Polygon", "coordinates": [ [ [ 81.312366031695007, 18.595090391919289, 0.0 ], [ 81.312614515917119, 18.595475723190972, 0.0 ], [ 81.313009946862721, 18.595720174667246, 0.0 ], [ 81.313192179800012, 18.595947045445836, 0.0 ], [ 81.313352529873796, 18.596130985344072, 0.0 ], [ 81.313468528250255, 18.595851398544216, 0.0 ], [ 81.313584526552617, 18.595622375513994, 0.0 ], [ 81.313810575880709, 18.595420121352614, 0.0 ], [ 81.313915591163479, 18.595280216264197, 0.0 ], [ 81.313805828722352, 18.595264900855874, 0.0 ], [ 81.313645215064767, 18.595257762039026, 0.0 ], [ 81.313545278195036, 18.595304162142568, 0.0 ], [ 81.313266880706806, 18.595364837735755, 0.0 ], [ 81.3131134055416, 18.595396960798976, 0.0 ], [ 81.312992052693815, 18.595382683910561, 0.0 ], [ 81.312902822821684, 18.595346991588709, 0.0 ], [ 81.312835008869612, 18.595297023552352, 0.0 ], [ 81.312767194358671, 18.595179240273961, 0.0 ], [ 81.312685102720067, 18.595004349928274, 0.0 ], [ 81.312612298989563, 18.594820995005573, 0.0 ], [ 81.312492949041484, 18.594905562038498, 0.0 ], [ 81.312424540331889, 18.595018587104441, 0.0 ], [ 81.312366031695007, 18.595090391919289, 0.0 ] ] ] } },
{ "type": "Feature", "properties": { "OBJECTID": 123, "LAYER": "LOW LAND-CULTIVATION", "AREAHA": 2.1687140704400001, "Shape_Leng": 1163.5497673, "Shape_Area": 21880.785249100001 }, "geometry": { "type": "Polygon", "coordinates": [ [ [ 81.313352529873796, 18.596130985344072, 0.0 ], [ 81.313192179800012, 18.595947045445836, 0.0 ], [ 81.313009946862721, 18.595720174667246, 0.0 ], [ 81.312614515917119, 18.595475723190972, 0.0 ], [ 81.312366031695007, 18.595090391919289, 0.0 ], [ 81.312293669189117, 18.595179201304813, 0.0 ], [ 81.312064645509849, 18.595208944550158, 0.0 ], [ 81.311850494883757, 18.59531899380481, 0.0 ], [ 81.31172259795936, 18.595369557586825, 0.0 ], [ 81.311588753822676, 18.595467710574287, 0.0 ], [ 81.311597677567406, 18.595589658243579, 0.0 ], [ 81.311520344107663, 18.595693758432812, 0.0 ], [ 81.311398397502714, 18.595741348595954, 0.0 ], [ 81.311291321049097, 18.595818681106564, 0.0 ], [ 81.311184244857799, 18.595848424166277, 0.0 ], [ 81.311549341941159, 18.595836182444749, 0.0 ], [ 81.311906588112222, 18.595769830899993, 0.0 ], [ 81.312345339312714, 18.595703343553325, 0.0 ], [ 81.312633913724497, 18.595798516989923, 0.0 ], [ 81.312822362058839, 18.595995486582339, 0.0 ], [ 81.312816484964131, 18.596210713058099, 0.0 ], [ 81.312415972262812, 18.596617898860181, 0.0 ], [ 81.312221929902819, 18.596791589367783, 0.0 ], [ 81.311877231370119, 18.596863898998812, 0.0 ], [ 81.311776493104304, 18.596630914507681, 0.0 ], [ 81.311387908061604, 18.59670329560231, 0.0 ], [ 81.311555417470643, 18.597337517929788, 0.0 ], [ 81.311723788499364, 18.597403401510107, 0.0 ], [ 81.311818967018382, 18.597873344669818, 0.0 ], [ 81.312027170185985, 18.597801961458572, 0.0 ], [ 81.312168747980522, 18.597776977600475, 0.0 ], [ 81.312130675378938, 18.597662763138278, 0.0 ], [ 81.312156850352082, 18.597360570864499, 0.0 ], [ 81.312168747138571, 18.597296326311746, 0.0 ], [ 81.312206818344606, 18.597263013711878, 0.0 ], [ 81.312292479530228, 18.597320120548421, 0.0 ], [ 81.312435246977714, 18.597267772670047, 0.0 ], [ 81.312497113114844, 18.597091692104076, 0.0 ], [ 81.312551840904746, 18.596984616660041, 0.0 ], [ 81.312625604461687, 18.596901334927303, 0.0 ], [ 81.312716023919961, 18.596763326849892, 0.0 ], [ 81.312877826688151, 18.596646733058037, 0.0 ], [ 81.313037250669922, 18.596473032198919, 0.0 ], [ 81.31312648103264, 18.596300521106738, 0.0 ], [ 81.313352529873796, 18.596130985344072, 0.0 ] ] ] } },
{ "type": "Feature", "properties": { "OBJECTID": 124, "LAYER": "LOW LAND-CULTIVATION", "AREAHA": 1.3960927695300001, "Shape_Leng": 907.33078427700002, "Shape_Area": 14085.539964600001 }, "geometry": { "type": "Polygon", "coordinates": [ [ [ 81.314067485249709, 18.595305580960325, 0.0 ], [ 81.313866492893609, 18.595515299211769, 0.0 ], [ 81.313734433110781, 18.59579012760511, 0.0 ], [ 81.313598803493662, 18.596079231789695, 0.0 ], [ 81.313431050838631, 18.596304091310532, 0.0 ], [ 81.313291853550865, 18.596411166936665, 0.0 ], [ 81.31317050084931, 18.596557504012832, 0.0 ], [ 81.313009886792912, 18.596664578957427, 0.0 ], [ 81.312820720454681, 18.596864453780437, 0.0 ], [ 81.312631553158653, 18.597089313580184, 0.0 ], [ 81.312567306895943, 18.597257065123369, 0.0 ], [ 81.312488784561694, 18.597328448208081, 0.0 ], [ 81.312381709093941, 18.597349863675291, 0.0 ], [ 81.312274634024163, 18.597396263477869, 0.0 ], [ 81.312213957821044, 18.597499770089446, 0.0 ], [ 81.312267494475662, 18.597742474413305, 0.0 ], [ 81.312267494578748, 18.597870965829291, 0.0 ], [ 81.312188973197735, 18.59803871771803, 0.0 ], [ 81.312153281136432, 18.598213607612305, 0.0 ], [ 81.31215328074083, 18.598320684060749, 0.0 ], [ 81.312256787620768, 18.598463451183658, 0.0 ], [ 81.312413831771281, 18.598624065854253, 0.0 ], [ 81.31245385993283, 18.598141094276457, 0.0 ], [ 81.312703719298611, 18.597632528221546, 0.0 ], [ 81.312765706421018, 18.597243839306078, 0.0 ], [ 81.313179196113111, 18.597075761313697, 0.0 ], [ 81.31347937232394, 18.596656784170658, 0.0 ], [ 81.313804790148723, 18.596327438863639, 0.0 ], [ 81.314036053654348, 18.59593846725458, 0.0 ], [ 81.314261276257355, 18.595675049240956, 0.0 ], [ 81.314067485249709, 18.595305580960325, 0.0 ] ] ] } },
{ "type": "Feature", "properties": { "OBJECTID": 125, "LAYER": "LOW LAND-CULTIVATION", "AREAHA": 1.35282912256, "Shape_Leng": 497.28793545500002, "Shape_Area": 13648.9025198 }, "geometry": { "type": "Polygon", "coordinates": [ [ [ 81.317446403698099, 18.595450498624604, 0.0 ], [ 81.317264375630018, 18.595297023381647, 0.0 ], [ 81.317043085686848, 18.595139978835604, 0.0 ], [ 81.31674684306239, 18.595007919158029, 0.0 ], [ 81.31668518319492, 18.594988279683559, 0.0 ], [ 81.31658667431239, 18.594956903065828, 0.0 ], [ 81.316265001325519, 18.594854443911746, 0.0 ], [ 81.316118664572301, 18.594854444407822, 0.0 ], [ 81.315721139972808, 18.595158478572465, 0.0 ], [ 81.315539575327406, 18.595296282334747, 0.0 ], [ 81.315716203168734, 18.595881855498028, 0.0 ], [ 81.316192426287898, 18.595737579169985, 0.0 ], [ 81.316982172546759, 18.595616687117182, 0.0 ], [ 81.317308090130751, 18.595562333773461, 0.0 ], [ 81.317446403698099, 18.595450498624604, 0.0 ] ] ] } },
{ "type": "Feature", "properties": { "OBJECTID": 126, "LAYER": "UPLAND-CULTIVATION", "AREAHA": 1.9677147724299999, "Shape_Leng": 756.61742398900003, "Shape_Area": 19852.478909000001 }, "geometry": { "type": "Polygon", "coordinates": [ [ [ 81.318750591274977, 18.595016811272494, 0.0 ], [ 81.318755159420107, 18.594914240926467, 0.0 ], [ 81.318792399132676, 18.594710917220464, 0.0 ], [ 81.319055440539074, 18.594561016096804, 0.0 ], [ 81.319029817725436, 18.594268125372178, 0.0 ], [ 81.318891598276338, 18.594112924945904, 0.0 ], [ 81.318540605356645, 18.594167322739942, 0.0 ], [ 81.318283922004525, 18.594365038665, 0.0 ], [ 81.317996167049259, 18.594712262654138, 0.0 ], [ 81.317557255159159, 18.594689089585149, 0.0 ], [ 81.317124856503, 18.594797426240874, 0.0 ], [ 81.317105350846703, 18.594420829790003, 0.0 ], [ 81.316516169529876, 18.594505515870459, 0.0 ], [ 81.316491345279303, 18.594643056896679, 0.0 ], [ 81.316548430985151, 18.594776949596806, 0.0 ], [ 81.316755170497785, 18.594855634250401, 0.0 ], [ 81.317093053905751, 18.595022195501262, 0.0 ], [ 81.317545152282861, 18.59536483823678, 0.0 ], [ 81.318025802667819, 18.595493328840483, 0.0 ], [ 81.318316096451142, 18.595483811174336, 0.0 ], [ 81.318449346912445, 18.595402910222411, 0.0 ], [ 81.318515972037972, 18.595179240584248, 0.0 ], [ 81.318750591274977, 18.595016811272494, 0.0 ] ] ] } },
{ "type": "Feature", "properties": { "OBJECTID": 127, "LAYER": "VILLAGE FOREST", "AREAHA": 5.1714316644, "Shape_Leng": 1355.90374707, "Shape_Area": 52176.358395399999 }, "geometry": { "type": "Polygon", "coordinates": [ [ [ 81.312092243488905, 18.593866262693414, 0.0 ], [ 81.312006956093981, 18.593772978732549, 0.0 ], [ 81.311928433605246, 18.593519565864447, 0.0 ], [ 81.311835634712807, 18.593184062536924, 0.0 ], [ 81.311835634788864, 18.593009171903983, 0.0 ], [ 81.311767820074692, 18.592823574417363, 0.0 ], [ 81.311660744334588, 18.592548746216952, 0.0 ], [ 81.311582222738039, 18.592398839507581, 0.0 ], [ 81.311482285408403, 18.592295333462904, 0.0 ], [ 81.311389485658808, 18.592102596614108, 0.0 ], [ 81.311339516535782, 18.591952691302339, 0.0 ], [ 81.311260995571956, 18.591813492960945, 0.0 ], [ 81.311260995170684, 18.591699278618982, 0.0 ], [ 81.311282410260262, 18.591574356333687, 0.0 ], [ 81.311283600155889, 18.591408984095882, 0.0 ], [ 81.311300256238965, 18.591251939346744, 0.0 ], [ 81.311350225018771, 18.59112820856372, 0.0 ], [ 81.311343086220816, 18.591013993182209, 0.0 ], [ 81.311312152874052, 18.590868846946972, 0.0 ], [ 81.31123125209929, 18.590771289257386, 0.0 ], [ 81.31112417597538, 18.59072845841191, 0.0 ], [ 81.310945716300878, 18.590757012459019, 0.0 ], [ 81.310406239160756, 18.590906008986021, 0.0 ], [ 81.309864640491384, 18.590949943781091, 0.0 ], [ 81.309479993535163, 18.590419706952083, 0.0 ], [ 81.309216226810065, 18.590169052845514, 0.0 ], [ 81.30893817627647, 18.590341683028221, 0.0 ], [ 81.308886367348123, 18.590815245812955, 0.0 ], [ 81.309262479733746, 18.590785932828886, 0.0 ], [ 81.309556806900687, 18.59129479725356, 0.0 ], [ 81.309827711219711, 18.59133022175762, 0.0 ], [ 81.310076395416942, 18.591559377480607, 0.0 ], [ 81.309963999828554, 18.591810649247424, 0.0 ], [ 81.309784127793861, 18.592191162035054, 0.0 ], [ 81.309934996826641, 18.592413305641788, 0.0 ], [ 81.310092727636913, 18.592269567945031, 0.0 ], [ 81.310439087465468, 18.592426823121254, 0.0 ], [ 81.310778327121255, 18.592806481395357, 0.0 ], [ 81.310665984368555, 18.593086448559859, 0.0 ], [ 81.310734384481137, 18.593466552496917, 0.0 ], [ 81.310968000380257, 18.59368138431925, 0.0 ], [ 81.3114877276833, 18.594017699967782, 0.0 ], [ 81.311781063213814, 18.593974171356063, 0.0 ], [ 81.312092243488905, 18.593866262693414, 0.0 ] ] ] } },
{ "type": "Feature", "properties": { "OBJECTID": 128, "LAYER": "UPLAND-CULTIVATION", "AREAHA": 22.5374194308, "Shape_Leng": 3337.5769597600001, "Shape_Area": 227389.05347000001 }, "geometry": { "type": "Polygon", "coordinates": [ [ [ 81.312092243488905, 18.593866262693414, 0.0 ], [ 81.311781063213814, 18.593974171356063, 0.0 ], [ 81.3114877276833, 18.594017699967782, 0.0 ], [ 81.310968000380257, 18.59368138431925, 0.0 ], [ 81.310734384481137, 18.593466552496917, 0.0 ], [ 81.310665984368555, 18.593086448559859, 0.0 ], [ 81.310778327121255, 18.592806481395357, 0.0 ], [ 81.310439087465468, 18.592426823121254, 0.0 ], [ 81.310092727636913, 18.592269567945031, 0.0 ], [ 81.309934996826641, 18.592413305641788, 0.0 ], [ 81.309784127793861, 18.592191162035054, 0.0 ], [ 81.309963999828554, 18.591810649247424, 0.0 ], [ 81.310076395416942, 18.591559377480607, 0.0 ], [ 81.309827711219711, 18.59133022175762, 0.0 ], [ 81.309556806900687, 18.59129479725356, 0.0 ], [ 81.309262479733746, 18.590785932828886, 0.0 ], [ 81.308886367348123, 18.590815245812955, 0.0 ], [ 81.30893817627647, 18.590341683028221, 0.0 ], [ 81.309216226810065, 18.590169052845514, 0.0 ], [ 81.309479993535163, 18.590419706952083, 0.0 ], [ 81.309864640491384, 18.590949943781091, 0.0 ], [ 81.310406239160756, 18.590906008986021, 0.0 ], [ 81.310945716300878, 18.590757012459019, 0.0 ], [ 81.310810086494214, 18.590764150477689, 0.0 ], [ 81.310617350273162, 18.590733217011021, 0.0 ], [ 81.310460306314013, 18.590711802378198, 0.0 ], [ 81.310381057949826, 18.59067382908853, 0.0 ], [ 81.310346092122913, 18.590657074337091, 0.0 ], [ 81.310262810630746, 18.590588070056192, 0.0 ], [ 81.310141459065719, 18.590516686480807, 0.0 ], [ 81.30976193421273, 18.590190462499102, 0.0 ], [ 81.309744802240218, 18.590032466715389, 0.0 ], [ 81.309687694864579, 18.589756448749309, 0.0 ], [ 81.30952779535977, 18.589583224610287, 0.0 ], [ 81.309398352380484, 18.589449974426149, 0.0 ], [ 81.309363023418754, 18.589339167064129, 0.0 ], [ 81.308773483396365, 18.589404562125452, 0.0 ], [ 81.30795885425556, 18.589621111992063, 0.0 ], [ 81.307670592696283, 18.589693321905486, 0.0 ], [ 81.30756555092411, 18.589851318778106, 0.0 ], [ 81.307648615339843, 18.590023357384684, 0.0 ], [ 81.306964488506679, 18.590297081888409, 0.0 ], [ 81.307062689628239, 18.59051931287598, 0.0 ], [ 81.306717158068764, 18.590821179559306, 0.0 ], [ 81.307033996966325, 18.591301315166032, 0.0 ], [ 81.307599545564841, 18.592024957792788, 0.0 ], [ 81.307932144949731, 18.592899631692983, 0.0 ], [ 81.308309385185126, 18.593494449167242, 0.0 ], [ 81.30824237130085, 18.593881949597254, 0.0 ], [ 81.30809243164758, 18.594176324421063, 0.0 ], [ 81.307664678328933, 18.594779631709056, 0.0 ], [ 81.307447078095862, 18.595102813048339, 0.0 ], [ 81.306958771395614, 18.59550534740303, 0.0 ], [ 81.306695719408211, 18.595656428160019, 0.0 ], [ 81.306191465329505, 18.595556813008557, 0.0 ], [ 81.3056422124222, 18.595536183387424, 0.0 ], [ 81.305461955358595, 18.595708649532099, 0.0 ], [ 81.305342091120821, 18.595995799880129, 0.0 ], [ 81.305240440524429, 18.596272434920028, 0.0 ], [ 81.306291716497839, 18.595934524271492, 0.0 ], [ 81.307162599061598, 18.595863140749628, 0.0 ], [ 81.309732417102381, 18.595634713319825, 0.0 ], [ 81.311759717499768, 18.595063642263536, 0.0 ], [ 81.312495935130116, 18.594536785759587, 0.0 ], [ 81.312292491594036, 18.59424411217806, 0.0 ], [ 81.312210399968365, 18.59407992931126, 0.0 ], [ 81.312121169703929, 18.593897900838481, 0.0 ], [ 81.312092243488905, 18.593866262693414, 0.0 ] ] ] } },
{ "type": "Feature", "properties": { "OBJECTID": 129, "LAYER": "VILLAGE FOREST", "AREAHA": 0.69495023539300005, "Shape_Leng": 361.87497900099999, "Shape_Area": 7011.4569841499997 }, "geometry": { "type": "Polygon", "coordinates": [ [ [ 81.315790299109537, 18.613265365107729, 0.0 ], [ 81.315544321926112, 18.613337482076616, 0.0 ], [ 81.315344447802786, 18.613694401440203, 0.0 ], [ 81.315530045415187, 18.613703919311945, 0.0 ], [ 81.316158222598375, 18.61389903522101, 0.0 ], [ 81.316343821168473, 18.613870481857372, 0.0 ], [ 81.316343821497625, 18.613665847805375, 0.0 ], [ 81.316708770550278, 18.613510449455021, 0.0 ], [ 81.316556485735248, 18.613362922115968, 0.0 ], [ 81.316413717231455, 18.613234431475018, 0.0 ], [ 81.316351851468269, 18.613186842259186, 0.0 ], [ 81.316247156106343, 18.613144012626964, 0.0 ], [ 81.316066316851618, 18.613220154993389, 0.0 ], [ 81.315790299109537, 18.613265365107729, 0.0 ] ] ] } },
{ "type": "Feature", "properties": { "OBJECTID": 130, "LAYER": "UPLAND-CULTIVATION", "AREAHA": 2.0662184685899998, "Shape_Leng": 598.84979290900003, "Shape_Area": 20846.775126500001 }, "geometry": { "type": "Polygon", "coordinates": [ [ [ 81.309953143929903, 18.614324960949578, 0.0 ], [ 81.309816085962439, 18.614559099506195, 0.0 ], [ 81.309686168370902, 18.614848917168793, 0.0 ], [ 81.309557676718526, 18.615094478083723, 0.0 ], [ 81.309434896888064, 18.615331471646769, 0.0 ], [ 81.309349236066026, 18.615519925647384, 0.0 ], [ 81.309270030430213, 18.615713083737745, 0.0 ], [ 81.309377763288936, 18.61569916210815, 0.0 ], [ 81.309520661089167, 18.615641963012038, 0.0 ], [ 81.310024729140906, 18.615605263922539, 0.0 ], [ 81.310175528675302, 18.61577718950743, 0.0 ], [ 81.310792423705138, 18.615718780573236, 0.0 ], [ 81.311153345933491, 18.615581880381043, 0.0 ], [ 81.310820684397044, 18.614707215788378, 0.0 ], [ 81.310586973815262, 18.614456514903864, 0.0 ], [ 81.310240490938355, 18.614256217826021, 0.0 ], [ 81.309953143929903, 18.614324960949578, 0.0 ] ] ] } },
{ "type": "Feature", "properties": { "OBJECTID": 131, "LAYER": "VILLAGE FOREST", "AREAHA": 13.744563662599999, "Shape_Leng": 1877.017482, "Shape_Area": 138672.59064800001 }, "geometry": { "type": "Polygon", "coordinates": [ [ [ 81.314947204012952, 18.613712893973894, 0.0 ], [ 81.314685867857349, 18.613438190613941, 0.0 ], [ 81.314112679518161, 18.612707411127637, 0.0 ], [ 81.31367564281544, 18.612363792860958, 0.0 ], [ 81.312923298403078, 18.612408088178817, 0.0 ], [ 81.312170928674917, 18.612438032435978, 0.0 ], [ 81.311734536024233, 18.612445929969468, 0.0 ], [ 81.311022918858455, 18.612564895223237, 0.0 ], [ 81.310948233977655, 18.612745949505065, 0.0 ], [ 81.310903975783873, 18.612867302257023, 0.0 ], [ 81.31084686895602, 18.613074315717604, 0.0 ], [ 81.310816887945933, 18.613195668251667, 0.0 ], [ 81.310792617815395, 18.613242781040114, 0.0 ], [ 81.310691252505777, 18.613344146321911, 0.0 ], [ 81.310559906023883, 18.61346692662126, 0.0 ], [ 81.310479956096259, 18.613578284616651, 0.0 ], [ 81.3103400431458, 18.613751033756714, 0.0 ], [ 81.310194420688916, 18.613935204668909, 0.0 ], [ 81.310111615924967, 18.614059412255703, 0.0 ], [ 81.310034520590818, 18.614157921860016, 0.0 ], [ 81.309953143929903, 18.614324960949578, 0.0 ], [ 81.310240490938355, 18.614256217826021, 0.0 ], [ 81.310586973815262, 18.614456514903864, 0.0 ], [ 81.310820684397044, 18.614707215788378, 0.0 ], [ 81.311153345933491, 18.615581880381043, 0.0 ], [ 81.310792423705138, 18.615718780573236, 0.0 ], [ 81.310175528675302, 18.61577718950743, 0.0 ], [ 81.310024729140906, 18.615605263922539, 0.0 ], [ 81.309520661089167, 18.615641963012038, 0.0 ], [ 81.309377763288936, 18.61569916210815, 0.0 ], [ 81.309452194475398, 18.615772994733668, 0.0 ], [ 81.309452900701444, 18.61581521929002, 0.0 ], [ 81.309490625410461, 18.615811620092323, 0.0 ], [ 81.309582842246357, 18.615796104272185, 0.0 ], [ 81.309672669752842, 18.615821722525517, 0.0 ], [ 81.309767143282201, 18.615836715698141, 0.0 ], [ 81.309911867772797, 18.615859681186457, 0.0 ], [ 81.310334679597048, 18.615930253526376, 0.0 ], [ 81.310425104459938, 18.615953795616925, 0.0 ], [ 81.310518288220408, 18.615962426049659, 0.0 ], [ 81.31082342640579, 18.615985595498579, 0.0 ], [ 81.31090976392737, 18.615992151954625, 0.0 ], [ 81.311001013460356, 18.616012461728964, 0.0 ], [ 81.311093970566731, 18.616001876600894, 0.0 ], [ 81.311401616004773, 18.61602697294623, 0.0 ], [ 81.311428799540593, 18.616028552422751, 0.0 ], [ 81.311662061475289, 18.616042108939698, 0.0 ], [ 81.311756371761689, 18.616062834349993, 0.0 ], [ 81.311936738713541, 18.616071393897737, 0.0 ], [ 81.312025319249017, 18.616042071238351, 0.0 ], [ 81.312113978897727, 18.616012980489046, 0.0 ], [ 81.312528160566558, 18.615886018393027, 0.0 ], [ 81.312870598345569, 18.615796552485293, 0.0 ], [ 81.312890182624557, 18.615793464109768, 0.0 ], [ 81.313058850055697, 18.615212852851247, 0.0 ], [ 81.313298981348581, 18.614858542172112, 0.0 ], [ 81.313499261562299, 18.614657340129135, 0.0 ], [ 81.314349832812894, 18.614636668291315, 0.0 ], [ 81.314659162586281, 18.614208364941092, 0.0 ], [ 81.314744823528883, 18.613918070413447, 0.0 ], [ 81.314920903679536, 18.613737231981673, 0.0 ], [ 81.314947204012952, 18.613712893973894, 0.0 ] ] ] } },
{ "type": "Feature", "properties": { "OBJECTID": 132, "LAYER": "SCRUB LAND", "AREAHA": 10.404698232, "Shape_Leng": 1895.2687681100001, "Shape_Area": 104975.439404 }, "geometry": { "type": "Polygon", "coordinates": [ [ [ 81.311022918858455, 18.612564895223237, 0.0 ], [ 81.311734536024233, 18.612445929969468, 0.0 ], [ 81.312170928674917, 18.612438032435978, 0.0 ], [ 81.312923298403078, 18.612408088178817, 0.0 ], [ 81.31367564281544, 18.612363792860958, 0.0 ], [ 81.314112679518161, 18.612707411127637, 0.0 ], [ 81.314685867857349, 18.613438190613941, 0.0 ], [ 81.314947204012952, 18.613712893973894, 0.0 ], [ 81.31523975130149, 18.613442178747189, 0.0 ], [ 81.315339689027653, 18.613161402296512, 0.0 ], [ 81.315544322584572, 18.61308049990404, 0.0 ], [ 81.315680234591198, 18.61305962527943, 0.0 ], [ 81.315939211637257, 18.613036037929742, 0.0 ], [ 81.315956861078732, 18.613027418840574, 0.0 ], [ 81.316259222765936, 18.612907091249422, 0.0 ], [ 81.316120151632717, 18.612552260154128, 0.0 ], [ 81.315963107747123, 18.612438046136116, 0.0 ], [ 81.315420589919569, 18.612438045821399, 0.0 ], [ 81.315154090581586, 18.612395216072223, 0.0 ], [ 81.314982769616492, 18.612466599927256, 0.0 ], [ 81.314820965623653, 18.612428527633913, 0.0 ], [ 81.314778136020479, 18.612223894614246, 0.0 ], [ 81.314502118853412, 18.611962154167365, 0.0 ], [ 81.314478323895116, 18.61156240466698, 0.0 ], [ 81.314659163005459, 18.611424395225434, 0.0 ], [ 81.314920903576734, 18.611586199678364, 0.0 ], [ 81.315030358363245, 18.61164330597402, 0.0 ], [ 81.315234992195528, 18.611605234482319, 0.0 ], [ 81.315425349205995, 18.611619510747946, 0.0 ], [ 81.314875296311072, 18.610896394887131, 0.0 ], [ 81.314797250356648, 18.610793602059193, 0.0 ], [ 81.314751564139698, 18.610763145572438, 0.0 ], [ 81.314616410731759, 18.61067558060131, 0.0 ], [ 81.31445080063348, 18.610626087841165, 0.0 ], [ 81.314296611028752, 18.610593727792754, 0.0 ], [ 81.314052955311269, 18.610576595330937, 0.0 ], [ 81.313881633357227, 18.610574691468468, 0.0 ], [ 81.313790262481291, 18.610523295556757, 0.0 ], [ 81.313729348019379, 18.610498548649414, 0.0 ], [ 81.313613230311759, 18.61042240690027, 0.0 ], [ 81.313436198350914, 18.61026441034338, 0.0 ], [ 81.313404082590438, 18.610244689680936, 0.0 ], [ 81.313352850028807, 18.610213231262833, 0.0 ], [ 81.313219191745418, 18.610131160013605, 0.0 ], [ 81.313001232404162, 18.610020753088666, 0.0 ], [ 81.312847043838829, 18.609928430551637, 0.0 ], [ 81.31275091355468, 18.609854190465168, 0.0 ], [ 81.312674770496585, 18.609802794700244, 0.0 ], [ 81.312550086889644, 18.609711422816613, 0.0 ], [ 81.31248822094841, 18.609652412399424, 0.0 ], [ 81.312433017538396, 18.609572462609734, 0.0 ], [ 81.312387332151957, 18.609501078974318, 0.0 ], [ 81.312314044628849, 18.609403996898436, 0.0 ], [ 81.3122318753814, 18.60934166142717, 0.0 ], [ 81.312219579808726, 18.609418511482676, 0.0 ], [ 81.312193406035675, 18.609575556628958, 0.0 ], [ 81.312121387251139, 18.609871878613625, 0.0 ], [ 81.312054286298689, 18.610014646039133, 0.0 ], [ 81.311935789648857, 18.610283048927617, 0.0 ], [ 81.311815388294775, 18.610629974117028, 0.0 ], [ 81.311760185437336, 18.610807005884602, 0.0 ], [ 81.311674525517844, 18.611128709414061, 0.0 ], [ 81.31163566011125, 18.611253313847634, 0.0 ], [ 81.311540482172077, 18.611496970454109, 0.0 ], [ 81.311454821087452, 18.61165115969305, 0.0 ], [ 81.311372968010701, 18.611803445050462, 0.0 ], [ 81.311170951736045, 18.612204859691595, 0.0 ], [ 81.311042461324632, 18.612517522011498, 0.0 ], [ 81.311022918858455, 18.612564895223237, 0.0 ] ] ] } },
{ "type": "Feature", "properties": { "OBJECTID": 133, "LAYER": "UPLAND-CULTIVATION", "AREAHA": 2.2620798114, "Shape_Leng": 702.89502809700002, "Shape_Area": 22823.658732100001 }, "geometry": { "type": "Polygon", "coordinates": [ [ [ 81.299769792537788, 18.588008700398905, 0.0 ], [ 81.299790702378573, 18.588114482986214, 0.0 ], [ 81.29984106762933, 18.588478228625757, 0.0 ], [ 81.300182620134592, 18.588305379724055, 0.0 ], [ 81.300446171634519, 18.588442460182261, 0.0 ], [ 81.300615601001866, 18.588531863478689, 0.0 ], [ 81.301154415813514, 18.588333720531679, 0.0 ], [ 81.301675021935864, 18.588476366396165, 0.0 ], [ 81.301781431419428, 18.588380543779081, 0.0 ], [ 81.301409292302694, 18.587101791154549, 0.0 ], [ 81.301321333505555, 18.586994323170895, 0.0 ], [ 81.300976439428837, 18.5869470483361, 0.0 ], [ 81.30064436833463, 18.587061165620124, 0.0 ], [ 81.300350728556126, 18.587641524783091, 0.0 ], [ 81.300451236516238, 18.587754951684918, 0.0 ], [ 81.300175679898473, 18.587922781977003, 0.0 ], [ 81.300118995286866, 18.587773415208172, 0.0 ], [ 81.299769792537788, 18.588008700398905, 0.0 ] ] ] } },
{ "type": "Feature", "properties": { "OBJECTID": 134, "LAYER": "UPLAND-CULTIVATION", "AREAHA": 6.9726380202999998, "Shape_Leng": 1444.78439699, "Shape_Area": 70350.8626372 }, "geometry": { "type": "Polygon", "coordinates": [ [ [ 81.305800408745483, 18.585023994454648, 0.0 ], [ 81.305799893279413, 18.585023938322518, 0.0 ], [ 81.305649988326593, 18.585016800792204, 0.0 ], [ 81.30543940596462, 18.584998954164593, 0.0 ], [ 81.305231483831861, 18.584969897223054, 0.0 ], [ 81.304848788335093, 18.585029312564885, 0.0 ], [ 81.304795941582427, 18.585037868936134, 0.0 ], [ 81.304891773416628, 18.585278799503211, 0.0 ], [ 81.305494149449473, 18.585576736982254, 0.0 ], [ 81.305456833039813, 18.585744188936349, 0.0 ], [ 81.304441473663118, 18.585889309959338, 0.0 ], [ 81.303977445564243, 18.585830276151576, 0.0 ], [ 81.303513670682477, 18.585914719512253, 0.0 ], [ 81.303100029487624, 18.585987123388897, 0.0 ], [ 81.302761744024608, 18.586131146082085, 0.0 ], [ 81.302335647372047, 18.586251394702813, 0.0 ], [ 81.302713004562889, 18.586932311512019, 0.0 ], [ 81.302976187460146, 18.58686014943871, 0.0 ], [ 81.303177226758066, 18.587098956740025, 0.0 ], [ 81.30340283586473, 18.587050767547446, 0.0 ], [ 81.303978290741725, 18.588456224377992, 0.0 ], [ 81.304708947142444, 18.588232356057102, 0.0 ], [ 81.304721103034325, 18.58801711909598, 0.0 ], [ 81.30546034815616, 18.587717009338828, 0.0 ], [ 81.305384008764918, 18.587095393931985, 0.0 ], [ 81.305521783452321, 18.587011475000065, 0.0 ], [ 81.305332619081042, 18.586401999535635, 0.0 ], [ 81.305758671912074, 18.586257830289689, 0.0 ], [ 81.305933442448122, 18.585827111785221, 0.0 ], [ 81.305800408745483, 18.585023994454648, 0.0 ] ] ] } },
{ "type": "Feature", "properties": { "OBJECTID": 135, "LAYER": "VILLAGE FOREST", "AREAHA": 22.946347353699998, "Shape_Leng": 4448.5065755400001, "Shape_Area": 231519.18295399999 }, "geometry": { "type": "Polygon", "coordinates": [ [ [ 81.300067803357919, 18.589272444840457, 0.0 ], [ 81.300284510013299, 18.589207934685536, 0.0 ], [ 81.300698560242338, 18.589362709430347, 0.0 ], [ 81.301200318406387, 18.589481474063472, 0.0 ], [ 81.301652658818526, 18.590018793743504, 0.0 ], [ 81.301075584850025, 18.590267124346301, 0.0 ], [ 81.301171080961083, 18.590381754128867, 0.0 ], [ 81.301322143309037, 18.590721077570571, 0.0 ], [ 81.301392352931543, 18.590716183088034, 0.0 ], [ 81.301723267841965, 18.590653479886392, 0.0 ], [ 81.301825957292138, 18.590635030938042, 0.0 ], [ 81.302144562573304, 18.59064802189739, 0.0 ], [ 81.302686078102326, 18.59055628363976, 0.0 ], [ 81.302971836363113, 18.590484085633957, 0.0 ], [ 81.303167313728238, 18.59041203169491, 0.0 ], [ 81.303352566156221, 18.59022999511269, 0.0 ], [ 81.30360799262931, 18.590023930975242, 0.0 ], [ 81.303873229204015, 18.589693504378562, 0.0 ], [ 81.304163635653509, 18.58941564411727, 0.0 ], [ 81.304168099609242, 18.589104767675938, 0.0 ], [ 81.304619084253844, 18.588874473878985, 0.0 ], [ 81.304914622467848, 18.58866356190601, 0.0 ], [ 81.305180177262372, 18.588514870959212, 0.0 ], [ 81.305570956797013, 18.588275107020443, 0.0 ], [ 81.305961913686403, 18.588135777388132, 0.0 ], [ 81.306066811257836, 18.587896477083529, 0.0 ], [ 81.306362320362098, 18.587671214064692, 0.0 ], [ 81.306587886294167, 18.587599108533635, 0.0 ], [ 81.306858685341908, 18.587579537336016, 0.0 ], [ 81.307174546352243, 18.58751684880367, 0.0 ], [ 81.307435270856232, 18.587473380777425, 0.0 ], [ 81.307740945169485, 18.587324620690698, 0.0 ], [ 81.308072075298853, 18.587386253821006, 0.0 ], [ 81.308316327545953, 18.587347380729472, 0.0 ], [ 81.308290476474298, 18.587217088683694, 0.0 ], [ 81.308326644535853, 18.587087645666013, 0.0 ], [ 81.308359004402533, 18.586977237984545, 0.0 ], [ 81.308372329658425, 18.586882059989346, 0.0 ], [ 81.30843324384459, 18.586745002493306, 0.0 ], [ 81.308442760994836, 18.586613656451835, 0.0 ], [ 81.308387557579778, 18.586533706773363, 0.0 ], [ 81.308286668496208, 18.586421395945262, 0.0 ], [ 81.308147707868812, 18.586242460257299, 0.0 ], [ 81.308029686903438, 18.586124438699592, 0.0 ], [ 81.307953543945402, 18.586063524753772, 0.0 ], [ 81.307784126707105, 18.586044488813872, 0.0 ], [ 81.307510013146526, 18.586086368398423, 0.0 ], [ 81.307334884158735, 18.586071139837191, 0.0 ], [ 81.307199017300917, 18.586055434422377, 0.0 ], [ 81.30710978743933, 18.586083988701105, 0.0 ], [ 81.306959881328694, 18.586094696409262, 0.0 ], [ 81.306877789314086, 18.586080418540064, 0.0 ], [ 81.306799267529769, 18.586030451007382, 0.0 ], [ 81.306760006042623, 18.585959067342912, 0.0 ], [ 81.306735022320197, 18.585848421398207, 0.0 ], [ 81.306713607688636, 18.585641408214833, 0.0 ], [ 81.306674345797589, 18.585441534136063, 0.0 ], [ 81.306563700974465, 18.585309474019979, 0.0 ], [ 81.306349549215781, 18.585213105302255, 0.0 ], [ 81.306156812462063, 18.585131014892212, 0.0 ], [ 81.306028322094292, 18.585048922297759, 0.0 ], [ 81.305800408745483, 18.585023994454648, 0.0 ], [ 81.305933442448122, 18.585827111785221, 0.0 ], [ 81.305758671912074, 18.586257830289689, 0.0 ], [ 81.305332619081042, 18.586401999535635, 0.0 ], [ 81.305521783452321, 18.587011475000065, 0.0 ], [ 81.305384008764918, 18.587095393931985, 0.0 ], [ 81.30546034815616, 18.587717009338828, 0.0 ], [ 81.304721103034325, 18.58801711909598, 0.0 ], [ 81.304708947142444, 18.588232356057102, 0.0 ], [ 81.303978290741725, 18.588456224377992, 0.0 ], [ 81.30340283586473, 18.587050767547446, 0.0 ], [ 81.303177226758066, 18.587098956740025, 0.0 ], [ 81.302976187460146, 18.58686014943871, 0.0 ], [ 81.302713004562889, 18.586932311512019, 0.0 ], [ 81.302335647372047, 18.586251394702813, 0.0 ], [ 81.302761744024608, 18.586131146082085, 0.0 ], [ 81.303100029487624, 18.585987123388897, 0.0 ], [ 81.303513670682477, 18.585914719512253, 0.0 ], [ 81.303977445564243, 18.585830276151576, 0.0 ], [ 81.304441473663118, 18.585889309959338, 0.0 ], [ 81.305456833039813, 18.585744188936349, 0.0 ], [ 81.305494149449473, 18.585576736982254, 0.0 ], [ 81.304891773416628, 18.585278799503211, 0.0 ], [ 81.304795941582427, 18.585037868936134, 0.0 ], [ 81.304600870771139, 18.585069451534149, 0.0 ], [ 81.304507458503153, 18.58507497591285, 0.0 ], [ 81.304419334763537, 18.585105534846445, 0.0 ], [ 81.304157713383873, 18.58516849812413, 0.0 ], [ 81.304065930816151, 18.585186218482569, 0.0 ], [ 81.303975627903142, 18.585210044901491, 0.0 ], [ 81.303732954889881, 18.585273838504992, 0.0 ], [ 81.303713123248244, 18.585279051850399, 0.0 ], [ 81.303696852694685, 18.585304874102931, 0.0 ], [ 81.303682686369442, 18.585327356377139, 0.0 ], [ 81.303654454934986, 18.585335731426387, 0.0 ], [ 81.303371479493777, 18.585418665798517, 0.0 ], [ 81.303381405735536, 18.585381897986601, 0.0 ], [ 81.302846476448977, 18.585559975922095, 0.0 ], [ 81.302757490826593, 18.585588087984011, 0.0 ], [ 81.302678472105981, 18.585636761882711, 0.0 ], [ 81.302266939153569, 18.585832322458376, 0.0 ], [ 81.302148947931315, 18.585873614314071, 0.0 ], [ 81.301620227206286, 18.586079209936017, 0.0 ], [ 81.301541596256371, 18.586127650117369, 0.0 ], [ 81.301458459815663, 18.586164047190199, 0.0 ], [ 81.301189352055729, 18.586310703143205, 0.0 ], [ 81.300947186351877, 18.586443822635729, 0.0 ], [ 81.30086695626359, 18.586490949118353, 0.0 ], [ 81.300810323728086, 18.586572679517833, 0.0 ], [ 81.300469092204239, 18.58694085069305, 0.0 ], [ 81.300237132814615, 18.587189933280399, 0.0 ], [ 81.300172490605391, 18.587254028888644, 0.0 ], [ 81.299969448570707, 18.587455349977304, 0.0 ], [ 81.299901357078895, 18.587536519794998, 0.0 ], [ 81.299817306103378, 18.587515928168354, 0.0 ], [ 81.299682226125569, 18.587567827221051, 0.0 ], [ 81.299750252511032, 18.587909849704054, 0.0 ], [ 81.299769792537788, 18.588008700398905, 0.0 ], [ 81.300118995286866, 18.587773415208172, 0.0 ], [ 81.300175679898473, 18.587922781977003, 0.0 ], [ 81.300451236516238, 18.587754951684918, 0.0 ], [ 81.300350728556126, 18.587641524783091, 0.0 ], [ 81.30064436833463, 18.587061165620124, 0.0 ], [ 81.300976439428837, 18.5869470483361, 0.0 ], [ 81.301321333505555, 18.586994323170895, 0.0 ], [ 81.301409292302694, 18.587101791154549, 0.0 ], [ 81.301781431419428, 18.588380543779081, 0.0 ], [ 81.301675021935864, 18.588476366396165, 0.0 ], [ 81.301154415813514, 18.588333720531679, 0.0 ], [ 81.300615601001866, 18.588531863478689, 0.0 ], [ 81.300446171634519, 18.588442460182261, 0.0 ], [ 81.300182620134592, 18.588305379724055, 0.0 ], [ 81.29984106762933, 18.588478228625757, 0.0 ], [ 81.299854948568949, 18.58857847852083, 0.0 ], [ 81.299966783658306, 18.588980607927262, 0.0 ], [ 81.300067803357919, 18.589272444840457, 0.0 ] ] ] } },
{ "type": "Feature", "properties": { "OBJECTID": 136, "LAYER": "UPLAND-CULTIVATION", "AREAHA": 16.253578943000001, "Shape_Leng": 3557.0717335, "Shape_Area": 163992.03584500001 }, "geometry": { "type": "Polygon", "coordinates": [ [ [ 81.305451361932057, 18.588710518990222, 0.0 ], [ 81.304915055955291, 18.588907473974881, 0.0 ], [ 81.304754969186661, 18.589137297612794, 0.0 ], [ 81.30455995214173, 18.589467612586066, 0.0 ], [ 81.304234429416965, 18.58974074761035, 0.0 ], [ 81.304049441753008, 18.590071046163704, 0.0 ], [ 81.303884438920122, 18.590358268485929, 0.0 ], [ 81.303493746251917, 18.590650636548524, 0.0 ], [ 81.303132789203858, 18.590742087318326, 0.0 ], [ 81.302721651702853, 18.590819269858812, 0.0 ], [ 81.302064684993312, 18.590858584848903, 0.0 ], [ 81.301407769511158, 18.590926592840859, 0.0 ], [ 81.30113168801752, 18.590797904322528, 0.0 ], [ 81.30090109993256, 18.590870011319765, 0.0 ], [ 81.300900251802645, 18.590386968866223, 0.0 ], [ 81.301075584850025, 18.590267124346301, 0.0 ], [ 81.301652658818526, 18.590018793743504, 0.0 ], [ 81.301200318406387, 18.589481474063472, 0.0 ], [ 81.300698560242338, 18.589362709430347, 0.0 ], [ 81.300284510013299, 18.589207934685536, 0.0 ], [ 81.300067803357919, 18.589272444840457, 0.0 ], [ 81.300073859231702, 18.589289937232621, 0.0 ], [ 81.300240421334735, 18.589782485070032, 0.0 ], [ 81.300290390115393, 18.589908597023108, 0.0 ], [ 81.300421261086839, 18.590253618608294, 0.0 ], [ 81.300625894393505, 18.590965077530793, 0.0 ], [ 81.30073059097721, 18.591307720657884, 0.0 ], [ 81.300842424826016, 18.591859754377666, 0.0 ], [ 81.300868599090549, 18.59204535341722, 0.0 ], [ 81.300882875208458, 18.592385615912878, 0.0 ], [ 81.300897151813146, 18.592754432731304, 0.0 ], [ 81.300911428943422, 18.59302093249363, 0.0 ], [ 81.30093760349304, 18.593263636585675, 0.0 ], [ 81.300980434160294, 18.593577726367418, 0.0 ], [ 81.300982463169632, 18.593601823994739, 0.0 ], [ 81.301357974329278, 18.593570350964423, 0.0 ], [ 81.301632169509872, 18.592625347969484, 0.0 ], [ 81.301706266583864, 18.591979576841389, 0.0 ], [ 81.302182322644185, 18.591739684241045, 0.0 ], [ 81.302408233791027, 18.591858886480328, 0.0 ], [ 81.302484395602406, 18.592384851741837, 0.0 ], [ 81.303863974530231, 18.592550023566353, 0.0 ], [ 81.304654331153571, 18.592775920877351, 0.0 ], [ 81.304140679289233, 18.593027837626533, 0.0 ], [ 81.304028252945685, 18.593267149285506, 0.0 ], [ 81.303803399070532, 18.593745772137588, 0.0 ], [ 81.303577549115104, 18.593662440503806, 0.0 ], [ 81.303201610609463, 18.593794567913758, 0.0 ], [ 81.30306452776955, 18.594273049046237, 0.0 ], [ 81.303441609795073, 18.59478657215605, 0.0 ], [ 81.304093959169876, 18.595543055780681, 0.0 ], [ 81.304546007090025, 18.595322833359614, 0.0 ], [ 81.304331163895668, 18.594378616218918, 0.0 ], [ 81.30433050558203, 18.594007964783987, 0.0 ], [ 81.305007486039159, 18.593935131687228, 0.0 ], [ 81.305307634646908, 18.593492254838289, 0.0 ], [ 81.305619916012901, 18.592822183231863, 0.0 ], [ 81.305618721163484, 18.592152620484626, 0.0 ], [ 81.305241106124882, 18.591340189445624, 0.0 ], [ 81.304802394877939, 18.591424594888839, 0.0 ], [ 81.304137030054022, 18.59097132227015, 0.0 ], [ 81.304763119923862, 18.590492050448162, 0.0 ], [ 81.304938301292083, 18.590288506090573, 0.0 ], [ 81.304862005558562, 18.589690803929415, 0.0 ], [ 81.305713956038716, 18.589306815195702, 0.0 ], [ 81.305451361932057, 18.588710518990222, 0.0 ] ] ] } },
{ "type": "Feature", "properties": { "OBJECTID": 137, "LAYER": "UPLAND-CULTIVATION", "AREAHA": 1.37391863417, "Shape_Leng": 554.35277728999995, "Shape_Area": 13860.5948766 }, "geometry": { "type": "Polygon", "coordinates": [ [ [ 81.341365298545895, 18.588344976365637, 0.0 ], [ 81.34123198028378, 18.588311414582854, 0.0 ], [ 81.341119265594259, 18.588264052681222, 0.0 ], [ 81.340944512893188, 18.588137594471046, 0.0 ], [ 81.340901193459615, 18.588150018825651, 0.0 ], [ 81.340153155376981, 18.588258397563372, 0.0 ], [ 81.340046846410047, 18.588103994414382, 0.0 ], [ 81.33946101176366, 18.588253699106225, 0.0 ], [ 81.339311679343993, 18.588414509040589, 0.0 ], [ 81.339540392478483, 18.589070225889255, 0.0 ], [ 81.339743267976715, 18.589091569420219, 0.0 ], [ 81.340011368905408, 18.589079194548738, 0.0 ], [ 81.340241466299858, 18.588769589761402, 0.0 ], [ 81.340746336602308, 18.588667596550586, 0.0 ], [ 81.341357113038868, 18.58851784236991, 0.0 ], [ 81.341365298545895, 18.588344976365637, 0.0 ] ] ] } },
{ "type": "Feature", "properties": { "OBJECTID": 138, "LAYER": "UPLAND-CULTIVATION", "AREAHA": 0.81526791437599999, "Shape_Leng": 382.43206428600001, "Shape_Area": 8224.7455099300005 }, "geometry": { "type": "Polygon", "coordinates": [ [ [ 81.340064117646094, 18.587739025252173, 0.0 ], [ 81.339944439969727, 18.587628434636009, 0.0 ], [ 81.339691712226539, 18.587418070536284, 0.0 ], [ 81.339628230163115, 18.587365230289812, 0.0 ], [ 81.339618139403484, 18.587356830100802, 0.0 ], [ 81.339567892789603, 18.587280082068514, 0.0 ], [ 81.339498788887553, 18.587218716070183, 0.0 ], [ 81.339219542580366, 18.587011257275268, 0.0 ], [ 81.339164607209668, 18.586937605318067, 0.0 ], [ 81.338948402830312, 18.587267135553429, 0.0 ], [ 81.338820307937823, 18.587353980270471, 0.0 ], [ 81.339180087622751, 18.588087718083798, 0.0 ], [ 81.340064117646094, 18.587739025252173, 0.0 ] ] ] } },
{ "type": "Feature", "properties": { "OBJECTID": 139, "LAYER": "VILLAGE FOREST", "AREAHA": 22.340832827900002, "Shape_Leng": 4256.2657827000003, "Shape_Area": 225398.22127099999 }, "geometry": { "type": "Polygon", "coordinates": [ [ [ 81.313862622130245, 18.596230169492273, 0.0 ], [ 81.314154977908885, 18.596361214934426, 0.0 ], [ 81.313735345838296, 18.59724335980912, 0.0 ], [ 81.314472101571511, 18.597007823336352, 0.0 ], [ 81.314623747510822, 18.596750946734257, 0.0 ], [ 81.315197152931617, 18.596772303637348, 0.0 ], [ 81.315356336868163, 18.597171571899302, 0.0 ], [ 81.315497612918847, 18.597013170592597, 0.0 ], [ 81.31561896602166, 18.597191630208091, 0.0 ], [ 81.315833117307989, 18.597562826269527, 0.0 ], [ 81.316646893069048, 18.597305843792075, 0.0 ], [ 81.316618339232491, 18.597048862169967, 0.0 ], [ 81.316618339091676, 18.596392130505716, 0.0 ], [ 81.317232240906804, 18.596106595000286, 0.0 ], [ 81.317703373991534, 18.59636357754794, 0.0 ], [ 81.318003185578164, 18.596820434260245, 0.0 ], [ 81.318217337547139, 18.597348674362554, 0.0 ], [ 81.318217337544638, 18.597734147288531, 0.0 ], [ 81.317760481505488, 18.598033959233607, 0.0 ], [ 81.318174507194101, 18.598490815588157, 0.0 ], [ 81.318439519505603, 18.599155280359618, 0.0 ], [ 81.318686983751746, 18.599193351179927, 0.0 ], [ 81.318848786344034, 18.599745386731787, 0.0 ], [ 81.319465960161594, 18.599798924068281, 0.0 ], [ 81.319484995252878, 18.599056532505109, 0.0 ], [ 81.319789566283049, 18.598656783049659, 0.0 ], [ 81.320512922854917, 18.598828103923509, 0.0 ], [ 81.321083993569673, 18.599265924966343, 0.0 ], [ 81.321578920678348, 18.59958953182408, 0.0 ], [ 81.321674099267767, 18.599894102891032, 0.0 ], [ 81.320950743784579, 18.599932173946424, 0.0 ], [ 81.32089363596873, 18.600731672676833, 0.0 ], [ 81.320879743757885, 18.600940060502754, 0.0 ], [ 81.320872415957183, 18.601049979271906, 0.0 ], [ 81.320855564872971, 18.601302742823869, 0.0 ], [ 81.320893636391617, 18.602045135702717, 0.0 ], [ 81.321504574971783, 18.602688818635112, 0.0 ], [ 81.321761557181006, 18.602427077974014, 0.0 ], [ 81.32181866346393, 18.602346177191514, 0.0 ], [ 81.321951913312446, 18.602289070069482, 0.0 ], [ 81.322204136823899, 18.602255757142593, 0.0 ], [ 81.322227930501498, 18.602084435550804, 0.0 ], [ 81.322185100625504, 18.601751311362555, 0.0 ], [ 81.32214227015713, 18.601618061458147, 0.0 ], [ 81.322094680557214, 18.601503847535415, 0.0 ], [ 81.321989984498643, 18.601361079972282, 0.0 ], [ 81.322032815065299, 18.601204035086575, 0.0 ], [ 81.322104198755824, 18.601089821656064, 0.0 ], [ 81.322304073882549, 18.600980366094333, 0.0 ], [ 81.322532501366837, 18.600823321963418, 0.0 ], [ 81.32241828771528, 18.600675795301228, 0.0 ], [ 81.322423046999248, 18.600276045573509, 0.0 ], [ 81.322513466684157, 18.599990510252866, 0.0 ], [ 81.322577674328784, 18.599924230446742, 0.0 ], [ 81.322660993240476, 18.599838225027341, 0.0 ], [ 81.322684787640355, 18.599785876294899, 0.0 ], [ 81.322632439171144, 18.59969545641297, 0.0 ], [ 81.322637197569009, 18.599566966584156, 0.0 ], [ 81.322665751571364, 18.59946702938387, 0.0 ], [ 81.322737134619786, 18.599438475504559, 0.0 ], [ 81.322837073174099, 18.599419440002507, 0.0 ], [ 81.323017911889821, 18.599386127231632, 0.0 ], [ 81.323094054533755, 18.599348055559066, 0.0 ], [ 81.323189233249067, 18.599300466600596, 0.0 ], [ 81.323236822572113, 18.599210046938332, 0.0 ], [ 81.323089295791846, 18.599271913090927, 0.0 ], [ 81.322875144064326, 18.599257636011583, 0.0 ], [ 81.322751412034449, 18.599200529769142, 0.0 ], [ 81.322589608250496, 18.59912914574452, 0.0 ], [ 81.322356421747813, 18.599086315405959, 0.0 ], [ 81.321975707638387, 18.59897210169575, 0.0 ], [ 81.321552164254271, 18.598900717128437, 0.0 ], [ 81.321190485962774, 18.598681806682574, 0.0 ], [ 81.320971575637103, 18.598529521812743, 0.0 ], [ 81.320776459455544, 18.598253503809701, 0.0 ], [ 81.320586102495469, 18.597763335621622, 0.0 ], [ 81.320533754580168, 18.597454005029419, 0.0 ], [ 81.320495682528318, 18.597254130272283, 0.0 ], [ 81.320310085101951, 18.596849621958611, 0.0 ], [ 81.320091175363885, 18.596483184224809, 0.0 ], [ 81.319919852943087, 18.596349934601516, 0.0 ], [ 81.319643836207234, 18.595802659248452, 0.0 ], [ 81.319515344996276, 18.595564713128901, 0.0 ], [ 81.319344024207638, 18.59528393668489, 0.0 ], [ 81.319110836159339, 18.595117374234317, 0.0 ], [ 81.318799127017215, 18.595186378537278, 0.0 ], [ 81.318706328236061, 18.595293453932253, 0.0 ], [ 81.318588545365728, 18.595521883218709, 0.0 ], [ 81.318392239956623, 18.5956396665866, 0.0 ], [ 81.318099566403973, 18.595678927637994, 0.0 ], [ 81.31796036690092, 18.595675358013796, 0.0 ], [ 81.317789045988206, 18.595625389894945, 0.0 ], [ 81.317614156334088, 18.595536160083835, 0.0 ], [ 81.317446403698099, 18.595450498624604, 0.0 ], [ 81.317308090130751, 18.595562333773461, 0.0 ], [ 81.316982172546759, 18.595616687117182, 0.0 ], [ 81.316192426287898, 18.595737579169985, 0.0 ], [ 81.315716203168734, 18.595881855498028, 0.0 ], [ 81.315539575327406, 18.595296282334747, 0.0 ], [ 81.315721139972808, 18.595158478572465, 0.0 ], [ 81.316118664572301, 18.594854444407822, 0.0 ], [ 81.315968758601755, 18.594775921760746, 0.0 ], [ 81.315911651073648, 18.594686691317509, 0.0 ], [ 81.315825990992792, 18.594647430883047, 0.0 ], [ 81.315604700643902, 18.594651000580946, 0.0 ], [ 81.315458364217548, 18.594651000606319, 0.0 ], [ 81.315322734273437, 18.594704538060522, 0.0 ], [ 81.315237074179151, 18.594929397511571, 0.0 ], [ 81.315140706350917, 18.595122133403873, 0.0 ], [ 81.314912278119579, 18.595179240556156, 0.0 ], [ 81.314705264693032, 18.595250624464402, 0.0 ], [ 81.314401884091367, 18.595339853918116, 0.0 ], [ 81.314219854852439, 18.595332715413761, 0.0 ], [ 81.314067485249709, 18.595305580960325, 0.0 ], [ 81.314261276257355, 18.595675049240956, 0.0 ], [ 81.314036053654348, 18.59593846725458, 0.0 ], [ 81.313862622130245, 18.596230169492273, 0.0 ] ] ] } },
{ "type": "Feature", "properties": { "OBJECTID": 140, "LAYER": "LOW LAND-CULTIVATION", "AREAHA": 2.91093555546, "Shape_Leng": 1759.1218504200001, "Shape_Area": 29370.078208499999 }, "geometry": { "type": "Polygon", "coordinates": [ [ [ 81.306731679434861, 18.596773439591122, 0.0 ], [ 81.306666243872755, 18.596719901148564, 0.0 ], [ 81.30661270619008, 18.596476007031878, 0.0 ], [ 81.30657998807196, 18.596354059661255, 0.0 ], [ 81.30652050141461, 18.596365956826926, 0.0 ], [ 81.306431272253391, 18.596446263932314, 0.0 ], [ 81.306392606318255, 18.596496827172448, 0.0 ], [ 81.306309324289998, 18.596505750424907, 0.0 ], [ 81.306234966320545, 18.596550364800567, 0.0 ], [ 81.306145737197113, 18.59661580075846, 0.0 ], [ 81.306062455895471, 18.596633647017793, 0.0 ], [ 81.306020814963375, 18.596633646560932, 0.0 ], [ 81.305997020793527, 18.59662174870412, 0.0 ], [ 81.305964303152919, 18.596594980293432, 0.0 ], [ 81.305892919168883, 18.596538467865205, 0.0 ], [ 81.305860201592225, 18.596511698545498, 0.0 ], [ 81.305842355516674, 18.596583082444237, 0.0 ], [ 81.305827483549308, 18.596645543385254, 0.0 ], [ 81.305776920788105, 18.596690157961813, 0.0 ], [ 81.305660921289089, 18.596663390248217, 0.0 ], [ 81.305610358082077, 18.596684209801744, 0.0 ], [ 81.305613331995602, 18.596728824592518, 0.0 ], [ 81.305613331522324, 18.596835900064047, 0.0 ], [ 81.305568717498133, 18.596922155160264, 0.0 ], [ 81.305446769920195, 18.596981641844177, 0.0 ], [ 81.305235593147643, 18.597047077350769, 0.0 ], [ 81.305066056896663, 18.597127384208008, 0.0 ], [ 81.304887596946145, 18.597270151993456, 0.0 ], [ 81.304786470264645, 18.597436713879578, 0.0 ], [ 81.304756727223619, 18.597558661030579, 0.0 ], [ 81.30467641981771, 18.597659788019104, 0.0 ], [ 81.304575292524262, 18.597701429948252, 0.0 ], [ 81.304494985750935, 18.597683583158705, 0.0 ], [ 81.304420627345692, 18.597650865790957, 0.0 ], [ 81.304390884657622, 18.597567584407603, 0.0 ], [ 81.304346268734264, 18.597534867107285, 0.0 ], [ 81.304200527520834, 18.597603277049618, 0.0 ], [ 81.304063708529, 18.597659788165227, 0.0 ], [ 81.304149964053963, 18.597823376608325, 0.0 ], [ 81.304022068243057, 18.597862042966565, 0.0 ], [ 81.303840633955318, 18.59794235025781, 0.0 ], [ 81.303822788123, 18.598001836286201, 0.0 ], [ 81.303804941948968, 18.598097014638395, 0.0 ], [ 81.3037751986205, 18.598120809301495, 0.0 ], [ 81.303724635428978, 18.598123783815979, 0.0 ], [ 81.303590790555404, 18.59810891178709, 0.0 ], [ 81.303501561120257, 18.598111886259804, 0.0 ], [ 81.303433151504208, 18.598186244075418, 0.0 ], [ 81.303406382252618, 18.598305217481709, 0.0 ], [ 81.303352844748488, 18.598340909627407, 0.0 ], [ 81.303272537582529, 18.598308191357756, 0.0 ], [ 81.303332024553782, 18.598207064672021, 0.0 ], [ 81.303537252704047, 18.598028604841655, 0.0 ], [ 81.303510483617018, 18.597915580884465, 0.0 ], [ 81.303531304279659, 18.597835273707791, 0.0 ], [ 81.303604702728862, 18.597696473829672, 0.0 ], [ 81.30332214857053, 18.597833335295714, 0.0 ], [ 81.30295095423476, 18.597976102364793, 0.0 ], [ 81.302322775401734, 18.597747674908724, 0.0 ], [ 81.30190161100829, 18.597389683995434, 0.0 ], [ 81.301867628791243, 18.597360799779842, 0.0 ], [ 81.30175170475647, 18.597262263972762, 0.0 ], [ 81.301193395153319, 18.596794757727828, 0.0 ], [ 81.301160083265259, 18.596932765293332, 0.0 ], [ 81.3011434273741, 18.596989872568678, 0.0 ], [ 81.301119449779449, 18.597027552197506, 0.0 ], [ 81.301299943722327, 18.597089848432852, 0.0 ], [ 81.301624740953784, 18.597357538042033, 0.0 ], [ 81.301688986268331, 18.597507443630061, 0.0 ], [ 81.301621172190053, 18.5976787651453, 0.0 ], [ 81.301760370456037, 18.597750148894502, 0.0 ], [ 81.301985229834671, 18.597846516974396, 0.0 ], [ 81.302149412033756, 18.597928607942123, 0.0 ], [ 81.302310026288026, 18.598146328813328, 0.0 ], [ 81.302613406918297, 18.59823912836795, 0.0 ], [ 81.302834696658763, 18.598274819949083, 0.0 ], [ 81.302884665707225, 18.598371187779136, 0.0 ], [ 81.302806143047633, 18.598563924666315, 0.0 ], [ 81.30289180461979, 18.598656723965984, 0.0 ], [ 81.303234446078278, 18.598770937648052, 0.0 ], [ 81.303685601405405, 18.598517510954924, 0.0 ], [ 81.304474702460823, 18.598021237983321, 0.0 ], [ 81.304993179578759, 18.597654530283499, 0.0 ], [ 81.305526803330864, 18.597345187222167, 0.0 ], [ 81.306225777952008, 18.596942314363318, 0.0 ], [ 81.306731679434861, 18.596773439591122, 0.0 ] ] ] } },
{ "type": "Feature", "properties": { "OBJECTID": 141, "LAYER": "UPLAND-CULTIVATION", "AREAHA": 1.95434944188, "Shape_Leng": 573.60778733999996, "Shape_Area": 19717.2994559 }, "geometry": { "type": "Polygon", "coordinates": [ [ [ 81.323331555840156, 18.590132011321245, 0.0 ], [ 81.323195961641062, 18.590038983878998, 0.0 ], [ 81.322662284075676, 18.590290984571194, 0.0 ], [ 81.322378085324416, 18.59053965067913, 0.0 ], [ 81.322747026490546, 18.591345402742288, 0.0 ], [ 81.323048864067019, 18.591825536598336, 0.0 ], [ 81.323507840913294, 18.591853445326119, 0.0 ], [ 81.323762711828024, 18.5913651823187, 0.0 ], [ 81.323935204753596, 18.591077929533444, 0.0 ], [ 81.323994998169098, 18.590869784055826, 0.0 ], [ 81.323844424379885, 18.590812651154032, 0.0 ], [ 81.323513224145898, 18.590719959873635, 0.0 ], [ 81.323331555840156, 18.590132011321245, 0.0 ] ] ] } }
]
}
