{"type": "FeatureCollection", "name": "Plotboundary", "crs": {"type": "name", "properties": {"name": "urn:ogc:def:crs:OGC:1.3:CRS84"}}, "features": [{"type": "Feature", "properties": {"OBJECTID": 1, "area_in_me": 757.400046538, "Para_Name": "Avagata Para", "Shape_Leng": 0.000320442647773, "Shape_Area": 6.02747083356e-09, "HH NO": 50, "Panchayat Name": "Samlawar", "Village Name": "Samlawar", "Respondent_Name": "Nanda Tamo", "Gender": "Male", "Respondent_Age_Group": "50-59", "Caste_Category": "ST", "Languages_Spoken": "Hindi, Gondi", "Total_School_Going_Children": 0, "Total_Children_Attending": 0, "Left_Out_Children": 0, "Dropout_Children": 0, "Last_Class_Attended": null, "Primary_Livelihood": "Agriculture", "Secondary_Livelihood": "Wage Labour", "Land_Ownership": "Own land", "Landholding_Size": "1-2.5 acre", "Irrigation_Source": "Rainfed", "Loan_Status": "No", "Loan_Purpose": "No", "Loan_Source": "No", "Distance_Bank": ">5 km", "Distance_Panchayat": ">5 km", "Distance_Police": ">5 km", "Distance_PostOffice": ">5 km", "Drinking_Water_Source": "Handpump", "Water_Available_Year": "No", "Water_Alternative": "Seasonal source", "House_Type": "Kutcha", "Electrified": "Yes", "Avg_Power_Hours": "12 + Hours", "Power_Outage_Frequency": "Rare", "Alternate_Energy": null, "Health_Facility_Type": "CHC", "Distance_Health_Facility": ">5 km", "Health_Expense_Last3Months": "<500", "Insurance_Coverage": "PM-JAY", "Healthcare_Barriers": "Transportation,Cultural Restrictions", "PDS_Type": "BPL", "PDS_Status": "Regular", "No_Pension_Availing": "Nill", "No of Persons_Pension_Eligible_But_Not_Getting": "Nill", "Pension_Type": "Nill", "Schemes_Availed": "MGNREGA", "Scheme_Barriers": "Awareness", "Skill_Training_Attended": "No", "Preferred_Skill_Area": "Agriculture", "Skill_Barriers": "No Info", "Normal_Phone": "No", "Computer": "No", "Smartphone": "No", "Network_Quality": "Poor", "Digital_Services": "No", "UPI_Usage": "No", "55_Women_Mobility": "With Permission", "Women_Decision_Participation": "Moderate", "Women_Community_Participation": "Moderate", "Women_Panchayat_Participation": "Moderate", "Discrimination_Faced": null, "Active_Institutions": "Nill", "Trust_Institutions": "Moderate", "Top_Need_1": "Water", "Top_Need_2": "Health", "Top_Need_3": "Employment", "Willing_VDP": "Yes", "Willing_GPDP": "Yes", "total_family_members": 4, "male_members": 1, "female_members": 3, "Age_0_5": 0, "Age_6_17": 0, "Age_18_35": 3, "Age_36_59": 1, "Age_60_Plus": 0, "literate_members": 1, "illiterate_members": 3}, "geometry": {"type": "Polygon", "coordinates": [[[81.33414769645907, 18.584870230177046], [81.33413107698766, 18.584812160053218], [81.33403446551824, 18.584837261930147], [81.33405108498965, 18.584895332953295], [81.33414769645907, 18.584870230177046]]]}}, {"type": "Feature", "properties": {"OBJECTID": 2, "area_in_me": 699.954818964, "Para_Name": "Avagata Para", "Shape_Leng": 0.000311814547921, "Shape_Area": 5.57035464586e-09, "HH NO": 50, "Panchayat Name": "Samlawar", "Village Name": "Samlawar", "Respondent_Name": "Nanda Tamo", "Gender": "Male", "Respondent_Age_Group": "50-59", "Caste_Category": "ST", "Languages_Spoken": "Hindi, Gondi", "Total_School_Going_Children": 0, "Total_Children_Attending": 0, "Left_Out_Children": 0, "Dropout_Children": 0, "Last_Class_Attended": null, "Primary_Livelihood": "Agriculture", "Secondary_Livelihood": "Wage Labour", "Land_Ownership": "Own land", "Landholding_Size": "1-2.5 acre", "Irrigation_Source": "Rainfed", "Loan_Status": "No", "Loan_Purpose": "No", "Loan_Source": "No", "Distance_Bank": ">5 km", "Distance_Panchayat": ">5 km", "Distance_Police": ">5 km", "Distance_PostOffice": ">5 km", "Drinking_Water_Source": "Handpump", "Water_Available_Year": "No", "Water_Alternative": "Seasonal source", "House_Type": "Kutcha", "Electrified": "Yes", "Avg_Power_Hours": "12 + Hours", "Power_Outage_Frequency": "Rare", "Alternate_Energy": null, "Health_Facility_Type": "CHC", "Distance_Health_Facility": ">5 km", "Health_Expense_Last3Months": "<500", "Insurance_Coverage": "PM-JAY", "Healthcare_Barriers": "Transportation,Cultural Restrictions", "PDS_Type": "BPL", "PDS_Status": "Regular", "No_Pension_Availing": "Nill", "No of Persons_Pension_Eligible_But_Not_Getting": "Nill", "Pension_Type": "Nill", "Schemes_Availed": "MGNREGA", "Scheme_Barriers": "Awareness", "Skill_Training_Attended": "No", "Preferred_Skill_Area": "Agriculture", "Skill_Barriers": "No Info", "Normal_Phone": "No", "Computer": "No", "Smartphone": "No", "Network_Quality": "Poor", "Digital_Services": "No", "UPI_Usage": "No", "55_Women_Mobility": "With Permission", "Women_Decision_Participation": "Moderate", "Women_Community_Participation": "Moderate", "Women_Panchayat_Participation": "Moderate", "Discrimination_Faced": null, "Active_Institutions": "Nill", "Trust_Institutions": "Moderate", "Top_Need_1": "Water", "Top_Need_2": "Health", "Top_Need_3": "Employment", "Willing_VDP": "Yes", "Willing_GPDP": "Yes", "total_family_members": 4, "male_members": 1, "female_members": 3, "Age_0_5": 0, "Age_6_17": 0, "Age_18_35": 3, "Age_36_59": 1, "Age_60_Plus": 0, "literate_members": 1, "illiterate_members": 3}, "geometry": {"type": "Polygon", "coordinates": [[[81.33473382600533, 18.586784071128022], [81.3347122548667, 18.58673295815953], [81.33461849784544, 18.586768791646477], [81.33464006898407, 18.58681999454717], [81.33473382600533, 18.586784071128022]]]}}, {"type": "Feature", "properties": {"OBJECTID": 3, "area_in_me": 705.839251317, "Para_Name": "Avagata Para", "Shape_Leng": 0.000320427246331, "Shape_Area": 5.61709879604e-09, "HH NO": 50, "Panchayat Name": "Samlawar", "Village Name": "Samlawar", "Respondent_Name": "Nanda Tamo", "Gender": "Male", "Respondent_Age_Group": "50-59", "Caste_Category": "ST", "Languages_Spoken": "Hindi, Gondi", "Total_School_Going_Children": 0, "Total_Children_Attending": 0, "Left_Out_Children": 0, "Dropout_Children": 0, "Last_Class_Attended": null, "Primary_Livelihood": "Agriculture", "Secondary_Livelihood": "Wage Labour", "Land_Ownership": "Own land", "Landholding_Size": "1-2.5 acre", "Irrigation_Source": "Rainfed", "Loan_Status": "No", "Loan_Purpose": "No", "Loan_Source": "No", "Distance_Bank": ">5 km", "Distance_Panchayat": ">5 km", "Distance_Police": ">5 km", "Distance_PostOffice": ">5 km", "Drinking_Water_Source": "Handpump", "Water_Available_Year": "No", "Water_Alternative": "Seasonal source", "House_Type": "Kutcha", "Electrified": "Yes", "Avg_Power_Hours": "12 + Hours", "Power_Outage_Frequency": "Rare", "Alternate_Energy": null, "Health_Facility_Type": "CHC", "Distance_Health_Facility": ">5 km", "Health_Expense_Last3Months": "<500", "Insurance_Coverage": "PM-JAY", "Healthcare_Barriers": "Transportation,Cultural Restrictions", "PDS_Type": "BPL", "PDS_Status": "Regular", "No_Pension_Availing": "Nill", "No of Persons_Pension_Eligible_But_Not_Getting": "Nill", "Pension_Type": "Nill", "Schemes_Availed": "MGNREGA", "Scheme_Barriers": "Awareness", "Skill_Training_Attended": "No", "Preferred_Skill_Area": "Agriculture", "Skill_Barriers": "No Info", "Normal_Phone": "No", "Computer": "No", "Smartphone": "No", "Network_Quality": "Poor", "Digital_Services": "No", "UPI_Usage": "No", "55_Women_Mobility": "With Permission", "Women_Decision_Participation": "Moderate", "Women_Community_Participation": "Moderate", "Women_Panchayat_Participation": "Moderate", "Discrimination_Faced": null, "Active_Institutions": "Nill", "Trust_Institutions": "Moderate", "Top_Need_1": "Water", "Top_Need_2": "Health", "Top_Need_3": "Employment", "Willing_VDP": "Yes", "Willing_GPDP": "Yes", "total_family_members": 4, "male_members": 1, "female_members": 3, "Age_0_5": 0, "Age_6_17": 0, "Age_18_35": 3, "Age_36_59": 1, "Age_60_Plus": 0, "literate_members": 1, "illiterate_members": 3}, "geometry": {"type": "Polygon", "coordinates": [[[81.33259736507637, 18.584856507421932], [81.33256370525083, 18.58481696423155], [81.33247808799342, 18.58488326045415], [81.33251174781896, 18.58492280364453], [81.33259736507637, 18.584856507421932]]]}}, {"type": "Feature", "properties": {"OBJECTID": 4, "area_in_me": 425.603841388, "Para_Name": "Avagata Para", "Shape_Leng": 0.000234215834382, "Shape_Area": 3.38701297846e-09, "HH NO": 50, "Panchayat Name": "Samlawar", "Village Name": "Samlawar", "Respondent_Name": "Nanda Tamo", "Gender": "Male", "Respondent_Age_Group": "50-59", "Caste_Category": "ST", "Languages_Spoken": "Hindi, Gondi", "Total_School_Going_Children": 0, "Total_Children_Attending": 0, "Left_Out_Children": 0, "Dropout_Children": 0, "Last_Class_Attended": null, "Primary_Livelihood": "Agriculture", "Secondary_Livelihood": "Wage Labour", "Land_Ownership": "Own land", "Landholding_Size": "1-2.5 acre", "Irrigation_Source": "Rainfed", "Loan_Status": "No", "Loan_Purpose": "No", "Loan_Source": "No", "Distance_Bank": ">5 km", "Distance_Panchayat": ">5 km", "Distance_Police": ">5 km", "Distance_PostOffice": ">5 km", "Drinking_Water_Source": "Handpump", "Water_Available_Year": "No", "Water_Alternative": "Seasonal source", "House_Type": "Kutcha", "Electrified": "Yes", "Avg_Power_Hours": "12 + Hours", "Power_Outage_Frequency": "Rare", "Alternate_Energy": null, "Health_Facility_Type": "CHC", "Distance_Health_Facility": ">5 km", "Health_Expense_Last3Months": "<500", "Insurance_Coverage": "PM-JAY", "Healthcare_Barriers": "Transportation,Cultural Restrictions", "PDS_Type": "BPL", "PDS_Status": "Regular", "No_Pension_Availing": "Nill", "No of Persons_Pension_Eligible_But_Not_Getting": "Nill", "Pension_Type": "Nill", "Schemes_Availed": "MGNREGA", "Scheme_Barriers": "Awareness", "Skill_Training_Attended": "No", "Preferred_Skill_Area": "Agriculture", "Skill_Barriers": "No Info", "Normal_Phone": "No", "Computer": "No", "Smartphone": "No", "Network_Quality": "Poor", "Digital_Services": "No", "UPI_Usage": "No", "55_Women_Mobility": "With Permission", "Women_Decision_Participation": "Moderate", "Women_Community_Participation": "Moderate", "Women_Panchayat_Participation": "Moderate", "Discrimination_Faced": null, "Active_Institutions": "Nill", "Trust_Institutions": "Moderate", "Top_Need_1": "Water", "Top_Need_2": "Health", "Top_Need_3": "Employment", "Willing_VDP": "Yes", "Willing_GPDP": "Yes", "total_family_members": 4, "male_members": 1, "female_members": 3, "Age_0_5": 0, "Age_6_17": 0, "Age_18_35": 3, "Age_36_59": 1, "Age_60_Plus": 0, "literate_members": 1, "illiterate_members": 3}, "geometry": {"type": "Polygon", "coordinates": [[[81.3345712411699, 18.586127003958097], [81.33453531685143, 18.586073164245192], [81.33449057827761, 18.58610029589198], [81.3345265034954, 18.586154225537143], [81.3345712411699, 18.586127003958097]]]}}, {"type": "Feature", "properties": {"OBJECTID": 5, "area_in_me": 412.25008705, "Para_Name": "Avagata Para", "Shape_Leng": 0.000229392808939, "Shape_Area": 3.28072206253e-09, "HH NO": 50, "Panchayat Name": "Samlawar", "Village Name": "Samlawar", "Respondent_Name": "Nanda Tamo", "Gender": "Male", "Respondent_Age_Group": "50-59", "Caste_Category": "ST", "Languages_Spoken": "Hindi, Gondi", "Total_School_Going_Children": 0, "Total_Children_Attending": 0, "Left_Out_Children": 0, "Dropout_Children": 0, "Last_Class_Attended": null, "Primary_Livelihood": "Agriculture", "Secondary_Livelihood": "Wage Labour", "Land_Ownership": "Own land", "Landholding_Size": "1-2.5 acre", "Irrigation_Source": "Rainfed", "Loan_Status": "No", "Loan_Purpose": "No", "Loan_Source": "No", "Distance_Bank": ">5 km", "Distance_Panchayat": ">5 km", "Distance_Police": ">5 km", "Distance_PostOffice": ">5 km", "Drinking_Water_Source": "Handpump", "Water_Available_Year": "No", "Water_Alternative": "Seasonal source", "House_Type": "Kutcha", "Electrified": "Yes", "Avg_Power_Hours": "12 + Hours", "Power_Outage_Frequency": "Rare", "Alternate_Energy": null, "Health_Facility_Type": "CHC", "Distance_Health_Facility": ">5 km", "Health_Expense_Last3Months": "<500", "Insurance_Coverage": "PM-JAY", "Healthcare_Barriers": "Transportation,Cultural Restrictions", "PDS_Type": "BPL", "PDS_Status": "Regular", "No_Pension_Availing": "Nill", "No of Persons_Pension_Eligible_But_Not_Getting": "Nill", "Pension_Type": "Nill", "Schemes_Availed": "MGNREGA", "Scheme_Barriers": "Awareness", "Skill_Training_Attended": "No", "Preferred_Skill_Area": "Agriculture", "Skill_Barriers": "No Info", "Normal_Phone": "No", "Computer": "No", "Smartphone": "No", "Network_Quality": "Poor", "Digital_Services": "No", "UPI_Usage": "No", "55_Women_Mobility": "With Permission", "Women_Decision_Participation": "Moderate", "Women_Community_Participation": "Moderate", "Women_Panchayat_Participation": "Moderate", "Discrimination_Faced": null, "Active_Institutions": "Nill", "Trust_Institutions": "Moderate", "Top_Need_1": "Water", "Top_Need_2": "Health", "Top_Need_3": "Employment", "Willing_VDP": "Yes", "Willing_GPDP": "Yes", "total_family_members": 4, "male_members": 1, "female_members": 3, "Age_0_5": 0, "Age_6_17": 0, "Age_18_35": 3, "Age_36_59": 1, "Age_60_Plus": 0, "literate_members": 1, "illiterate_members": 3}, "geometry": {"type": "Polygon", "coordinates": [[[81.33384417976515, 18.586698916122145], [81.3338336873748, 18.5866453489038], [81.33377451198419, 18.586655917736437], [81.33378500437453, 18.58670948405552], [81.33384417976515, 18.586698916122145]]]}}, {"type": "Feature", "properties": {"OBJECTID": 6, "area_in_me": 705.867563955, "Para_Name": "Vicha Para", "Shape_Leng": 0.000316690477087, "Shape_Area": 5.61801634763e-09, "HH NO": 18, "Panchayat Name": "Samlawar", "Village Name": "Samlawar", "Respondent_Name": "Santu Kunjam", "Gender": "Male", "Respondent_Age_Group": "18-29", "Caste_Category": "ST", "Languages_Spoken": "Hindi, Gondi", "Total_School_Going_Children": 2, "Total_Children_Attending": 2, "Left_Out_Children": 0, "Dropout_Children": 0, "Last_Class_Attended": null, "Primary_Livelihood": "Agriculture", "Secondary_Livelihood": "Wage Labour", "Land_Ownership": "Own land", "Landholding_Size": "<1 acre", "Irrigation_Source": "Rainfed", "Loan_Status": "No", "Loan_Purpose": "No", "Loan_Source": "No", "Distance_Bank": "1-3 km", "Distance_Panchayat": "1-3 km", "Distance_Police": ">5 km", "Distance_PostOffice": ">5 km", "Drinking_Water_Source": "Handpump", "Water_Available_Year": "No", "Water_Alternative": "Seasonal source", "House_Type": "Kutcha", "Electrified": "Yes", "Avg_Power_Hours": "5-8 Hours", "Power_Outage_Frequency": "Frequently", "Alternate_Energy": null, "Health_Facility_Type": "CHC", "Distance_Health_Facility": ">5 km", "Health_Expense_Last3Months": "<500", "Insurance_Coverage": "No", "Healthcare_Barriers": "Transportation,Cultural Restrictions", "PDS_Type": "BPL", "PDS_Status": "Regular", "No_Pension_Availing": "Nill", "No of Persons_Pension_Eligible_But_Not_Getting": "Nill", "Pension_Type": "Nill", "Schemes_Availed": "MGNREGA", "Scheme_Barriers": "Awareness", "Skill_Training_Attended": "No", "Preferred_Skill_Area": null, "Skill_Barriers": null, "Normal_Phone": "Yes", "Computer": "No", "Smartphone": "Yes", "Network_Quality": "GOOD", "Digital_Services": "Social Media", "UPI_Usage": "Yes", "55_Women_Mobility": "With Permission", "Women_Decision_Participation": "Moderate", "Women_Community_Participation": "Moderate", "Women_Panchayat_Participation": "Moderate", "Discrimination_Faced": null, "Active_Institutions": "Nill", "Trust_Institutions": "Moderate", "Top_Need_1": "Water", "Top_Need_2": "Housing", "Top_Need_3": "Education", "Willing_VDP": "Yes", "Willing_GPDP": "Yes", "total_family_members": 3, "male_members": 0, "female_members": 3, "Age_0_5": 1, "Age_6_17": 1, "Age_18_35": 1, "Age_36_59": 0, "Age_60_Plus": 0, "literate_members": 3, "illiterate_members": 0}, "geometry": {"type": "Polygon", "coordinates": [[[81.30604027533849, 18.603611335394874], [81.30600954280624, 18.603567160695945], [81.30592120869687, 18.603623165976387], [81.30595194122918, 18.603667251642378], [81.30604027533849, 18.603611335394874]]]}}, {"type": "Feature", "properties": {"OBJECTID": 7, "area_in_me": 943.021023963, "Para_Name": "Vicha Para", "Shape_Leng": 0.000358020701894, "Shape_Area": 7.50544736429e-09, "HH NO": 18, "Panchayat Name": "Samlawar", "Village Name": "Samlawar", "Respondent_Name": "Santu Kunjam", "Gender": "Male", "Respondent_Age_Group": "18-29", "Caste_Category": "ST", "Languages_Spoken": "Hindi, Gondi", "Total_School_Going_Children": 2, "Total_Children_Attending": 2, "Left_Out_Children": 0, "Dropout_Children": 0, "Last_Class_Attended": null, "Primary_Livelihood": "Agriculture", "Secondary_Livelihood": "Wage Labour", "Land_Ownership": "Own land", "Landholding_Size": "<1 acre", "Irrigation_Source": "Rainfed", "Loan_Status": "No", "Loan_Purpose": "No", "Loan_Source": "No", "Distance_Bank": "1-3 km", "Distance_Panchayat": "1-3 km", "Distance_Police": ">5 km", "Distance_PostOffice": ">5 km", "Drinking_Water_Source": "Handpump", "Water_Available_Year": "No", "Water_Alternative": "Seasonal source", "House_Type": "Kutcha", "Electrified": "Yes", "Avg_Power_Hours": "5-8 Hours", "Power_Outage_Frequency": "Frequently", "Alternate_Energy": null, "Health_Facility_Type": "CHC", "Distance_Health_Facility": ">5 km", "Health_Expense_Last3Months": "<500", "Insurance_Coverage": "No", "Healthcare_Barriers": "Transportation,Cultural Restrictions", "PDS_Type": "BPL", "PDS_Status": "Regular", "No_Pension_Availing": "Nill", "No of Persons_Pension_Eligible_But_Not_Getting": "Nill", "Pension_Type": "Nill", "Schemes_Availed": "MGNREGA", "Scheme_Barriers": "Awareness", "Skill_Training_Attended": "No", "Preferred_Skill_Area": null, "Skill_Barriers": null, "Normal_Phone": "Yes", "Computer": "No", "Smartphone": "Yes", "Network_Quality": "GOOD", "Digital_Services": "Social Media", "UPI_Usage": "Yes", "55_Women_Mobility": "With Permission", "Women_Decision_Participation": "Moderate", "Women_Community_Participation": "Moderate", "Women_Panchayat_Participation": "Moderate", "Discrimination_Faced": null, "Active_Institutions": "Nill", "Trust_Institutions": "Moderate", "Top_Need_1": "Water", "Top_Need_2": "Housing", "Top_Need_3": "Education", "Willing_VDP": "Yes", "Willing_GPDP": "Yes", "total_family_members": 3, "male_members": 0, "female_members": 3, "Age_0_5": 1, "Age_6_17": 1, "Age_18_35": 1, "Age_36_59": 0, "Age_60_Plus": 0, "literate_members": 3, "illiterate_members": 0}, "geometry": {"type": "Polygon", "coordinates": [[[81.30668682403774, 18.602144650854996], [81.30661494842121, 18.602058964349794], [81.30656154487946, 18.60209969824251], [81.30663333685908, 18.60218538204981], [81.30668682403774, 18.602144650854996]]]}}, {"type": "Feature", "properties": {"OBJECTID": 8, "area_in_me": 569.132939408, "Para_Name": "Vicha Para", "Shape_Leng": 0.000270137969979, "Shape_Area": 4.52967004984e-09, "HH NO": 18, "Panchayat Name": "Samlawar", "Village Name": "Samlawar", "Respondent_Name": "Santu Kunjam", "Gender": "Male", "Respondent_Age_Group": "18-29", "Caste_Category": "ST", "Languages_Spoken": "Hindi, Gondi", "Total_School_Going_Children": 2, "Total_Children_Attending": 2, "Left_Out_Children": 0, "Dropout_Children": 0, "Last_Class_Attended": null, "Primary_Livelihood": "Agriculture", "Secondary_Livelihood": "Wage Labour", "Land_Ownership": "Own land", "Landholding_Size": "<1 acre", "Irrigation_Source": "Rainfed", "Loan_Status": "No", "Loan_Purpose": "No", "Loan_Source": "No", "Distance_Bank": "1-3 km", "Distance_Panchayat": "1-3 km", "Distance_Police": ">5 km", "Distance_PostOffice": ">5 km", "Drinking_Water_Source": "Handpump", "Water_Available_Year": "No", "Water_Alternative": "Seasonal source", "House_Type": "Kutcha", "Electrified": "Yes", "Avg_Power_Hours": "5-8 Hours", "Power_Outage_Frequency": "Frequently", "Alternate_Energy": null, "Health_Facility_Type": "CHC", "Distance_Health_Facility": ">5 km", "Health_Expense_Last3Months": "<500", "Insurance_Coverage": "No", "Healthcare_Barriers": "Transportation,Cultural Restrictions", "PDS_Type": "BPL", "PDS_Status": "Regular", "No_Pension_Availing": "Nill", "No of Persons_Pension_Eligible_But_Not_Getting": "Nill", "Pension_Type": "Nill", "Schemes_Availed": "MGNREGA", "Scheme_Barriers": "Awareness", "Skill_Training_Attended": "No", "Preferred_Skill_Area": null, "Skill_Barriers": null, "Normal_Phone": "Yes", "Computer": "No", "Smartphone": "Yes", "Network_Quality": "GOOD", "Digital_Services": "Social Media", "UPI_Usage": "Yes", "55_Women_Mobility": "With Permission", "Women_Decision_Participation": "Moderate", "Women_Community_Participation": "Moderate", "Women_Panchayat_Participation": "Moderate", "Discrimination_Faced": null, "Active_Institutions": "Nill", "Trust_Institutions": "Moderate", "Top_Need_1": "Water", "Top_Need_2": "Housing", "Top_Need_3": "Education", "Willing_VDP": "Yes", "Willing_GPDP": "Yes", "total_family_members": 3, "male_members": 0, "female_members": 3, "Age_0_5": 1, "Age_6_17": 1, "Age_18_35": 1, "Age_36_59": 0, "Age_60_Plus": 0, "literate_members": 3, "illiterate_members": 0}, "geometry": {"type": "Polygon", "coordinates": [[[81.30441380285475, 18.60166959837329], [81.30440339050415, 18.60160848944031], [81.3043311767425, 18.601619701288257], [81.30434158819378, 18.60168081022124], [81.30441380285475, 18.60166959837329]]]}}, {"type": "Feature", "properties": {"OBJECTID": 9, "area_in_me": 391.846519346, "Para_Name": "Vicha Para", "Shape_Leng": 0.00023578782293, "Shape_Area": 3.11872316942e-09, "HH NO": 18, "Panchayat Name": "Samlawar", "Village Name": "Samlawar", "Respondent_Name": "Santu Kunjam", "Gender": "Male", "Respondent_Age_Group": "18-29", "Caste_Category": "ST", "Languages_Spoken": "Hindi, Gondi", "Total_School_Going_Children": 2, "Total_Children_Attending": 2, "Left_Out_Children": 0, "Dropout_Children": 0, "Last_Class_Attended": null, "Primary_Livelihood": "Agriculture", "Secondary_Livelihood": "Wage Labour", "Land_Ownership": "Own land", "Landholding_Size": "<1 acre", "Irrigation_Source": "Rainfed", "Loan_Status": "No", "Loan_Purpose": "No", "Loan_Source": "No", "Distance_Bank": "1-3 km", "Distance_Panchayat": "1-3 km", "Distance_Police": ">5 km", "Distance_PostOffice": ">5 km", "Drinking_Water_Source": "Handpump", "Water_Available_Year": "No", "Water_Alternative": "Seasonal source", "House_Type": "Kutcha", "Electrified": "Yes", "Avg_Power_Hours": "5-8 Hours", "Power_Outage_Frequency": "Frequently", "Alternate_Energy": null, "Health_Facility_Type": "CHC", "Distance_Health_Facility": ">5 km", "Health_Expense_Last3Months": "<500", "Insurance_Coverage": "No", "Healthcare_Barriers": "Transportation,Cultural Restrictions", "PDS_Type": "BPL", "PDS_Status": "Regular", "No_Pension_Availing": "Nill", "No of Persons_Pension_Eligible_But_Not_Getting": "Nill", "Pension_Type": "Nill", "Schemes_Availed": "MGNREGA", "Scheme_Barriers": "Awareness", "Skill_Training_Attended": "No", "Preferred_Skill_Area": null, "Skill_Barriers": null, "Normal_Phone": "Yes", "Computer": "No", "Smartphone": "Yes", "Network_Quality": "GOOD", "Digital_Services": "Social Media", "UPI_Usage": "Yes", "55_Women_Mobility": "With Permission", "Women_Decision_Participation": "Moderate", "Women_Community_Participation": "Moderate", "Women_Panchayat_Participation": "Moderate", "Discrimination_Faced": null, "Active_Institutions": "Nill", "Trust_Institutions": "Moderate", "Top_Need_1": "Water", "Top_Need_2": "Housing", "Top_Need_3": "Education", "Willing_VDP": "Yes", "Willing_GPDP": "Yes", "total_family_members": 3, "male_members": 0, "female_members": 3, "Age_0_5": 1, "Age_6_17": 1, "Age_18_35": 1, "Age_36_59": 0, "Age_60_Plus": 0, "literate_members": 3, "illiterate_members": 0}, "geometry": {"type": "Polygon", "coordinates": [[[81.30387194513423, 18.60431864049292], [81.30385296764041, 18.604283271955467], [81.30378310470655, 18.604317405723748], [81.30380208220038, 18.6043527742612], [81.30387194513423, 18.60431864049292]]]}}, {"type": "Feature", "properties": {"OBJECTID": 10, "area_in_me": 380.229611773, "Para_Name": "Vicha Para", "Shape_Leng": 0.000221200195358, "Shape_Area": 3.02620708646e-09, "HH NO": 18, "Panchayat Name": "Samlawar", "Village Name": "Samlawar", "Respondent_Name": "Santu Kunjam", "Gender": "Male", "Respondent_Age_Group": "18-29", "Caste_Category": "ST", "Languages_Spoken": "Hindi, Gondi", "Total_School_Going_Children": 2, "Total_Children_Attending": 2, "Left_Out_Children": 0, "Dropout_Children": 0, "Last_Class_Attended": null, "Primary_Livelihood": "Agriculture", "Secondary_Livelihood": "Wage Labour", "Land_Ownership": "Own land", "Landholding_Size": "<1 acre", "Irrigation_Source": "Rainfed", "Loan_Status": "No", "Loan_Purpose": "No", "Loan_Source": "No", "Distance_Bank": "1-3 km", "Distance_Panchayat": "1-3 km", "Distance_Police": ">5 km", "Distance_PostOffice": ">5 km", "Drinking_Water_Source": "Handpump", "Water_Available_Year": "No", "Water_Alternative": "Seasonal source", "House_Type": "Kutcha", "Electrified": "Yes", "Avg_Power_Hours": "5-8 Hours", "Power_Outage_Frequency": "Frequently", "Alternate_Energy": null, "Health_Facility_Type": "CHC", "Distance_Health_Facility": ">5 km", "Health_Expense_Last3Months": "<500", "Insurance_Coverage": "No", "Healthcare_Barriers": "Transportation,Cultural Restrictions", "PDS_Type": "BPL", "PDS_Status": "Regular", "No_Pension_Availing": "Nill", "No of Persons_Pension_Eligible_But_Not_Getting": "Nill", "Pension_Type": "Nill", "Schemes_Availed": "MGNREGA", "Scheme_Barriers": "Awareness", "Skill_Training_Attended": "No", "Preferred_Skill_Area": null, "Skill_Barriers": null, "Normal_Phone": "Yes", "Computer": "No", "Smartphone": "Yes", "Network_Quality": "GOOD", "Digital_Services": "Social Media", "UPI_Usage": "Yes", "55_Women_Mobility": "With Permission", "Women_Decision_Participation": "Moderate", "Women_Community_Participation": "Moderate", "Women_Panchayat_Participation": "Moderate", "Discrimination_Faced": null, "Active_Institutions": "Nill", "Trust_Institutions": "Moderate", "Top_Need_1": "Water", "Top_Need_2": "Housing", "Top_Need_3": "Education", "Willing_VDP": "Yes", "Willing_GPDP": "Yes", "total_family_members": 3, "male_members": 0, "female_members": 3, "Age_0_5": 1, "Age_6_17": 1, "Age_18_35": 1, "Age_36_59": 0, "Age_60_Plus": 0, "literate_members": 3, "illiterate_members": 0}, "geometry": {"type": "Polygon", "coordinates": [[[81.30510058632308, 18.601388692434284], [81.30508521960724, 18.601329779645653], [81.30503685406762, 18.601341285571948], [81.30505221988409, 18.601400199259842], [81.30510058632308, 18.601388692434284]]]}}, {"type": "Feature", "properties": {"OBJECTID": 11, "area_in_me": 449.510764291, "Para_Name": "Vicha Para", "Shape_Leng": 0.000247545210264, "Shape_Area": 3.57761869239e-09, "HH NO": 18, "Panchayat Name": "Samlawar", "Village Name": "Samlawar", "Respondent_Name": "Santu Kunjam", "Gender": "Male", "Respondent_Age_Group": "18-29", "Caste_Category": "ST", "Languages_Spoken": "Hindi, Gondi", "Total_School_Going_Children": 2, "Total_Children_Attending": 2, "Left_Out_Children": 0, "Dropout_Children": 0, "Last_Class_Attended": null, "Primary_Livelihood": "Agriculture", "Secondary_Livelihood": "Wage Labour", "Land_Ownership": "Own land", "Landholding_Size": "<1 acre", "Irrigation_Source": "Rainfed", "Loan_Status": "No", "Loan_Purpose": "No", "Loan_Source": "No", "Distance_Bank": "1-3 km", "Distance_Panchayat": "1-3 km", "Distance_Police": ">5 km", "Distance_PostOffice": ">5 km", "Drinking_Water_Source": "Handpump", "Water_Available_Year": "No", "Water_Alternative": "Seasonal source", "House_Type": "Kutcha", "Electrified": "Yes", "Avg_Power_Hours": "5-8 Hours", "Power_Outage_Frequency": "Frequently", "Alternate_Energy": null, "Health_Facility_Type": "CHC", "Distance_Health_Facility": ">5 km", "Health_Expense_Last3Months": "<500", "Insurance_Coverage": "No", "Healthcare_Barriers": "Transportation,Cultural Restrictions", "PDS_Type": "BPL", "PDS_Status": "Regular", "No_Pension_Availing": "Nill", "No of Persons_Pension_Eligible_But_Not_Getting": "Nill", "Pension_Type": "Nill", "Schemes_Availed": "MGNREGA", "Scheme_Barriers": "Awareness", "Skill_Training_Attended": "No", "Preferred_Skill_Area": null, "Skill_Barriers": null, "Normal_Phone": "Yes", "Computer": "No", "Smartphone": "Yes", "Network_Quality": "GOOD", "Digital_Services": "Social Media", "UPI_Usage": "Yes", "55_Women_Mobility": "With Permission", "Women_Decision_Participation": "Moderate", "Women_Community_Participation": "Moderate", "Women_Panchayat_Participation": "Moderate", "Discrimination_Faced": null, "Active_Institutions": "Nill", "Trust_Institutions": "Moderate", "Top_Need_1": "Water", "Top_Need_2": "Housing", "Top_Need_3": "Education", "Willing_VDP": "Yes", "Willing_GPDP": "Yes", "total_family_members": 3, "male_members": 0, "female_members": 3, "Age_0_5": 1, "Age_6_17": 1, "Age_18_35": 1, "Age_36_59": 0, "Age_60_Plus": 0, "literate_members": 3, "illiterate_members": 0}, "geometry": {"type": "Polygon", "coordinates": [[[81.30401007560454, 18.602812740115894], [81.30398555648827, 18.602773702344564], [81.30391812891855, 18.602812259877965], [81.30394264803482, 18.602851297649295], [81.30401007560454, 18.602812740115894]]]}}, {"type": "Feature", "properties": {"OBJECTID": 12, "area_in_me": 406.815903404, "Para_Name": "Vicha Para", "Shape_Leng": 0.000234992832503, "Shape_Area": 3.23779902333e-09, "HH NO": 18, "Panchayat Name": "Samlawar", "Village Name": "Samlawar", "Respondent_Name": "Santu Kunjam", "Gender": "Male", "Respondent_Age_Group": "18-29", "Caste_Category": "ST", "Languages_Spoken": "Hindi, Gondi", "Total_School_Going_Children": 2, "Total_Children_Attending": 2, "Left_Out_Children": 0, "Dropout_Children": 0, "Last_Class_Attended": null, "Primary_Livelihood": "Agriculture", "Secondary_Livelihood": "Wage Labour", "Land_Ownership": "Own land", "Landholding_Size": "<1 acre", "Irrigation_Source": "Rainfed", "Loan_Status": "No", "Loan_Purpose": "No", "Loan_Source": "No", "Distance_Bank": "1-3 km", "Distance_Panchayat": "1-3 km", "Distance_Police": ">5 km", "Distance_PostOffice": ">5 km", "Drinking_Water_Source": "Handpump", "Water_Available_Year": "No", "Water_Alternative": "Seasonal source", "House_Type": "Kutcha", "Electrified": "Yes", "Avg_Power_Hours": "5-8 Hours", "Power_Outage_Frequency": "Frequently", "Alternate_Energy": null, "Health_Facility_Type": "CHC", "Distance_Health_Facility": ">5 km", "Health_Expense_Last3Months": "<500", "Insurance_Coverage": "No", "Healthcare_Barriers": "Transportation,Cultural Restrictions", "PDS_Type": "BPL", "PDS_Status": "Regular", "No_Pension_Availing": "Nill", "No of Persons_Pension_Eligible_But_Not_Getting": "Nill", "Pension_Type": "Nill", "Schemes_Availed": "MGNREGA", "Scheme_Barriers": "Awareness", "Skill_Training_Attended": "No", "Preferred_Skill_Area": null, "Skill_Barriers": null, "Normal_Phone": "Yes", "Computer": "No", "Smartphone": "Yes", "Network_Quality": "GOOD", "Digital_Services": "Social Media", "UPI_Usage": "Yes", "55_Women_Mobility": "With Permission", "Women_Decision_Participation": "Moderate", "Women_Community_Participation": "Moderate", "Women_Panchayat_Participation": "Moderate", "Discrimination_Faced": null, "Active_Institutions": "Nill", "Trust_Institutions": "Moderate", "Top_Need_1": "Water", "Top_Need_2": "Housing", "Top_Need_3": "Education", "Willing_VDP": "Yes", "Willing_GPDP": "Yes", "total_family_members": 3, "male_members": 0, "female_members": 3, "Age_0_5": 1, "Age_6_17": 1, "Age_18_35": 1, "Age_36_59": 0, "Age_60_Plus": 0, "literate_members": 3, "illiterate_members": 0}, "geometry": {"type": "Polygon", "coordinates": [[[81.30613196751636, 18.602464805906095], [81.30610753293638, 18.60239568311431], [81.30606546534898, 18.60240918733416], [81.30608989992902, 18.602478310125946], [81.30613196751636, 18.602464805906095]]]}}, {"type": "Feature", "properties": {"OBJECTID": 13, "area_in_me": 362.870730733, "Para_Name": "Vicha Para", "Shape_Leng": 0.000224203020114, "Shape_Area": 2.88801976245e-09, "HH NO": 18, "Panchayat Name": "Samlawar", "Village Name": "Samlawar", "Respondent_Name": "Santu Kunjam", "Gender": "Male", "Respondent_Age_Group": "18-29", "Caste_Category": "ST", "Languages_Spoken": "Hindi, Gondi", "Total_School_Going_Children": 2, "Total_Children_Attending": 2, "Left_Out_Children": 0, "Dropout_Children": 0, "Last_Class_Attended": null, "Primary_Livelihood": "Agriculture", "Secondary_Livelihood": "Wage Labour", "Land_Ownership": "Own land", "Landholding_Size": "<1 acre", "Irrigation_Source": "Rainfed", "Loan_Status": "No", "Loan_Purpose": "No", "Loan_Source": "No", "Distance_Bank": "1-3 km", "Distance_Panchayat": "1-3 km", "Distance_Police": ">5 km", "Distance_PostOffice": ">5 km", "Drinking_Water_Source": "Handpump", "Water_Available_Year": "No", "Water_Alternative": "Seasonal source", "House_Type": "Kutcha", "Electrified": "Yes", "Avg_Power_Hours": "5-8 Hours", "Power_Outage_Frequency": "Frequently", "Alternate_Energy": null, "Health_Facility_Type": "CHC", "Distance_Health_Facility": ">5 km", "Health_Expense_Last3Months": "<500", "Insurance_Coverage": "No", "Healthcare_Barriers": "Transportation,Cultural Restrictions", "PDS_Type": "BPL", "PDS_Status": "Regular", "No_Pension_Availing": "Nill", "No of Persons_Pension_Eligible_But_Not_Getting": "Nill", "Pension_Type": "Nill", "Schemes_Availed": "MGNREGA", "Scheme_Barriers": "Awareness", "Skill_Training_Attended": "No", "Preferred_Skill_Area": null, "Skill_Barriers": null, "Normal_Phone": "Yes", "Computer": "No", "Smartphone": "Yes", "Network_Quality": "GOOD", "Digital_Services": "Social Media", "UPI_Usage": "Yes", "55_Women_Mobility": "With Permission", "Women_Decision_Participation": "Moderate", "Women_Community_Participation": "Moderate", "Women_Panchayat_Participation": "Moderate", "Discrimination_Faced": null, "Active_Institutions": "Nill", "Trust_Institutions": "Moderate", "Top_Need_1": "Water", "Top_Need_2": "Housing", "Top_Need_3": "Education", "Willing_VDP": "Yes", "Willing_GPDP": "Yes", "total_family_members": 3, "male_members": 0, "female_members": 3, "Age_0_5": 1, "Age_6_17": 1, "Age_18_35": 1, "Age_36_59": 0, "Age_60_Plus": 0, "literate_members": 3, "illiterate_members": 0}, "geometry": {"type": "Polygon", "coordinates": [[[81.30391796074537, 18.602493394454655], [81.30394701424336, 18.602427643221233], [81.30390973194864, 18.602412626341675], [81.30388067845058, 18.602478467507297], [81.30391796074537, 18.602493394454655]]]}}, {"type": "Feature", "properties": {"OBJECTID": 14, "area_in_me": 453.886525292, "Para_Name": "Vicha Para", "Shape_Leng": 0.000255009093248, "Shape_Area": 3.61242777632e-09, "HH NO": 18, "Panchayat Name": "Samlawar", "Village Name": "Samlawar", "Respondent_Name": "Santu Kunjam", "Gender": "Male", "Respondent_Age_Group": "18-29", "Caste_Category": "ST", "Languages_Spoken": "Hindi, Gondi", "Total_School_Going_Children": 2, "Total_Children_Attending": 2, "Left_Out_Children": 0, "Dropout_Children": 0, "Last_Class_Attended": null, "Primary_Livelihood": "Agriculture", "Secondary_Livelihood": "Wage Labour", "Land_Ownership": "Own land", "Landholding_Size": "<1 acre", "Irrigation_Source": "Rainfed", "Loan_Status": "No", "Loan_Purpose": "No", "Loan_Source": "No", "Distance_Bank": "1-3 km", "Distance_Panchayat": "1-3 km", "Distance_Police": ">5 km", "Distance_PostOffice": ">5 km", "Drinking_Water_Source": "Handpump", "Water_Available_Year": "No", "Water_Alternative": "Seasonal source", "House_Type": "Kutcha", "Electrified": "Yes", "Avg_Power_Hours": "5-8 Hours", "Power_Outage_Frequency": "Frequently", "Alternate_Energy": null, "Health_Facility_Type": "CHC", "Distance_Health_Facility": ">5 km", "Health_Expense_Last3Months": "<500", "Insurance_Coverage": "No", "Healthcare_Barriers": "Transportation,Cultural Restrictions", "PDS_Type": "BPL", "PDS_Status": "Regular", "No_Pension_Availing": "Nill", "No of Persons_Pension_Eligible_But_Not_Getting": "Nill", "Pension_Type": "Nill", "Schemes_Availed": "MGNREGA", "Scheme_Barriers": "Awareness", "Skill_Training_Attended": "No", "Preferred_Skill_Area": null, "Skill_Barriers": null, "Normal_Phone": "Yes", "Computer": "No", "Smartphone": "Yes", "Network_Quality": "GOOD", "Digital_Services": "Social Media", "UPI_Usage": "Yes", "55_Women_Mobility": "With Permission", "Women_Decision_Participation": "Moderate", "Women_Community_Participation": "Moderate", "Women_Panchayat_Participation": "Moderate", "Discrimination_Faced": null, "Active_Institutions": "Nill", "Trust_Institutions": "Moderate", "Top_Need_1": "Water", "Top_Need_2": "Housing", "Top_Need_3": "Education", "Willing_VDP": "Yes", "Willing_GPDP": "Yes", "total_family_members": 3, "male_members": 0, "female_members": 3, "Age_0_5": 1, "Age_6_17": 1, "Age_18_35": 1, "Age_36_59": 0, "Age_60_Plus": 0, "literate_members": 3, "illiterate_members": 0}, "geometry": {"type": "Polygon", "coordinates": [[[81.30647027268498, 18.60073085544468], [81.30645070883321, 18.600693035355334], [81.30637379431522, 18.600729000143303], [81.30639327453008, 18.600766816635314], [81.30647027268498, 18.60073085544468]]]}}, {"type": "Feature", "properties": {"OBJECTID": 15, "area_in_me": 649.065993328, "Para_Name": "Vicha Para", "Shape_Leng": 0.00031678027616, "Shape_Area": 5.16587788556e-09, "HH NO": 18, "Panchayat Name": "Samlawar", "Village Name": "Samlawar", "Respondent_Name": "Santu Kunjam", "Gender": "Male", "Respondent_Age_Group": "18-29", "Caste_Category": "ST", "Languages_Spoken": "Hindi, Gondi", "Total_School_Going_Children": 2, "Total_Children_Attending": 2, "Left_Out_Children": 0, "Dropout_Children": 0, "Last_Class_Attended": null, "Primary_Livelihood": "Agriculture", "Secondary_Livelihood": "Wage Labour", "Land_Ownership": "Own land", "Landholding_Size": "<1 acre", "Irrigation_Source": "Rainfed", "Loan_Status": "No", "Loan_Purpose": "No", "Loan_Source": "No", "Distance_Bank": "1-3 km", "Distance_Panchayat": "1-3 km", "Distance_Police": ">5 km", "Distance_PostOffice": ">5 km", "Drinking_Water_Source": "Handpump", "Water_Available_Year": "No", "Water_Alternative": "Seasonal source", "House_Type": "Kutcha", "Electrified": "Yes", "Avg_Power_Hours": "5-8 Hours", "Power_Outage_Frequency": "Frequently", "Alternate_Energy": null, "Health_Facility_Type": "CHC", "Distance_Health_Facility": ">5 km", "Health_Expense_Last3Months": "<500", "Insurance_Coverage": "No", "Healthcare_Barriers": "Transportation,Cultural Restrictions", "PDS_Type": "BPL", "PDS_Status": "Regular", "No_Pension_Availing": "Nill", "No of Persons_Pension_Eligible_But_Not_Getting": "Nill", "Pension_Type": "Nill", "Schemes_Availed": "MGNREGA", "Scheme_Barriers": "Awareness", "Skill_Training_Attended": "No", "Preferred_Skill_Area": null, "Skill_Barriers": null, "Normal_Phone": "Yes", "Computer": "No", "Smartphone": "Yes", "Network_Quality": "GOOD", "Digital_Services": "Social Media", "UPI_Usage": "Yes", "55_Women_Mobility": "With Permission", "Women_Decision_Participation": "Moderate", "Women_Community_Participation": "Moderate", "Women_Panchayat_Participation": "Moderate", "Discrimination_Faced": null, "Active_Institutions": "Nill", "Trust_Institutions": "Moderate", "Top_Need_1": "Water", "Top_Need_2": "Housing", "Top_Need_3": "Education", "Willing_VDP": "Yes", "Willing_GPDP": "Yes", "total_family_members": 3, "male_members": 0, "female_members": 3, "Age_0_5": 1, "Age_6_17": 1, "Age_18_35": 1, "Age_36_59": 0, "Age_60_Plus": 0, "literate_members": 3, "illiterate_members": 0}, "geometry": {"type": "Polygon", "coordinates": [[[81.30240169837975, 18.603984776176503], [81.30236197982157, 18.604007998470422], [81.30242277489123, 18.604102515418788], [81.30246249344935, 18.604079293124926], [81.30240169837975, 18.603984776176503]]]}}, {"type": "Feature", "properties": {"OBJECTID": 16, "area_in_me": 455.347132238, "Para_Name": "Vicha Para", "Shape_Leng": 0.000241919819037, "Shape_Area": 3.62408127464e-09, "HH NO": 18, "Panchayat Name": "Samlawar", "Village Name": "Samlawar", "Respondent_Name": "Santu Kunjam", "Gender": "Male", "Respondent_Age_Group": "18-29", "Caste_Category": "ST", "Languages_Spoken": "Hindi, Gondi", "Total_School_Going_Children": 2, "Total_Children_Attending": 2, "Left_Out_Children": 0, "Dropout_Children": 0, "Last_Class_Attended": null, "Primary_Livelihood": "Agriculture", "Secondary_Livelihood": "Wage Labour", "Land_Ownership": "Own land", "Landholding_Size": "<1 acre", "Irrigation_Source": "Rainfed", "Loan_Status": "No", "Loan_Purpose": "No", "Loan_Source": "No", "Distance_Bank": "1-3 km", "Distance_Panchayat": "1-3 km", "Distance_Police": ">5 km", "Distance_PostOffice": ">5 km", "Drinking_Water_Source": "Handpump", "Water_Available_Year": "No", "Water_Alternative": "Seasonal source", "House_Type": "Kutcha", "Electrified": "Yes", "Avg_Power_Hours": "5-8 Hours", "Power_Outage_Frequency": "Frequently", "Alternate_Energy": null, "Health_Facility_Type": "CHC", "Distance_Health_Facility": ">5 km", "Health_Expense_Last3Months": "<500", "Insurance_Coverage": "No", "Healthcare_Barriers": "Transportation,Cultural Restrictions", "PDS_Type": "BPL", "PDS_Status": "Regular", "No_Pension_Availing": "Nill", "No of Persons_Pension_Eligible_But_Not_Getting": "Nill", "Pension_Type": "Nill", "Schemes_Availed": "MGNREGA", "Scheme_Barriers": "Awareness", "Skill_Training_Attended": "No", "Preferred_Skill_Area": null, "Skill_Barriers": null, "Normal_Phone": "Yes", "Computer": "No", "Smartphone": "Yes", "Network_Quality": "GOOD", "Digital_Services": "Social Media", "UPI_Usage": "Yes", "55_Women_Mobility": "With Permission", "Women_Decision_Participation": "Moderate", "Women_Community_Participation": "Moderate", "Women_Panchayat_Participation": "Moderate", "Discrimination_Faced": null, "Active_Institutions": "Nill", "Trust_Institutions": "Moderate", "Top_Need_1": "Water", "Top_Need_2": "Housing", "Top_Need_3": "Education", "Willing_VDP": "Yes", "Willing_GPDP": "Yes", "total_family_members": 3, "male_members": 0, "female_members": 3, "Age_0_5": 1, "Age_6_17": 1, "Age_18_35": 1, "Age_36_59": 0, "Age_60_Plus": 0, "literate_members": 3, "illiterate_members": 0}, "geometry": {"type": "Polygon", "coordinates": [[[81.30671302218826, 18.6031372910532], [81.30669698457825, 18.603084903745355], [81.30663325322212, 18.60310261589308], [81.30664920719522, 18.60315499960359], [81.30671302218826, 18.6031372910532]]]}}, {"type": "Feature", "properties": {"OBJECTID": 17, "area_in_me": 506.399699846, "Para_Name": "Vicha Para", "Shape_Leng": 0.000254346085923, "Shape_Area": 4.03041074479e-09, "HH NO": 18, "Panchayat Name": "Samlawar", "Village Name": "Samlawar", "Respondent_Name": "Santu Kunjam", "Gender": "Male", "Respondent_Age_Group": "18-29", "Caste_Category": "ST", "Languages_Spoken": "Hindi, Gondi", "Total_School_Going_Children": 2, "Total_Children_Attending": 2, "Left_Out_Children": 0, "Dropout_Children": 0, "Last_Class_Attended": null, "Primary_Livelihood": "Agriculture", "Secondary_Livelihood": "Wage Labour", "Land_Ownership": "Own land", "Landholding_Size": "<1 acre", "Irrigation_Source": "Rainfed", "Loan_Status": "No", "Loan_Purpose": "No", "Loan_Source": "No", "Distance_Bank": "1-3 km", "Distance_Panchayat": "1-3 km", "Distance_Police": ">5 km", "Distance_PostOffice": ">5 km", "Drinking_Water_Source": "Handpump", "Water_Available_Year": "No", "Water_Alternative": "Seasonal source", "House_Type": "Kutcha", "Electrified": "Yes", "Avg_Power_Hours": "5-8 Hours", "Power_Outage_Frequency": "Frequently", "Alternate_Energy": null, "Health_Facility_Type": "CHC", "Distance_Health_Facility": ">5 km", "Health_Expense_Last3Months": "<500", "Insurance_Coverage": "No", "Healthcare_Barriers": "Transportation,Cultural Restrictions", "PDS_Type": "BPL", "PDS_Status": "Regular", "No_Pension_Availing": "Nill", "No of Persons_Pension_Eligible_But_Not_Getting": "Nill", "Pension_Type": "Nill", "Schemes_Availed": "MGNREGA", "Scheme_Barriers": "Awareness", "Skill_Training_Attended": "No", "Preferred_Skill_Area": null, "Skill_Barriers": null, "Normal_Phone": "Yes", "Computer": "No", "Smartphone": "Yes", "Network_Quality": "GOOD", "Digital_Services": "Social Media", "UPI_Usage": "Yes", "55_Women_Mobility": "With Permission", "Women_Decision_Participation": "Moderate", "Women_Community_Participation": "Moderate", "Women_Panchayat_Participation": "Moderate", "Discrimination_Faced": null, "Active_Institutions": "Nill", "Trust_Institutions": "Moderate", "Top_Need_1": "Water", "Top_Need_2": "Housing", "Top_Need_3": "Education", "Willing_VDP": "Yes", "Willing_GPDP": "Yes", "total_family_members": 3, "male_members": 0, "female_members": 3, "Age_0_5": 1, "Age_6_17": 1, "Age_18_35": 1, "Age_36_59": 0, "Age_60_Plus": 0, "literate_members": 3, "illiterate_members": 0}, "geometry": {"type": "Polygon", "coordinates": [[[81.30641535828221, 18.602496768710978], [81.30638521390654, 18.60244435802076], [81.30632610056915, 18.602475307289637], [81.3063563294811, 18.602527722476452], [81.30641535828221, 18.602496768710978]]]}}, {"type": "Feature", "properties": {"OBJECTID": 18, "area_in_me": 495.390066348, "Para_Name": "Vicha Para", "Shape_Leng": 0.000272195155089, "Shape_Area": 3.94277043727e-09, "HH NO": 18, "Panchayat Name": "Samlawar", "Village Name": "Samlawar", "Respondent_Name": "Santu Kunjam", "Gender": "Male", "Respondent_Age_Group": "18-29", "Caste_Category": "ST", "Languages_Spoken": "Hindi, Gondi", "Total_School_Going_Children": 2, "Total_Children_Attending": 2, "Left_Out_Children": 0, "Dropout_Children": 0, "Last_Class_Attended": null, "Primary_Livelihood": "Agriculture", "Secondary_Livelihood": "Wage Labour", "Land_Ownership": "Own land", "Landholding_Size": "<1 acre", "Irrigation_Source": "Rainfed", "Loan_Status": "No", "Loan_Purpose": "No", "Loan_Source": "No", "Distance_Bank": "1-3 km", "Distance_Panchayat": "1-3 km", "Distance_Police": ">5 km", "Distance_PostOffice": ">5 km", "Drinking_Water_Source": "Handpump", "Water_Available_Year": "No", "Water_Alternative": "Seasonal source", "House_Type": "Kutcha", "Electrified": "Yes", "Avg_Power_Hours": "5-8 Hours", "Power_Outage_Frequency": "Frequently", "Alternate_Energy": null, "Health_Facility_Type": "CHC", "Distance_Health_Facility": ">5 km", "Health_Expense_Last3Months": "<500", "Insurance_Coverage": "No", "Healthcare_Barriers": "Transportation,Cultural Restrictions", "PDS_Type": "BPL", "PDS_Status": "Regular", "No_Pension_Availing": "Nill", "No of Persons_Pension_Eligible_But_Not_Getting": "Nill", "Pension_Type": "Nill", "Schemes_Availed": "MGNREGA", "Scheme_Barriers": "Awareness", "Skill_Training_Attended": "No", "Preferred_Skill_Area": null, "Skill_Barriers": null, "Normal_Phone": "Yes", "Computer": "No", "Smartphone": "Yes", "Network_Quality": "GOOD", "Digital_Services": "Social Media", "UPI_Usage": "Yes", "55_Women_Mobility": "With Permission", "Women_Decision_Participation": "Moderate", "Women_Community_Participation": "Moderate", "Women_Panchayat_Participation": "Moderate", "Discrimination_Faced": null, "Active_Institutions": "Nill", "Trust_Institutions": "Moderate", "Top_Need_1": "Water", "Top_Need_2": "Housing", "Top_Need_3": "Education", "Willing_VDP": "Yes", "Willing_GPDP": "Yes", "total_family_members": 3, "male_members": 0, "female_members": 3, "Age_0_5": 1, "Age_6_17": 1, "Age_18_35": 1, "Age_36_59": 0, "Age_60_Plus": 0, "literate_members": 3, "illiterate_members": 0}, "geometry": {"type": "Polygon", "coordinates": [[[81.30425854299745, 18.602206722961967], [81.30416701539548, 18.602229526171755], [81.30417818317665, 18.6022699219194], [81.30426954260537, 18.602247021582855], [81.30425854299745, 18.602206722961967]]]}}, {"type": "Feature", "properties": {"OBJECTID": 19, "area_in_me": 603.852124076, "Para_Name": "Vicha Para", "Shape_Leng": 0.000300660270304, "Shape_Area": 4.80606637031e-09, "HH NO": 18, "Panchayat Name": "Samlawar", "Village Name": "Samlawar", "Respondent_Name": "Santu Kunjam", "Gender": "Male", "Respondent_Age_Group": "18-29", "Caste_Category": "ST", "Languages_Spoken": "Hindi, Gondi", "Total_School_Going_Children": 2, "Total_Children_Attending": 2, "Left_Out_Children": 0, "Dropout_Children": 0, "Last_Class_Attended": null, "Primary_Livelihood": "Agriculture", "Secondary_Livelihood": "Wage Labour", "Land_Ownership": "Own land", "Landholding_Size": "<1 acre", "Irrigation_Source": "Rainfed", "Loan_Status": "No", "Loan_Purpose": "No", "Loan_Source": "No", "Distance_Bank": "1-3 km", "Distance_Panchayat": "1-3 km", "Distance_Police": ">5 km", "Distance_PostOffice": ">5 km", "Drinking_Water_Source": "Handpump", "Water_Available_Year": "No", "Water_Alternative": "Seasonal source", "House_Type": "Kutcha", "Electrified": "Yes", "Avg_Power_Hours": "5-8 Hours", "Power_Outage_Frequency": "Frequently", "Alternate_Energy": null, "Health_Facility_Type": "CHC", "Distance_Health_Facility": ">5 km", "Health_Expense_Last3Months": "<500", "Insurance_Coverage": "No", "Healthcare_Barriers": "Transportation,Cultural Restrictions", "PDS_Type": "BPL", "PDS_Status": "Regular", "No_Pension_Availing": "Nill", "No of Persons_Pension_Eligible_But_Not_Getting": "Nill", "Pension_Type": "Nill", "Schemes_Availed": "MGNREGA", "Scheme_Barriers": "Awareness", "Skill_Training_Attended": "No", "Preferred_Skill_Area": null, "Skill_Barriers": null, "Normal_Phone": "Yes", "Computer": "No", "Smartphone": "Yes", "Network_Quality": "GOOD", "Digital_Services": "Social Media", "UPI_Usage": "Yes", "55_Women_Mobility": "With Permission", "Women_Decision_Participation": "Moderate", "Women_Community_Participation": "Moderate", "Women_Panchayat_Participation": "Moderate", "Discrimination_Faced": null, "Active_Institutions": "Nill", "Trust_Institutions": "Moderate", "Top_Need_1": "Water", "Top_Need_2": "Housing", "Top_Need_3": "Education", "Willing_VDP": "Yes", "Willing_GPDP": "Yes", "total_family_members": 3, "male_members": 0, "female_members": 3, "Age_0_5": 1, "Age_6_17": 1, "Age_18_35": 1, "Age_36_59": 0, "Age_60_Plus": 0, "literate_members": 3, "illiterate_members": 0}, "geometry": {"type": "Polygon", "coordinates": [[[81.3062103092584, 18.603869794255672], [81.30616782168767, 18.603887859836902], [81.30621190465575, 18.60398223289377], [81.30625439222649, 18.60396416731254], [81.3062103092584, 18.603869794255672]]]}}, {"type": "Feature", "properties": {"OBJECTID": 20, "area_in_me": 755.830430954, "Para_Name": "Vicha Para", "Shape_Leng": 0.000314841280181, "Shape_Area": 6.01566363016e-09, "HH NO": 18, "Panchayat Name": "Samlawar", "Village Name": "Samlawar", "Respondent_Name": "Santu Kunjam", "Gender": "Male", "Respondent_Age_Group": "18-29", "Caste_Category": "ST", "Languages_Spoken": "Hindi, Gondi", "Total_School_Going_Children": 2, "Total_Children_Attending": 2, "Left_Out_Children": 0, "Dropout_Children": 0, "Last_Class_Attended": null, "Primary_Livelihood": "Agriculture", "Secondary_Livelihood": "Wage Labour", "Land_Ownership": "Own land", "Landholding_Size": "<1 acre", "Irrigation_Source": "Rainfed", "Loan_Status": "No", "Loan_Purpose": "No", "Loan_Source": "No", "Distance_Bank": "1-3 km", "Distance_Panchayat": "1-3 km", "Distance_Police": ">5 km", "Distance_PostOffice": ">5 km", "Drinking_Water_Source": "Handpump", "Water_Available_Year": "No", "Water_Alternative": "Seasonal source", "House_Type": "Kutcha", "Electrified": "Yes", "Avg_Power_Hours": "5-8 Hours", "Power_Outage_Frequency": "Frequently", "Alternate_Energy": null, "Health_Facility_Type": "CHC", "Distance_Health_Facility": ">5 km", "Health_Expense_Last3Months": "<500", "Insurance_Coverage": "No", "Healthcare_Barriers": "Transportation,Cultural Restrictions", "PDS_Type": "BPL", "PDS_Status": "Regular", "No_Pension_Availing": "Nill", "No of Persons_Pension_Eligible_But_Not_Getting": "Nill", "Pension_Type": "Nill", "Schemes_Availed": "MGNREGA", "Scheme_Barriers": "Awareness", "Skill_Training_Attended": "No", "Preferred_Skill_Area": null, "Skill_Barriers": null, "Normal_Phone": "Yes", "Computer": "No", "Smartphone": "Yes", "Network_Quality": "GOOD", "Digital_Services": "Social Media", "UPI_Usage": "Yes", "55_Women_Mobility": "With Permission", "Women_Decision_Participation": "Moderate", "Women_Community_Participation": "Moderate", "Women_Panchayat_Participation": "Moderate", "Discrimination_Faced": null, "Active_Institutions": "Nill", "Trust_Institutions": "Moderate", "Top_Need_1": "Water", "Top_Need_2": "Housing", "Top_Need_3": "Education", "Willing_VDP": "Yes", "Willing_GPDP": "Yes", "total_family_members": 3, "male_members": 0, "female_members": 3, "Age_0_5": 1, "Age_6_17": 1, "Age_18_35": 1, "Age_36_59": 0, "Age_60_Plus": 0, "literate_members": 3, "illiterate_members": 0}, "geometry": {"type": "Polygon", "coordinates": [[[81.30464572631928, 18.60345074885305], [81.30460726771128, 18.603397683456365], [81.30453051956789, 18.60344820646958], [81.30456897817584, 18.603501270966945], [81.30464572631928, 18.60345074885305]]]}}, {"type": "Feature", "properties": {"OBJECTID": 21, "area_in_me": 398.670697841, "Para_Name": "Vicha Para", "Shape_Leng": 0.000236073645647, "Shape_Area": 3.17302300921e-09, "HH NO": 18, "Panchayat Name": "Samlawar", "Village Name": "Samlawar", "Respondent_Name": "Santu Kunjam", "Gender": "Male", "Respondent_Age_Group": "18-29", "Caste_Category": "ST", "Languages_Spoken": "Hindi, Gondi", "Total_School_Going_Children": 2, "Total_Children_Attending": 2, "Left_Out_Children": 0, "Dropout_Children": 0, "Last_Class_Attended": null, "Primary_Livelihood": "Agriculture", "Secondary_Livelihood": "Wage Labour", "Land_Ownership": "Own land", "Landholding_Size": "<1 acre", "Irrigation_Source": "Rainfed", "Loan_Status": "No", "Loan_Purpose": "No", "Loan_Source": "No", "Distance_Bank": "1-3 km", "Distance_Panchayat": "1-3 km", "Distance_Police": ">5 km", "Distance_PostOffice": ">5 km", "Drinking_Water_Source": "Handpump", "Water_Available_Year": "No", "Water_Alternative": "Seasonal source", "House_Type": "Kutcha", "Electrified": "Yes", "Avg_Power_Hours": "5-8 Hours", "Power_Outage_Frequency": "Frequently", "Alternate_Energy": null, "Health_Facility_Type": "CHC", "Distance_Health_Facility": ">5 km", "Health_Expense_Last3Months": "<500", "Insurance_Coverage": "No", "Healthcare_Barriers": "Transportation,Cultural Restrictions", "PDS_Type": "BPL", "PDS_Status": "Regular", "No_Pension_Availing": "Nill", "No of Persons_Pension_Eligible_But_Not_Getting": "Nill", "Pension_Type": "Nill", "Schemes_Availed": "MGNREGA", "Scheme_Barriers": "Awareness", "Skill_Training_Attended": "No", "Preferred_Skill_Area": null, "Skill_Barriers": null, "Normal_Phone": "Yes", "Computer": "No", "Smartphone": "Yes", "Network_Quality": "GOOD", "Digital_Services": "Social Media", "UPI_Usage": "Yes", "55_Women_Mobility": "With Permission", "Women_Decision_Participation": "Moderate", "Women_Community_Participation": "Moderate", "Women_Panchayat_Participation": "Moderate", "Discrimination_Faced": null, "Active_Institutions": "Nill", "Trust_Institutions": "Moderate", "Top_Need_1": "Water", "Top_Need_2": "Housing", "Top_Need_3": "Education", "Willing_VDP": "Yes", "Willing_GPDP": "Yes", "total_family_members": 3, "male_members": 0, "female_members": 3, "Age_0_5": 1, "Age_6_17": 1, "Age_18_35": 1, "Age_36_59": 0, "Age_60_Plus": 0, "literate_members": 3, "illiterate_members": 0}, "geometry": {"type": "Polygon", "coordinates": [[[81.30220520370722, 18.603097526629597], [81.30216792051317, 18.6031156515661], [81.30220411193028, 18.6031831636721], [81.30224139602365, 18.603164947904077], [81.30220520370722, 18.603097526629597]]]}}, {"type": "Feature", "properties": {"OBJECTID": 22, "area_in_me": 808.067712942, "Para_Name": "Vicha Para", "Shape_Leng": 0.000358746322937, "Shape_Area": 6.43134913009e-09, "HH NO": 18, "Panchayat Name": "Samlawar", "Village Name": "Samlawar", "Respondent_Name": "Santu Kunjam", "Gender": "Male", "Respondent_Age_Group": "18-29", "Caste_Category": "ST", "Languages_Spoken": "Hindi, Gondi", "Total_School_Going_Children": 2, "Total_Children_Attending": 2, "Left_Out_Children": 0, "Dropout_Children": 0, "Last_Class_Attended": null, "Primary_Livelihood": "Agriculture", "Secondary_Livelihood": "Wage Labour", "Land_Ownership": "Own land", "Landholding_Size": "<1 acre", "Irrigation_Source": "Rainfed", "Loan_Status": "No", "Loan_Purpose": "No", "Loan_Source": "No", "Distance_Bank": "1-3 km", "Distance_Panchayat": "1-3 km", "Distance_Police": ">5 km", "Distance_PostOffice": ">5 km", "Drinking_Water_Source": "Handpump", "Water_Available_Year": "No", "Water_Alternative": "Seasonal source", "House_Type": "Kutcha", "Electrified": "Yes", "Avg_Power_Hours": "5-8 Hours", "Power_Outage_Frequency": "Frequently", "Alternate_Energy": null, "Health_Facility_Type": "CHC", "Distance_Health_Facility": ">5 km", "Health_Expense_Last3Months": "<500", "Insurance_Coverage": "No", "Healthcare_Barriers": "Transportation,Cultural Restrictions", "PDS_Type": "BPL", "PDS_Status": "Regular", "No_Pension_Availing": "Nill", "No of Persons_Pension_Eligible_But_Not_Getting": "Nill", "Pension_Type": "Nill", "Schemes_Availed": "MGNREGA", "Scheme_Barriers": "Awareness", "Skill_Training_Attended": "No", "Preferred_Skill_Area": null, "Skill_Barriers": null, "Normal_Phone": "Yes", "Computer": "No", "Smartphone": "Yes", "Network_Quality": "GOOD", "Digital_Services": "Social Media", "UPI_Usage": "Yes", "55_Women_Mobility": "With Permission", "Women_Decision_Participation": "Moderate", "Women_Community_Participation": "Moderate", "Women_Panchayat_Participation": "Moderate", "Discrimination_Faced": null, "Active_Institutions": "Nill", "Trust_Institutions": "Moderate", "Top_Need_1": "Water", "Top_Need_2": "Housing", "Top_Need_3": "Education", "Willing_VDP": "Yes", "Willing_GPDP": "Yes", "total_family_members": 3, "male_members": 0, "female_members": 3, "Age_0_5": 1, "Age_6_17": 1, "Age_18_35": 1, "Age_36_59": 0, "Age_60_Plus": 0, "literate_members": 3, "illiterate_members": 0}, "geometry": {"type": "Polygon", "coordinates": [[[81.30466193210253, 18.60185612855753], [81.30453228313843, 18.60186315765867], [81.30453522212287, 18.601912604183383], [81.30466487108697, 18.6019055750823], [81.30466193210253, 18.60185612855753]]]}}, {"type": "Feature", "properties": {"OBJECTID": 23, "area_in_me": 671.843824511, "Para_Name": "Vicha Para", "Shape_Leng": 0.000293121179292, "Shape_Area": 5.34722028069e-09, "HH NO": 18, "Panchayat Name": "Samlawar", "Village Name": "Samlawar", "Respondent_Name": "Santu Kunjam", "Gender": "Male", "Respondent_Age_Group": "18-29", "Caste_Category": "ST", "Languages_Spoken": "Hindi, Gondi", "Total_School_Going_Children": 2, "Total_Children_Attending": 2, "Left_Out_Children": 0, "Dropout_Children": 0, "Last_Class_Attended": null, "Primary_Livelihood": "Agriculture", "Secondary_Livelihood": "Wage Labour", "Land_Ownership": "Own land", "Landholding_Size": "<1 acre", "Irrigation_Source": "Rainfed", "Loan_Status": "No", "Loan_Purpose": "No", "Loan_Source": "No", "Distance_Bank": "1-3 km", "Distance_Panchayat": "1-3 km", "Distance_Police": ">5 km", "Distance_PostOffice": ">5 km", "Drinking_Water_Source": "Handpump", "Water_Available_Year": "No", "Water_Alternative": "Seasonal source", "House_Type": "Kutcha", "Electrified": "Yes", "Avg_Power_Hours": "5-8 Hours", "Power_Outage_Frequency": "Frequently", "Alternate_Energy": null, "Health_Facility_Type": "CHC", "Distance_Health_Facility": ">5 km", "Health_Expense_Last3Months": "<500", "Insurance_Coverage": "No", "Healthcare_Barriers": "Transportation,Cultural Restrictions", "PDS_Type": "BPL", "PDS_Status": "Regular", "No_Pension_Availing": "Nill", "No of Persons_Pension_Eligible_But_Not_Getting": "Nill", "Pension_Type": "Nill", "Schemes_Availed": "MGNREGA", "Scheme_Barriers": "Awareness", "Skill_Training_Attended": "No", "Preferred_Skill_Area": null, "Skill_Barriers": null, "Normal_Phone": "Yes", "Computer": "No", "Smartphone": "Yes", "Network_Quality": "GOOD", "Digital_Services": "Social Media", "UPI_Usage": "Yes", "55_Women_Mobility": "With Permission", "Women_Decision_Participation": "Moderate", "Women_Community_Participation": "Moderate", "Women_Panchayat_Participation": "Moderate", "Discrimination_Faced": null, "Active_Institutions": "Nill", "Trust_Institutions": "Moderate", "Top_Need_1": "Water", "Top_Need_2": "Housing", "Top_Need_3": "Education", "Willing_VDP": "Yes", "Willing_GPDP": "Yes", "total_family_members": 3, "male_members": 0, "female_members": 3, "Age_0_5": 1, "Age_6_17": 1, "Age_18_35": 1, "Age_36_59": 0, "Age_60_Plus": 0, "literate_members": 3, "illiterate_members": 0}, "geometry": {"type": "Polygon", "coordinates": [[[81.302191516925, 18.603430122002578], [81.30216372157855, 18.603367130788513], [81.30209158965522, 18.603396039495692], [81.30211938410235, 18.603459030709757], [81.302191516925, 18.603430122002578]]]}}, {"type": "Feature", "properties": {"OBJECTID": 24, "area_in_me": 573.301873598, "Para_Name": "Vicha Para", "Shape_Leng": 0.000290939618544, "Shape_Area": 4.56281691289e-09, "HH NO": 18, "Panchayat Name": "Samlawar", "Village Name": "Samlawar", "Respondent_Name": "Santu Kunjam", "Gender": "Male", "Respondent_Age_Group": "18-29", "Caste_Category": "ST", "Languages_Spoken": "Hindi, Gondi", "Total_School_Going_Children": 2, "Total_Children_Attending": 2, "Left_Out_Children": 0, "Dropout_Children": 0, "Last_Class_Attended": null, "Primary_Livelihood": "Agriculture", "Secondary_Livelihood": "Wage Labour", "Land_Ownership": "Own land", "Landholding_Size": "<1 acre", "Irrigation_Source": "Rainfed", "Loan_Status": "No", "Loan_Purpose": "No", "Loan_Source": "No", "Distance_Bank": "1-3 km", "Distance_Panchayat": "1-3 km", "Distance_Police": ">5 km", "Distance_PostOffice": ">5 km", "Drinking_Water_Source": "Handpump", "Water_Available_Year": "No", "Water_Alternative": "Seasonal source", "House_Type": "Kutcha", "Electrified": "Yes", "Avg_Power_Hours": "5-8 Hours", "Power_Outage_Frequency": "Frequently", "Alternate_Energy": null, "Health_Facility_Type": "CHC", "Distance_Health_Facility": ">5 km", "Health_Expense_Last3Months": "<500", "Insurance_Coverage": "No", "Healthcare_Barriers": "Transportation,Cultural Restrictions", "PDS_Type": "BPL", "PDS_Status": "Regular", "No_Pension_Availing": "Nill", "No of Persons_Pension_Eligible_But_Not_Getting": "Nill", "Pension_Type": "Nill", "Schemes_Availed": "MGNREGA", "Scheme_Barriers": "Awareness", "Skill_Training_Attended": "No", "Preferred_Skill_Area": null, "Skill_Barriers": null, "Normal_Phone": "Yes", "Computer": "No", "Smartphone": "Yes", "Network_Quality": "GOOD", "Digital_Services": "Social Media", "UPI_Usage": "Yes", "55_Women_Mobility": "With Permission", "Women_Decision_Participation": "Moderate", "Women_Community_Participation": "Moderate", "Women_Panchayat_Participation": "Moderate", "Discrimination_Faced": null, "Active_Institutions": "Nill", "Trust_Institutions": "Moderate", "Top_Need_1": "Water", "Top_Need_2": "Housing", "Top_Need_3": "Education", "Willing_VDP": "Yes", "Willing_GPDP": "Yes", "total_family_members": 3, "male_members": 0, "female_members": 3, "Age_0_5": 1, "Age_6_17": 1, "Age_18_35": 1, "Age_36_59": 0, "Age_60_Plus": 0, "literate_members": 3, "illiterate_members": 0}, "geometry": {"type": "Polygon", "coordinates": [[[81.30591919331619, 18.600966753912587], [81.30588527088861, 18.60087303196491], [81.30584177517784, 18.600887368057613], [81.30587569850474, 18.600981090904668], [81.30591919331619, 18.600966753912587]]]}}, {"type": "Feature", "properties": {"OBJECTID": 25, "area_in_me": 360.004979601, "Para_Name": "Vicha Para", "Shape_Leng": 0.00021956651445, "Shape_Area": 2.86520939684e-09, "HH NO": 18, "Panchayat Name": "Samlawar", "Village Name": "Samlawar", "Respondent_Name": "Santu Kunjam", "Gender": "Male", "Respondent_Age_Group": "18-29", "Caste_Category": "ST", "Languages_Spoken": "Hindi, Gondi", "Total_School_Going_Children": 2, "Total_Children_Attending": 2, "Left_Out_Children": 0, "Dropout_Children": 0, "Last_Class_Attended": null, "Primary_Livelihood": "Agriculture", "Secondary_Livelihood": "Wage Labour", "Land_Ownership": "Own land", "Landholding_Size": "<1 acre", "Irrigation_Source": "Rainfed", "Loan_Status": "No", "Loan_Purpose": "No", "Loan_Source": "No", "Distance_Bank": "1-3 km", "Distance_Panchayat": "1-3 km", "Distance_Police": ">5 km", "Distance_PostOffice": ">5 km", "Drinking_Water_Source": "Handpump", "Water_Available_Year": "No", "Water_Alternative": "Seasonal source", "House_Type": "Kutcha", "Electrified": "Yes", "Avg_Power_Hours": "5-8 Hours", "Power_Outage_Frequency": "Frequently", "Alternate_Energy": null, "Health_Facility_Type": "CHC", "Distance_Health_Facility": ">5 km", "Health_Expense_Last3Months": "<500", "Insurance_Coverage": "No", "Healthcare_Barriers": "Transportation,Cultural Restrictions", "PDS_Type": "BPL", "PDS_Status": "Regular", "No_Pension_Availing": "Nill", "No of Persons_Pension_Eligible_But_Not_Getting": "Nill", "Pension_Type": "Nill", "Schemes_Availed": "MGNREGA", "Scheme_Barriers": "Awareness", "Skill_Training_Attended": "No", "Preferred_Skill_Area": null, "Skill_Barriers": null, "Normal_Phone": "Yes", "Computer": "No", "Smartphone": "Yes", "Network_Quality": "GOOD", "Digital_Services": "Social Media", "UPI_Usage": "Yes", "55_Women_Mobility": "With Permission", "Women_Decision_Participation": "Moderate", "Women_Community_Participation": "Moderate", "Women_Panchayat_Participation": "Moderate", "Discrimination_Faced": null, "Active_Institutions": "Nill", "Trust_Institutions": "Moderate", "Top_Need_1": "Water", "Top_Need_2": "Housing", "Top_Need_3": "Education", "Willing_VDP": "Yes", "Willing_GPDP": "Yes", "total_family_members": 3, "male_members": 0, "female_members": 3, "Age_0_5": 1, "Age_6_17": 1, "Age_18_35": 1, "Age_36_59": 0, "Age_60_Plus": 0, "literate_members": 3, "illiterate_members": 0}, "geometry": {"type": "Polygon", "coordinates": [[[81.30662099366401, 18.602556484594118], [81.30659697906736, 18.602493937645136], [81.3065565914136, 18.602508058799913], [81.30658060601024, 18.602570604849575], [81.30662099366401, 18.602556484594118]]]}}, {"type": "Feature", "properties": {"OBJECTID": 26, "area_in_me": 551.929788058, "Para_Name": "Vicha Para", "Shape_Leng": 0.000277899064665, "Shape_Area": 4.39280645764e-09, "HH NO": 18, "Panchayat Name": "Samlawar", "Village Name": "Samlawar", "Respondent_Name": "Santu Kunjam", "Gender": "Male", "Respondent_Age_Group": "18-29", "Caste_Category": "ST", "Languages_Spoken": "Hindi, Gondi", "Total_School_Going_Children": 2, "Total_Children_Attending": 2, "Left_Out_Children": 0, "Dropout_Children": 0, "Last_Class_Attended": null, "Primary_Livelihood": "Agriculture", "Secondary_Livelihood": "Wage Labour", "Land_Ownership": "Own land", "Landholding_Size": "<1 acre", "Irrigation_Source": "Rainfed", "Loan_Status": "No", "Loan_Purpose": "No", "Loan_Source": "No", "Distance_Bank": "1-3 km", "Distance_Panchayat": "1-3 km", "Distance_Police": ">5 km", "Distance_PostOffice": ">5 km", "Drinking_Water_Source": "Handpump", "Water_Available_Year": "No", "Water_Alternative": "Seasonal source", "House_Type": "Kutcha", "Electrified": "Yes", "Avg_Power_Hours": "5-8 Hours", "Power_Outage_Frequency": "Frequently", "Alternate_Energy": null, "Health_Facility_Type": "CHC", "Distance_Health_Facility": ">5 km", "Health_Expense_Last3Months": "<500", "Insurance_Coverage": "No", "Healthcare_Barriers": "Transportation,Cultural Restrictions", "PDS_Type": "BPL", "PDS_Status": "Regular", "No_Pension_Availing": "Nill", "No of Persons_Pension_Eligible_But_Not_Getting": "Nill", "Pension_Type": "Nill", "Schemes_Availed": "MGNREGA", "Scheme_Barriers": "Awareness", "Skill_Training_Attended": "No", "Preferred_Skill_Area": null, "Skill_Barriers": null, "Normal_Phone": "Yes", "Computer": "No", "Smartphone": "Yes", "Network_Quality": "GOOD", "Digital_Services": "Social Media", "UPI_Usage": "Yes", "55_Women_Mobility": "With Permission", "Women_Decision_Participation": "Moderate", "Women_Community_Participation": "Moderate", "Women_Panchayat_Participation": "Moderate", "Discrimination_Faced": null, "Active_Institutions": "Nill", "Trust_Institutions": "Moderate", "Top_Need_1": "Water", "Top_Need_2": "Housing", "Top_Need_3": "Education", "Willing_VDP": "Yes", "Willing_GPDP": "Yes", "total_family_members": 3, "male_members": 0, "female_members": 3, "Age_0_5": 1, "Age_6_17": 1, "Age_18_35": 1, "Age_36_59": 0, "Age_60_Plus": 0, "literate_members": 3, "illiterate_members": 0}, "geometry": {"type": "Polygon", "coordinates": [[[81.30323998343852, 18.603091942739013], [81.30318817349547, 18.603018140774623], [81.30314711135014, 18.603044355112957], [81.30319892129324, 18.603118247009547], [81.30323998343852, 18.603091942739013]]]}}, {"type": "Feature", "properties": {"OBJECTID": 27, "area_in_me": 865.909252773, "Para_Name": "Vicha Para", "Shape_Leng": 0.000351828704126, "Shape_Area": 6.89175307036e-09, "HH NO": 18, "Panchayat Name": "Samlawar", "Village Name": "Samlawar", "Respondent_Name": "Santu Kunjam", "Gender": "Male", "Respondent_Age_Group": "18-29", "Caste_Category": "ST", "Languages_Spoken": "Hindi, Gondi", "Total_School_Going_Children": 2, "Total_Children_Attending": 2, "Left_Out_Children": 0, "Dropout_Children": 0, "Last_Class_Attended": null, "Primary_Livelihood": "Agriculture", "Secondary_Livelihood": "Wage Labour", "Land_Ownership": "Own land", "Landholding_Size": "<1 acre", "Irrigation_Source": "Rainfed", "Loan_Status": "No", "Loan_Purpose": "No", "Loan_Source": "No", "Distance_Bank": "1-3 km", "Distance_Panchayat": "1-3 km", "Distance_Police": ">5 km", "Distance_PostOffice": ">5 km", "Drinking_Water_Source": "Handpump", "Water_Available_Year": "No", "Water_Alternative": "Seasonal source", "House_Type": "Kutcha", "Electrified": "Yes", "Avg_Power_Hours": "5-8 Hours", "Power_Outage_Frequency": "Frequently", "Alternate_Energy": null, "Health_Facility_Type": "CHC", "Distance_Health_Facility": ">5 km", "Health_Expense_Last3Months": "<500", "Insurance_Coverage": "No", "Healthcare_Barriers": "Transportation,Cultural Restrictions", "PDS_Type": "BPL", "PDS_Status": "Regular", "No_Pension_Availing": "Nill", "No of Persons_Pension_Eligible_But_Not_Getting": "Nill", "Pension_Type": "Nill", "Schemes_Availed": "MGNREGA", "Scheme_Barriers": "Awareness", "Skill_Training_Attended": "No", "Preferred_Skill_Area": null, "Skill_Barriers": null, "Normal_Phone": "Yes", "Computer": "No", "Smartphone": "Yes", "Network_Quality": "GOOD", "Digital_Services": "Social Media", "UPI_Usage": "Yes", "55_Women_Mobility": "With Permission", "Women_Decision_Participation": "Moderate", "Women_Community_Participation": "Moderate", "Women_Panchayat_Participation": "Moderate", "Discrimination_Faced": null, "Active_Institutions": "Nill", "Trust_Institutions": "Moderate", "Top_Need_1": "Water", "Top_Need_2": "Housing", "Top_Need_3": "Education", "Willing_VDP": "Yes", "Willing_GPDP": "Yes", "total_family_members": 3, "male_members": 0, "female_members": 3, "Age_0_5": 1, "Age_6_17": 1, "Age_18_35": 1, "Age_36_59": 0, "Age_60_Plus": 0, "literate_members": 3, "illiterate_members": 0}, "geometry": {"type": "Polygon", "coordinates": [[[81.30300746732081, 18.603366544430514], [81.30293760348769, 18.603272775718096], [81.30288873252903, 18.603305904044305], [81.3029585963622, 18.603399583723842], [81.30300746732081, 18.603366544430514]]]}}, {"type": "Feature", "properties": {"OBJECTID": 28, "area_in_me": 575.677842683, "Para_Name": "Vicha Para", "Shape_Leng": 0.000271039339917, "Shape_Area": 4.58179606321e-09, "HH NO": 18, "Panchayat Name": "Samlawar", "Village Name": "Samlawar", "Respondent_Name": "Santu Kunjam", "Gender": "Male", "Respondent_Age_Group": "18-29", "Caste_Category": "ST", "Languages_Spoken": "Hindi, Gondi", "Total_School_Going_Children": 2, "Total_Children_Attending": 2, "Left_Out_Children": 0, "Dropout_Children": 0, "Last_Class_Attended": null, "Primary_Livelihood": "Agriculture", "Secondary_Livelihood": "Wage Labour", "Land_Ownership": "Own land", "Landholding_Size": "<1 acre", "Irrigation_Source": "Rainfed", "Loan_Status": "No", "Loan_Purpose": "No", "Loan_Source": "No", "Distance_Bank": "1-3 km", "Distance_Panchayat": "1-3 km", "Distance_Police": ">5 km", "Distance_PostOffice": ">5 km", "Drinking_Water_Source": "Handpump", "Water_Available_Year": "No", "Water_Alternative": "Seasonal source", "House_Type": "Kutcha", "Electrified": "Yes", "Avg_Power_Hours": "5-8 Hours", "Power_Outage_Frequency": "Frequently", "Alternate_Energy": null, "Health_Facility_Type": "CHC", "Distance_Health_Facility": ">5 km", "Health_Expense_Last3Months": "<500", "Insurance_Coverage": "No", "Healthcare_Barriers": "Transportation,Cultural Restrictions", "PDS_Type": "BPL", "PDS_Status": "Regular", "No_Pension_Availing": "Nill", "No of Persons_Pension_Eligible_But_Not_Getting": "Nill", "Pension_Type": "Nill", "Schemes_Availed": "MGNREGA", "Scheme_Barriers": "Awareness", "Skill_Training_Attended": "No", "Preferred_Skill_Area": null, "Skill_Barriers": null, "Normal_Phone": "Yes", "Computer": "No", "Smartphone": "Yes", "Network_Quality": "GOOD", "Digital_Services": "Social Media", "UPI_Usage": "Yes", "55_Women_Mobility": "With Permission", "Women_Decision_Participation": "Moderate", "Women_Community_Participation": "Moderate", "Women_Panchayat_Participation": "Moderate", "Discrimination_Faced": null, "Active_Institutions": "Nill", "Trust_Institutions": "Moderate", "Top_Need_1": "Water", "Top_Need_2": "Housing", "Top_Need_3": "Education", "Willing_VDP": "Yes", "Willing_GPDP": "Yes", "total_family_members": 3, "male_members": 0, "female_members": 3, "Age_0_5": 1, "Age_6_17": 1, "Age_18_35": 1, "Age_36_59": 0, "Age_60_Plus": 0, "literate_members": 3, "illiterate_members": 0}, "geometry": {"type": "Polygon", "coordinates": [[[81.30198242634793, 18.602200351265253], [81.30194472227117, 18.60214130357832], [81.30188812523687, 18.602174073974368], [81.30192582841431, 18.60223321249282], [81.30198242634793, 18.602200351265253]]]}}, {"type": "Feature", "properties": {"OBJECTID": 29, "area_in_me": 435.223176731, "Para_Name": "Vicha Para", "Shape_Leng": 0.00023619817147, "Shape_Area": 3.46385904829e-09, "HH NO": 18, "Panchayat Name": "Samlawar", "Village Name": "Samlawar", "Respondent_Name": "Santu Kunjam", "Gender": "Male", "Respondent_Age_Group": "18-29", "Caste_Category": "ST", "Languages_Spoken": "Hindi, Gondi", "Total_School_Going_Children": 2, "Total_Children_Attending": 2, "Left_Out_Children": 0, "Dropout_Children": 0, "Last_Class_Attended": null, "Primary_Livelihood": "Agriculture", "Secondary_Livelihood": "Wage Labour", "Land_Ownership": "Own land", "Landholding_Size": "<1 acre", "Irrigation_Source": "Rainfed", "Loan_Status": "No", "Loan_Purpose": "No", "Loan_Source": "No", "Distance_Bank": "1-3 km", "Distance_Panchayat": "1-3 km", "Distance_Police": ">5 km", "Distance_PostOffice": ">5 km", "Drinking_Water_Source": "Handpump", "Water_Available_Year": "No", "Water_Alternative": "Seasonal source", "House_Type": "Kutcha", "Electrified": "Yes", "Avg_Power_Hours": "5-8 Hours", "Power_Outage_Frequency": "Frequently", "Alternate_Energy": null, "Health_Facility_Type": "CHC", "Distance_Health_Facility": ">5 km", "Health_Expense_Last3Months": "<500", "Insurance_Coverage": "No", "Healthcare_Barriers": "Transportation,Cultural Restrictions", "PDS_Type": "BPL", "PDS_Status": "Regular", "No_Pension_Availing": "Nill", "No of Persons_Pension_Eligible_But_Not_Getting": "Nill", "Pension_Type": "Nill", "Schemes_Availed": "MGNREGA", "Scheme_Barriers": "Awareness", "Skill_Training_Attended": "No", "Preferred_Skill_Area": null, "Skill_Barriers": null, "Normal_Phone": "Yes", "Computer": "No", "Smartphone": "Yes", "Network_Quality": "GOOD", "Digital_Services": "Social Media", "UPI_Usage": "Yes", "55_Women_Mobility": "With Permission", "Women_Decision_Participation": "Moderate", "Women_Community_Participation": "Moderate", "Women_Panchayat_Participation": "Moderate", "Discrimination_Faced": null, "Active_Institutions": "Nill", "Trust_Institutions": "Moderate", "Top_Need_1": "Water", "Top_Need_2": "Housing", "Top_Need_3": "Education", "Willing_VDP": "Yes", "Willing_GPDP": "Yes", "total_family_members": 3, "male_members": 0, "female_members": 3, "Age_0_5": 1, "Age_6_17": 1, "Age_18_35": 1, "Age_36_59": 0, "Age_60_Plus": 0, "literate_members": 3, "illiterate_members": 0}, "geometry": {"type": "Polygon", "coordinates": [[[81.30494037389917, 18.600980153811122], [81.3049195491979, 18.6009200008574], [81.30486765651722, 18.600936283982378], [81.30488848121848, 18.600996526868244], [81.30494037389917, 18.600980153811122]]]}}, {"type": "Feature", "properties": {"OBJECTID": 30, "area_in_me": 571.407185937, "Para_Name": "Vicha Para", "Shape_Leng": 0.000278586084874, "Shape_Area": 4.54777110578e-09, "HH NO": 18, "Panchayat Name": "Samlawar", "Village Name": "Samlawar", "Respondent_Name": "Santu Kunjam", "Gender": "Male", "Respondent_Age_Group": "18-29", "Caste_Category": "ST", "Languages_Spoken": "Hindi, Gondi", "Total_School_Going_Children": 2, "Total_Children_Attending": 2, "Left_Out_Children": 0, "Dropout_Children": 0, "Last_Class_Attended": null, "Primary_Livelihood": "Agriculture", "Secondary_Livelihood": "Wage Labour", "Land_Ownership": "Own land", "Landholding_Size": "<1 acre", "Irrigation_Source": "Rainfed", "Loan_Status": "No", "Loan_Purpose": "No", "Loan_Source": "No", "Distance_Bank": "1-3 km", "Distance_Panchayat": "1-3 km", "Distance_Police": ">5 km", "Distance_PostOffice": ">5 km", "Drinking_Water_Source": "Handpump", "Water_Available_Year": "No", "Water_Alternative": "Seasonal source", "House_Type": "Kutcha", "Electrified": "Yes", "Avg_Power_Hours": "5-8 Hours", "Power_Outage_Frequency": "Frequently", "Alternate_Energy": null, "Health_Facility_Type": "CHC", "Distance_Health_Facility": ">5 km", "Health_Expense_Last3Months": "<500", "Insurance_Coverage": "No", "Healthcare_Barriers": "Transportation,Cultural Restrictions", "PDS_Type": "BPL", "PDS_Status": "Regular", "No_Pension_Availing": "Nill", "No of Persons_Pension_Eligible_But_Not_Getting": "Nill", "Pension_Type": "Nill", "Schemes_Availed": "MGNREGA", "Scheme_Barriers": "Awareness", "Skill_Training_Attended": "No", "Preferred_Skill_Area": null, "Skill_Barriers": null, "Normal_Phone": "Yes", "Computer": "No", "Smartphone": "Yes", "Network_Quality": "GOOD", "Digital_Services": "Social Media", "UPI_Usage": "Yes", "55_Women_Mobility": "With Permission", "Women_Decision_Participation": "Moderate", "Women_Community_Participation": "Moderate", "Women_Panchayat_Participation": "Moderate", "Discrimination_Faced": null, "Active_Institutions": "Nill", "Trust_Institutions": "Moderate", "Top_Need_1": "Water", "Top_Need_2": "Housing", "Top_Need_3": "Education", "Willing_VDP": "Yes", "Willing_GPDP": "Yes", "total_family_members": 3, "male_members": 0, "female_members": 3, "Age_0_5": 1, "Age_6_17": 1, "Age_18_35": 1, "Age_36_59": 0, "Age_60_Plus": 0, "literate_members": 3, "illiterate_members": 0}, "geometry": {"type": "Polygon", "coordinates": [[[81.30618125665973, 18.60196427563085], [81.30612684587732, 18.60189646135268], [81.30608452647976, 18.60192737914531], [81.30613893726218, 18.601995103491276], [81.30618125665973, 18.60196427563085]]]}}, {"type": "Feature", "properties": {"OBJECTID": 31, "area_in_me": 397.356833483, "Para_Name": "Vicha Para", "Shape_Leng": 0.000237700829085, "Shape_Area": 3.16253493858e-09, "HH NO": 18, "Panchayat Name": "Samlawar", "Village Name": "Samlawar", "Respondent_Name": "Santu Kunjam", "Gender": "Male", "Respondent_Age_Group": "18-29", "Caste_Category": "ST", "Languages_Spoken": "Hindi, Gondi", "Total_School_Going_Children": 2, "Total_Children_Attending": 2, "Left_Out_Children": 0, "Dropout_Children": 0, "Last_Class_Attended": null, "Primary_Livelihood": "Agriculture", "Secondary_Livelihood": "Wage Labour", "Land_Ownership": "Own land", "Landholding_Size": "<1 acre", "Irrigation_Source": "Rainfed", "Loan_Status": "No", "Loan_Purpose": "No", "Loan_Source": "No", "Distance_Bank": "1-3 km", "Distance_Panchayat": "1-3 km", "Distance_Police": ">5 km", "Distance_PostOffice": ">5 km", "Drinking_Water_Source": "Handpump", "Water_Available_Year": "No", "Water_Alternative": "Seasonal source", "House_Type": "Kutcha", "Electrified": "Yes", "Avg_Power_Hours": "5-8 Hours", "Power_Outage_Frequency": "Frequently", "Alternate_Energy": null, "Health_Facility_Type": "CHC", "Distance_Health_Facility": ">5 km", "Health_Expense_Last3Months": "<500", "Insurance_Coverage": "No", "Healthcare_Barriers": "Transportation,Cultural Restrictions", "PDS_Type": "BPL", "PDS_Status": "Regular", "No_Pension_Availing": "Nill", "No of Persons_Pension_Eligible_But_Not_Getting": "Nill", "Pension_Type": "Nill", "Schemes_Availed": "MGNREGA", "Scheme_Barriers": "Awareness", "Skill_Training_Attended": "No", "Preferred_Skill_Area": null, "Skill_Barriers": null, "Normal_Phone": "Yes", "Computer": "No", "Smartphone": "Yes", "Network_Quality": "GOOD", "Digital_Services": "Social Media", "UPI_Usage": "Yes", "55_Women_Mobility": "With Permission", "Women_Decision_Participation": "Moderate", "Women_Community_Participation": "Moderate", "Women_Panchayat_Participation": "Moderate", "Discrimination_Faced": null, "Active_Institutions": "Nill", "Trust_Institutions": "Moderate", "Top_Need_1": "Water", "Top_Need_2": "Housing", "Top_Need_3": "Education", "Willing_VDP": "Yes", "Willing_GPDP": "Yes", "total_family_members": 3, "male_members": 0, "female_members": 3, "Age_0_5": 1, "Age_6_17": 1, "Age_18_35": 1, "Age_36_59": 0, "Age_60_Plus": 0, "literate_members": 3, "illiterate_members": 0}, "geometry": {"type": "Polygon", "coordinates": [[[81.30605102313626, 18.601458230712808], [81.30609619788129, 18.60139394267634], [81.30606219091743, 18.601372251028636], [81.30601709980937, 18.601436543561704], [81.30605102313626, 18.601458230712808]]]}}, {"type": "Feature", "properties": {"OBJECTID": 32, "area_in_me": 612.265155733, "Para_Name": "Vicha Para", "Shape_Leng": 0.000303188324246, "Shape_Area": 4.87294613653e-09, "HH NO": 18, "Panchayat Name": "Samlawar", "Village Name": "Samlawar", "Respondent_Name": "Santu Kunjam", "Gender": "Male", "Respondent_Age_Group": "18-29", "Caste_Category": "ST", "Languages_Spoken": "Hindi, Gondi", "Total_School_Going_Children": 2, "Total_Children_Attending": 2, "Left_Out_Children": 0, "Dropout_Children": 0, "Last_Class_Attended": null, "Primary_Livelihood": "Agriculture", "Secondary_Livelihood": "Wage Labour", "Land_Ownership": "Own land", "Landholding_Size": "<1 acre", "Irrigation_Source": "Rainfed", "Loan_Status": "No", "Loan_Purpose": "No", "Loan_Source": "No", "Distance_Bank": "1-3 km", "Distance_Panchayat": "1-3 km", "Distance_Police": ">5 km", "Distance_PostOffice": ">5 km", "Drinking_Water_Source": "Handpump", "Water_Available_Year": "No", "Water_Alternative": "Seasonal source", "House_Type": "Kutcha", "Electrified": "Yes", "Avg_Power_Hours": "5-8 Hours", "Power_Outage_Frequency": "Frequently", "Alternate_Energy": null, "Health_Facility_Type": "CHC", "Distance_Health_Facility": ">5 km", "Health_Expense_Last3Months": "<500", "Insurance_Coverage": "No", "Healthcare_Barriers": "Transportation,Cultural Restrictions", "PDS_Type": "BPL", "PDS_Status": "Regular", "No_Pension_Availing": "Nill", "No of Persons_Pension_Eligible_But_Not_Getting": "Nill", "Pension_Type": "Nill", "Schemes_Availed": "MGNREGA", "Scheme_Barriers": "Awareness", "Skill_Training_Attended": "No", "Preferred_Skill_Area": null, "Skill_Barriers": null, "Normal_Phone": "Yes", "Computer": "No", "Smartphone": "Yes", "Network_Quality": "GOOD", "Digital_Services": "Social Media", "UPI_Usage": "Yes", "55_Women_Mobility": "With Permission", "Women_Decision_Participation": "Moderate", "Women_Community_Participation": "Moderate", "Women_Panchayat_Participation": "Moderate", "Discrimination_Faced": null, "Active_Institutions": "Nill", "Trust_Institutions": "Moderate", "Top_Need_1": "Water", "Top_Need_2": "Housing", "Top_Need_3": "Education", "Willing_VDP": "Yes", "Willing_GPDP": "Yes", "total_family_members": 3, "male_members": 0, "female_members": 3, "Age_0_5": 1, "Age_6_17": 1, "Age_18_35": 1, "Age_36_59": 0, "Age_60_Plus": 0, "literate_members": 3, "illiterate_members": 0}, "geometry": {"type": "Polygon", "coordinates": [[[81.30426500822358, 18.60201525819764], [81.30421916078569, 18.602021491398773], [81.30423461113844, 18.60212567695845], [81.30428045857639, 18.602119443757374], [81.30426500822358, 18.60201525819764]]]}}, {"type": "Feature", "properties": {"OBJECTID": 33, "area_in_me": 406.525659289, "Para_Name": "Vicha Para", "Shape_Leng": 0.000231306075207, "Shape_Area": 3.23554771418e-09, "HH NO": 18, "Panchayat Name": "Samlawar", "Village Name": "Samlawar", "Respondent_Name": "Santu Kunjam", "Gender": "Male", "Respondent_Age_Group": "18-29", "Caste_Category": "ST", "Languages_Spoken": "Hindi, Gondi", "Total_School_Going_Children": 2, "Total_Children_Attending": 2, "Left_Out_Children": 0, "Dropout_Children": 0, "Last_Class_Attended": null, "Primary_Livelihood": "Agriculture", "Secondary_Livelihood": "Wage Labour", "Land_Ownership": "Own land", "Landholding_Size": "<1 acre", "Irrigation_Source": "Rainfed", "Loan_Status": "No", "Loan_Purpose": "No", "Loan_Source": "No", "Distance_Bank": "1-3 km", "Distance_Panchayat": "1-3 km", "Distance_Police": ">5 km", "Distance_PostOffice": ">5 km", "Drinking_Water_Source": "Handpump", "Water_Available_Year": "No", "Water_Alternative": "Seasonal source", "House_Type": "Kutcha", "Electrified": "Yes", "Avg_Power_Hours": "5-8 Hours", "Power_Outage_Frequency": "Frequently", "Alternate_Energy": null, "Health_Facility_Type": "CHC", "Distance_Health_Facility": ">5 km", "Health_Expense_Last3Months": "<500", "Insurance_Coverage": "No", "Healthcare_Barriers": "Transportation,Cultural Restrictions", "PDS_Type": "BPL", "PDS_Status": "Regular", "No_Pension_Availing": "Nill", "No of Persons_Pension_Eligible_But_Not_Getting": "Nill", "Pension_Type": "Nill", "Schemes_Availed": "MGNREGA", "Scheme_Barriers": "Awareness", "Skill_Training_Attended": "No", "Preferred_Skill_Area": null, "Skill_Barriers": null, "Normal_Phone": "Yes", "Computer": "No", "Smartphone": "Yes", "Network_Quality": "GOOD", "Digital_Services": "Social Media", "UPI_Usage": "Yes", "55_Women_Mobility": "With Permission", "Women_Decision_Participation": "Moderate", "Women_Community_Participation": "Moderate", "Women_Panchayat_Participation": "Moderate", "Discrimination_Faced": null, "Active_Institutions": "Nill", "Trust_Institutions": "Moderate", "Top_Need_1": "Water", "Top_Need_2": "Housing", "Top_Need_3": "Education", "Willing_VDP": "Yes", "Willing_GPDP": "Yes", "total_family_members": 3, "male_members": 0, "female_members": 3, "Age_0_5": 1, "Age_6_17": 1, "Age_18_35": 1, "Age_36_59": 0, "Age_60_Plus": 0, "literate_members": 3, "illiterate_members": 0}, "geometry": {"type": "Polygon", "coordinates": [[[81.30197596022242, 18.604212714745017], [81.30194111149314, 18.604154247120846], [81.30189929391736, 18.604176833594067], [81.30193414174732, 18.60423539115044], [81.30197596022242, 18.604212714745017]]]}}, {"type": "Feature", "properties": {"OBJECTID": 34, "area_in_me": 452.816691254, "Para_Name": "Vicha Para", "Shape_Leng": 0.000251752574712, "Shape_Area": 3.60398648862e-09, "HH NO": 18, "Panchayat Name": "Samlawar", "Village Name": "Samlawar", "Respondent_Name": "Santu Kunjam", "Gender": "Male", "Respondent_Age_Group": "18-29", "Caste_Category": "ST", "Languages_Spoken": "Hindi, Gondi", "Total_School_Going_Children": 2, "Total_Children_Attending": 2, "Left_Out_Children": 0, "Dropout_Children": 0, "Last_Class_Attended": null, "Primary_Livelihood": "Agriculture", "Secondary_Livelihood": "Wage Labour", "Land_Ownership": "Own land", "Landholding_Size": "<1 acre", "Irrigation_Source": "Rainfed", "Loan_Status": "No", "Loan_Purpose": "No", "Loan_Source": "No", "Distance_Bank": "1-3 km", "Distance_Panchayat": "1-3 km", "Distance_Police": ">5 km", "Distance_PostOffice": ">5 km", "Drinking_Water_Source": "Handpump", "Water_Available_Year": "No", "Water_Alternative": "Seasonal source", "House_Type": "Kutcha", "Electrified": "Yes", "Avg_Power_Hours": "5-8 Hours", "Power_Outage_Frequency": "Frequently", "Alternate_Energy": null, "Health_Facility_Type": "CHC", "Distance_Health_Facility": ">5 km", "Health_Expense_Last3Months": "<500", "Insurance_Coverage": "No", "Healthcare_Barriers": "Transportation,Cultural Restrictions", "PDS_Type": "BPL", "PDS_Status": "Regular", "No_Pension_Availing": "Nill", "No of Persons_Pension_Eligible_But_Not_Getting": "Nill", "Pension_Type": "Nill", "Schemes_Availed": "MGNREGA", "Scheme_Barriers": "Awareness", "Skill_Training_Attended": "No", "Preferred_Skill_Area": null, "Skill_Barriers": null, "Normal_Phone": "Yes", "Computer": "No", "Smartphone": "Yes", "Network_Quality": "GOOD", "Digital_Services": "Social Media", "UPI_Usage": "Yes", "55_Women_Mobility": "With Permission", "Women_Decision_Participation": "Moderate", "Women_Community_Participation": "Moderate", "Women_Panchayat_Participation": "Moderate", "Discrimination_Faced": null, "Active_Institutions": "Nill", "Trust_Institutions": "Moderate", "Top_Need_1": "Water", "Top_Need_2": "Housing", "Top_Need_3": "Education", "Willing_VDP": "Yes", "Willing_GPDP": "Yes", "total_family_members": 3, "male_members": 0, "female_members": 3, "Age_0_5": 1, "Age_6_17": 1, "Age_18_35": 1, "Age_36_59": 0, "Age_60_Plus": 0, "literate_members": 3, "illiterate_members": 0}, "geometry": {"type": "Polygon", "coordinates": [[[81.3053671031094, 18.603030156616512], [81.30534107223275, 18.602952606277825], [81.30529892010912, 18.602965477374937], [81.30532495008646, 18.603043027713625], [81.3053671031094, 18.603030156616512]]]}}, {"type": "Feature", "properties": {"OBJECTID": 35, "area_in_me": 676.259972157, "Para_Name": "Vicha Para", "Shape_Leng": 0.000293733269422, "Shape_Area": 5.38235311614e-09, "HH NO": 18, "Panchayat Name": "Samlawar", "Village Name": "Samlawar", "Respondent_Name": "Santu Kunjam", "Gender": "Male", "Respondent_Age_Group": "18-29", "Caste_Category": "ST", "Languages_Spoken": "Hindi, Gondi", "Total_School_Going_Children": 2, "Total_Children_Attending": 2, "Left_Out_Children": 0, "Dropout_Children": 0, "Last_Class_Attended": null, "Primary_Livelihood": "Agriculture", "Secondary_Livelihood": "Wage Labour", "Land_Ownership": "Own land", "Landholding_Size": "<1 acre", "Irrigation_Source": "Rainfed", "Loan_Status": "No", "Loan_Purpose": "No", "Loan_Source": "No", "Distance_Bank": "1-3 km", "Distance_Panchayat": "1-3 km", "Distance_Police": ">5 km", "Distance_PostOffice": ">5 km", "Drinking_Water_Source": "Handpump", "Water_Available_Year": "No", "Water_Alternative": "Seasonal source", "House_Type": "Kutcha", "Electrified": "Yes", "Avg_Power_Hours": "5-8 Hours", "Power_Outage_Frequency": "Frequently", "Alternate_Energy": null, "Health_Facility_Type": "CHC", "Distance_Health_Facility": ">5 km", "Health_Expense_Last3Months": "<500", "Insurance_Coverage": "No", "Healthcare_Barriers": "Transportation,Cultural Restrictions", "PDS_Type": "BPL", "PDS_Status": "Regular", "No_Pension_Availing": "Nill", "No of Persons_Pension_Eligible_But_Not_Getting": "Nill", "Pension_Type": "Nill", "Schemes_Availed": "MGNREGA", "Scheme_Barriers": "Awareness", "Skill_Training_Attended": "No", "Preferred_Skill_Area": null, "Skill_Barriers": null, "Normal_Phone": "Yes", "Computer": "No", "Smartphone": "Yes", "Network_Quality": "GOOD", "Digital_Services": "Social Media", "UPI_Usage": "Yes", "55_Women_Mobility": "With Permission", "Women_Decision_Participation": "Moderate", "Women_Community_Participation": "Moderate", "Women_Panchayat_Participation": "Moderate", "Discrimination_Faced": null, "Active_Institutions": "Nill", "Trust_Institutions": "Moderate", "Top_Need_1": "Water", "Top_Need_2": "Housing", "Top_Need_3": "Education", "Willing_VDP": "Yes", "Willing_GPDP": "Yes", "total_family_members": 3, "male_members": 0, "female_members": 3, "Age_0_5": 1, "Age_6_17": 1, "Age_18_35": 1, "Age_36_59": 0, "Age_60_Plus": 0, "literate_members": 3, "illiterate_members": 0}, "geometry": {"type": "Polygon", "coordinates": [[[81.30616614265341, 18.603349941146917], [81.30608964811881, 18.603353859493097], [81.30609367888025, 18.603424015605867], [81.30617017341484, 18.603420097259743], [81.30616614265341, 18.603349941146917]]]}}, {"type": "Feature", "properties": {"OBJECTID": 36, "area_in_me": 381.817160124, "Para_Name": "Vicha Para", "Shape_Leng": 0.000223749868352, "Shape_Area": 3.03889665785e-09, "HH NO": 18, "Panchayat Name": "Samlawar", "Village Name": "Samlawar", "Respondent_Name": "Santu Kunjam", "Gender": "Male", "Respondent_Age_Group": "18-29", "Caste_Category": "ST", "Languages_Spoken": "Hindi, Gondi", "Total_School_Going_Children": 2, "Total_Children_Attending": 2, "Left_Out_Children": 0, "Dropout_Children": 0, "Last_Class_Attended": null, "Primary_Livelihood": "Agriculture", "Secondary_Livelihood": "Wage Labour", "Land_Ownership": "Own land", "Landholding_Size": "<1 acre", "Irrigation_Source": "Rainfed", "Loan_Status": "No", "Loan_Purpose": "No", "Loan_Source": "No", "Distance_Bank": "1-3 km", "Distance_Panchayat": "1-3 km", "Distance_Police": ">5 km", "Distance_PostOffice": ">5 km", "Drinking_Water_Source": "Handpump", "Water_Available_Year": "No", "Water_Alternative": "Seasonal source", "House_Type": "Kutcha", "Electrified": "Yes", "Avg_Power_Hours": "5-8 Hours", "Power_Outage_Frequency": "Frequently", "Alternate_Energy": null, "Health_Facility_Type": "CHC", "Distance_Health_Facility": ">5 km", "Health_Expense_Last3Months": "<500", "Insurance_Coverage": "No", "Healthcare_Barriers": "Transportation,Cultural Restrictions", "PDS_Type": "BPL", "PDS_Status": "Regular", "No_Pension_Availing": "Nill", "No of Persons_Pension_Eligible_But_Not_Getting": "Nill", "Pension_Type": "Nill", "Schemes_Availed": "MGNREGA", "Scheme_Barriers": "Awareness", "Skill_Training_Attended": "No", "Preferred_Skill_Area": null, "Skill_Barriers": null, "Normal_Phone": "Yes", "Computer": "No", "Smartphone": "Yes", "Network_Quality": "GOOD", "Digital_Services": "Social Media", "UPI_Usage": "Yes", "55_Women_Mobility": "With Permission", "Women_Decision_Participation": "Moderate", "Women_Community_Participation": "Moderate", "Women_Panchayat_Participation": "Moderate", "Discrimination_Faced": null, "Active_Institutions": "Nill", "Trust_Institutions": "Moderate", "Top_Need_1": "Water", "Top_Need_2": "Housing", "Top_Need_3": "Education", "Willing_VDP": "Yes", "Willing_GPDP": "Yes", "total_family_members": 3, "male_members": 0, "female_members": 3, "Age_0_5": 1, "Age_6_17": 1, "Age_18_35": 1, "Age_36_59": 0, "Age_60_Plus": 0, "literate_members": 3, "illiterate_members": 0}, "geometry": {"type": "Polygon", "coordinates": [[[81.30346913968913, 18.60468596588464], [81.30341338262156, 18.604651950826906], [81.30338743628124, 18.60469063066813], [81.30344310881247, 18.604724642128588], [81.30346913968913, 18.60468596588464]]]}}, {"type": "Feature", "properties": {"OBJECTID": 37, "area_in_me": 778.1891193, "Para_Name": "Vicha Para", "Shape_Leng": 0.000333123393169, "Shape_Area": 6.19364625697e-09, "HH NO": 18, "Panchayat Name": "Samlawar", "Village Name": "Samlawar", "Respondent_Name": "Santu Kunjam", "Gender": "Male", "Respondent_Age_Group": "18-29", "Caste_Category": "ST", "Languages_Spoken": "Hindi, Gondi", "Total_School_Going_Children": 2, "Total_Children_Attending": 2, "Left_Out_Children": 0, "Dropout_Children": 0, "Last_Class_Attended": null, "Primary_Livelihood": "Agriculture", "Secondary_Livelihood": "Wage Labour", "Land_Ownership": "Own land", "Landholding_Size": "<1 acre", "Irrigation_Source": "Rainfed", "Loan_Status": "No", "Loan_Purpose": "No", "Loan_Source": "No", "Distance_Bank": "1-3 km", "Distance_Panchayat": "1-3 km", "Distance_Police": ">5 km", "Distance_PostOffice": ">5 km", "Drinking_Water_Source": "Handpump", "Water_Available_Year": "No", "Water_Alternative": "Seasonal source", "House_Type": "Kutcha", "Electrified": "Yes", "Avg_Power_Hours": "5-8 Hours", "Power_Outage_Frequency": "Frequently", "Alternate_Energy": null, "Health_Facility_Type": "CHC", "Distance_Health_Facility": ">5 km", "Health_Expense_Last3Months": "<500", "Insurance_Coverage": "No", "Healthcare_Barriers": "Transportation,Cultural Restrictions", "PDS_Type": "BPL", "PDS_Status": "Regular", "No_Pension_Availing": "Nill", "No of Persons_Pension_Eligible_But_Not_Getting": "Nill", "Pension_Type": "Nill", "Schemes_Availed": "MGNREGA", "Scheme_Barriers": "Awareness", "Skill_Training_Attended": "No", "Preferred_Skill_Area": null, "Skill_Barriers": null, "Normal_Phone": "Yes", "Computer": "No", "Smartphone": "Yes", "Network_Quality": "GOOD", "Digital_Services": "Social Media", "UPI_Usage": "Yes", "55_Women_Mobility": "With Permission", "Women_Decision_Participation": "Moderate", "Women_Community_Participation": "Moderate", "Women_Panchayat_Participation": "Moderate", "Discrimination_Faced": null, "Active_Institutions": "Nill", "Trust_Institutions": "Moderate", "Top_Need_1": "Water", "Top_Need_2": "Housing", "Top_Need_3": "Education", "Willing_VDP": "Yes", "Willing_GPDP": "Yes", "total_family_members": 3, "male_members": 0, "female_members": 3, "Age_0_5": 1, "Age_6_17": 1, "Age_18_35": 1, "Age_36_59": 0, "Age_60_Plus": 0, "literate_members": 3, "illiterate_members": 0}, "geometry": {"type": "Polygon", "coordinates": [[[81.30232755107568, 18.604981843737164], [81.3023129397904, 18.604927725234404], [81.30220562369061, 18.604954197678126], [81.30222031861285, 18.605008319778165], [81.30232755107568, 18.604981843737164]]]}}, {"type": "Feature", "properties": {"OBJECTID": 38, "area_in_me": 1065.06287483, "Para_Name": "Patel Para", "Shape_Leng": 0.000404265928753, "Shape_Area": 8.47682182764e-09, "HH NO": 1, "Panchayat Name": "Samlawar", "Village Name": "Samlawar", "Respondent_Name": "Joga Kunjam", "Gender": "Male", "Respondent_Age_Group": "30-39", "Caste_Category": "ST", "Languages_Spoken": "Gondi", "Total_School_Going_Children": 0, "Total_Children_Attending": 0, "Left_Out_Children": 0, "Dropout_Children": 0, "Last_Class_Attended": 0, "Primary_Livelihood": "Agriculture", "Secondary_Livelihood": null, "Land_Ownership": "Own Land", "Landholding_Size": "1-2.5 acre", "Irrigation_Source": "Rainfed", "Loan_Status": "No", "Loan_Purpose": "No", "Loan_Source": "No", "Distance_Bank": "<1 km", "Distance_Panchayat": "<1 km", "Distance_Police": ">5 km", "Distance_PostOffice": ">5 km", "Drinking_Water_Source": "Handpump", "Water_Available_Year": "Yes", "Water_Alternative": null, "House_Type": "Kutcha", "Electrified": "Yes", "Avg_Power_Hours": "12 + Hours", "Power_Outage_Frequency": "Rare", "Alternate_Energy": null, "Health_Facility_Type": "CHC", "Distance_Health_Facility": ">5 km", "Health_Expense_Last3Months": "<500", "Insurance_Coverage": "PM-JAY", "Healthcare_Barriers": "Transportation,Cultural Restrictions", "PDS_Type": "BPL", "PDS_Status": "Regular", "No_Pension_Availing": "Nill", "No of Persons_Pension_Eligible_But_Not_Getting": "Nill", "Pension_Type": "Nill", "Schemes_Availed": "MGNREGA", "Scheme_Barriers": "Awareness", "Skill_Training_Attended": "No", "Preferred_Skill_Area": "Massion", "Skill_Barriers": "No Course", "Normal_Phone": "Yes", "Computer": "No", "Smartphone": "Yes", "Network_Quality": "Good", "Digital_Services": "Social Media", "UPI_Usage": "Yes", "55_Women_Mobility": "Free", "Women_Decision_Participation": "High", "Women_Community_Participation": "High", "Women_Panchayat_Participation": "Moderate", "Discrimination_Faced": null, "Active_Institutions": "Nill", "Trust_Institutions": "High", "Top_Need_1": "Water", "Top_Need_2": "Housing", "Top_Need_3": "Sanitation", "Willing_VDP": "Yes", "Willing_GPDP": "Yes", "total_family_members": 3, "male_members": 1, "female_members": 2, "Age_0_5": 2, "Age_6_17": 0, "Age_18_35": 1, "Age_36_59": 0, "Age_60_Plus": 0, "literate_members": 0, "illiterate_members": 3}, "geometry": {"type": "Polygon", "coordinates": [[[81.317389105323, 18.60524274605592], [81.31738146558223, 18.605196943584133], [81.31724915192689, 18.605217061418273], [81.3172604860826, 18.605284502477843], [81.31736257532265, 18.605268916327475], [81.31735896544393, 18.60524737216855], [81.317389105323, 18.60524274605592]]]}}, {"type": "Feature", "properties": {"OBJECTID": 39, "area_in_me": 559.61494017, "Para_Name": "Patel Para", "Shape_Leng": 0.000277911881323, "Shape_Area": 4.45402451245e-09, "HH NO": 1, "Panchayat Name": "Samlawar", "Village Name": "Samlawar", "Respondent_Name": "Joga Kunjam", "Gender": "Male", "Respondent_Age_Group": "30-39", "Caste_Category": "ST", "Languages_Spoken": "Gondi", "Total_School_Going_Children": 0, "Total_Children_Attending": 0, "Left_Out_Children": 0, "Dropout_Children": 0, "Last_Class_Attended": 0, "Primary_Livelihood": "Agriculture", "Secondary_Livelihood": null, "Land_Ownership": "Own Land", "Landholding_Size": "1-2.5 acre", "Irrigation_Source": "Rainfed", "Loan_Status": "No", "Loan_Purpose": "No", "Loan_Source": "No", "Distance_Bank": "<1 km", "Distance_Panchayat": "<1 km", "Distance_Police": ">5 km", "Distance_PostOffice": ">5 km", "Drinking_Water_Source": "Handpump", "Water_Available_Year": "Yes", "Water_Alternative": null, "House_Type": "Kutcha", "Electrified": "Yes", "Avg_Power_Hours": "12 + Hours", "Power_Outage_Frequency": "Rare", "Alternate_Energy": null, "Health_Facility_Type": "CHC", "Distance_Health_Facility": ">5 km", "Health_Expense_Last3Months": "<500", "Insurance_Coverage": "PM-JAY", "Healthcare_Barriers": "Transportation,Cultural Restrictions", "PDS_Type": "BPL", "PDS_Status": "Regular", "No_Pension_Availing": "Nill", "No of Persons_Pension_Eligible_But_Not_Getting": "Nill", "Pension_Type": "Nill", "Schemes_Availed": "MGNREGA", "Scheme_Barriers": "Awareness", "Skill_Training_Attended": "No", "Preferred_Skill_Area": "Massion", "Skill_Barriers": "No Course", "Normal_Phone": "Yes", "Computer": "No", "Smartphone": "Yes", "Network_Quality": "Good", "Digital_Services": "Social Media", "UPI_Usage": "Yes", "55_Women_Mobility": "Free", "Women_Decision_Participation": "High", "Women_Community_Participation": "High", "Women_Panchayat_Participation": "Moderate", "Discrimination_Faced": null, "Active_Institutions": "Nill", "Trust_Institutions": "High", "Top_Need_1": "Water", "Top_Need_2": "Housing", "Top_Need_3": "Sanitation", "Willing_VDP": "Yes", "Willing_GPDP": "Yes", "total_family_members": 3, "male_members": 1, "female_members": 2, "Age_0_5": 2, "Age_6_17": 0, "Age_18_35": 1, "Age_36_59": 0, "Age_60_Plus": 0, "literate_members": 0, "illiterate_members": 3}, "geometry": {"type": "Polygon", "coordinates": [[[81.3180696447983, 18.6054127646874], [81.31805134269536, 18.60536602062541], [81.3179677237315, 18.605395843043766], [81.3179861094714, 18.605442591602355], [81.3180696447983, 18.6054127646874]]]}}, {"type": "Feature", "properties": {"OBJECTID": 40, "area_in_me": 1045.13484507, "Para_Name": "Patel Para", "Shape_Leng": 0.000396732745168, "Shape_Area": 8.31815511744e-09, "HH NO": 1, "Panchayat Name": "Samlawar", "Village Name": "Samlawar", "Respondent_Name": "Joga Kunjam", "Gender": "Male", "Respondent_Age_Group": "30-39", "Caste_Category": "ST", "Languages_Spoken": "Gondi", "Total_School_Going_Children": 0, "Total_Children_Attending": 0, "Left_Out_Children": 0, "Dropout_Children": 0, "Last_Class_Attended": 0, "Primary_Livelihood": "Agriculture", "Secondary_Livelihood": null, "Land_Ownership": "Own Land", "Landholding_Size": "1-2.5 acre", "Irrigation_Source": "Rainfed", "Loan_Status": "No", "Loan_Purpose": "No", "Loan_Source": "No", "Distance_Bank": "<1 km", "Distance_Panchayat": "<1 km", "Distance_Police": ">5 km", "Distance_PostOffice": ">5 km", "Drinking_Water_Source": "Handpump", "Water_Available_Year": "Yes", "Water_Alternative": null, "House_Type": "Kutcha", "Electrified": "Yes", "Avg_Power_Hours": "12 + Hours", "Power_Outage_Frequency": "Rare", "Alternate_Energy": null, "Health_Facility_Type": "CHC", "Distance_Health_Facility": ">5 km", "Health_Expense_Last3Months": "<500", "Insurance_Coverage": "PM-JAY", "Healthcare_Barriers": "Transportation,Cultural Restrictions", "PDS_Type": "BPL", "PDS_Status": "Regular", "No_Pension_Availing": "Nill", "No of Persons_Pension_Eligible_But_Not_Getting": "Nill", "Pension_Type": "Nill", "Schemes_Availed": "MGNREGA", "Scheme_Barriers": "Awareness", "Skill_Training_Attended": "No", "Preferred_Skill_Area": "Massion", "Skill_Barriers": "No Course", "Normal_Phone": "Yes", "Computer": "No", "Smartphone": "Yes", "Network_Quality": "Good", "Digital_Services": "Social Media", "UPI_Usage": "Yes", "55_Women_Mobility": "Free", "Women_Decision_Participation": "High", "Women_Community_Participation": "High", "Women_Panchayat_Participation": "Moderate", "Discrimination_Faced": null, "Active_Institutions": "Nill", "Trust_Institutions": "High", "Top_Need_1": "Water", "Top_Need_2": "Housing", "Top_Need_3": "Sanitation", "Willing_VDP": "Yes", "Willing_GPDP": "Yes", "total_family_members": 3, "male_members": 1, "female_members": 2, "Age_0_5": 2, "Age_6_17": 0, "Age_18_35": 1, "Age_36_59": 0, "Age_60_Plus": 0, "literate_members": 0, "illiterate_members": 3}, "geometry": {"type": "Polygon", "coordinates": [[[81.31483942390037, 18.6039686333458], [81.3147752797554, 18.603987856354536], [81.31478342311652, 18.604012664153174], [81.31473724652676, 18.60402642917643], [81.31475504590873, 18.604080605235765], [81.31486545028037, 18.604047709833992], [81.31483942390037, 18.6039686333458]]]}}, {"type": "Feature", "properties": {"OBJECTID": 41, "area_in_me": 331.308903183, "Para_Name": "Patel Para", "Shape_Leng": 0.000221607703239, "Shape_Area": 2.63688812731e-09, "HH NO": 1, "Panchayat Name": "Samlawar", "Village Name": "Samlawar", "Respondent_Name": "Joga Kunjam", "Gender": "Male", "Respondent_Age_Group": "30-39", "Caste_Category": "ST", "Languages_Spoken": "Gondi", "Total_School_Going_Children": 0, "Total_Children_Attending": 0, "Left_Out_Children": 0, "Dropout_Children": 0, "Last_Class_Attended": 0, "Primary_Livelihood": "Agriculture", "Secondary_Livelihood": null, "Land_Ownership": "Own Land", "Landholding_Size": "1-2.5 acre", "Irrigation_Source": "Rainfed", "Loan_Status": "No", "Loan_Purpose": "No", "Loan_Source": "No", "Distance_Bank": "<1 km", "Distance_Panchayat": "<1 km", "Distance_Police": ">5 km", "Distance_PostOffice": ">5 km", "Drinking_Water_Source": "Handpump", "Water_Available_Year": "Yes", "Water_Alternative": null, "House_Type": "Kutcha", "Electrified": "Yes", "Avg_Power_Hours": "12 + Hours", "Power_Outage_Frequency": "Rare", "Alternate_Energy": null, "Health_Facility_Type": "CHC", "Distance_Health_Facility": ">5 km", "Health_Expense_Last3Months": "<500", "Insurance_Coverage": "PM-JAY", "Healthcare_Barriers": "Transportation,Cultural Restrictions", "PDS_Type": "BPL", "PDS_Status": "Regular", "No_Pension_Availing": "Nill", "No of Persons_Pension_Eligible_But_Not_Getting": "Nill", "Pension_Type": "Nill", "Schemes_Availed": "MGNREGA", "Scheme_Barriers": "Awareness", "Skill_Training_Attended": "No", "Preferred_Skill_Area": "Massion", "Skill_Barriers": "No Course", "Normal_Phone": "Yes", "Computer": "No", "Smartphone": "Yes", "Network_Quality": "Good", "Digital_Services": "Social Media", "UPI_Usage": "Yes", "55_Women_Mobility": "Free", "Women_Decision_Participation": "High", "Women_Community_Participation": "High", "Women_Panchayat_Participation": "Moderate", "Discrimination_Faced": null, "Active_Institutions": "Nill", "Trust_Institutions": "High", "Top_Need_1": "Water", "Top_Need_2": "Housing", "Top_Need_3": "Sanitation", "Willing_VDP": "Yes", "Willing_GPDP": "Yes", "total_family_members": 3, "male_members": 1, "female_members": 2, "Age_0_5": 2, "Age_6_17": 0, "Age_18_35": 1, "Age_36_59": 0, "Age_60_Plus": 0, "literate_members": 0, "illiterate_members": 3}, "geometry": {"type": "Polygon", "coordinates": [[[81.31562803850323, 18.605120999434632], [81.31555256020255, 18.605131705863585], [81.31555793365175, 18.605165906181696], [81.31563332741621, 18.60515519615541], [81.31562803850323, 18.605120999434632]]]}}, {"type": "Feature", "properties": {"OBJECTID": 42, "area_in_me": 416.358522587, "Para_Name": "Patel Para", "Shape_Leng": 0.000230309910823, "Shape_Area": 3.31382197814e-09, "HH NO": 1, "Panchayat Name": "Samlawar", "Village Name": "Samlawar", "Respondent_Name": "Joga Kunjam", "Gender": "Male", "Respondent_Age_Group": "30-39", "Caste_Category": "ST", "Languages_Spoken": "Gondi", "Total_School_Going_Children": 0, "Total_Children_Attending": 0, "Left_Out_Children": 0, "Dropout_Children": 0, "Last_Class_Attended": 0, "Primary_Livelihood": "Agriculture", "Secondary_Livelihood": null, "Land_Ownership": "Own Land", "Landholding_Size": "1-2.5 acre", "Irrigation_Source": "Rainfed", "Loan_Status": "No", "Loan_Purpose": "No", "Loan_Source": "No", "Distance_Bank": "<1 km", "Distance_Panchayat": "<1 km", "Distance_Police": ">5 km", "Distance_PostOffice": ">5 km", "Drinking_Water_Source": "Handpump", "Water_Available_Year": "Yes", "Water_Alternative": null, "House_Type": "Kutcha", "Electrified": "Yes", "Avg_Power_Hours": "12 + Hours", "Power_Outage_Frequency": "Rare", "Alternate_Energy": null, "Health_Facility_Type": "CHC", "Distance_Health_Facility": ">5 km", "Health_Expense_Last3Months": "<500", "Insurance_Coverage": "PM-JAY", "Healthcare_Barriers": "Transportation,Cultural Restrictions", "PDS_Type": "BPL", "PDS_Status": "Regular", "No_Pension_Availing": "Nill", "No of Persons_Pension_Eligible_But_Not_Getting": "Nill", "Pension_Type": "Nill", "Schemes_Availed": "MGNREGA", "Scheme_Barriers": "Awareness", "Skill_Training_Attended": "No", "Preferred_Skill_Area": "Massion", "Skill_Barriers": "No Course", "Normal_Phone": "Yes", "Computer": "No", "Smartphone": "Yes", "Network_Quality": "Good", "Digital_Services": "Social Media", "UPI_Usage": "Yes", "55_Women_Mobility": "Free", "Women_Decision_Participation": "High", "Women_Community_Participation": "High", "Women_Panchayat_Participation": "Moderate", "Discrimination_Faced": null, "Active_Institutions": "Nill", "Trust_Institutions": "High", "Top_Need_1": "Water", "Top_Need_2": "Housing", "Top_Need_3": "Sanitation", "Willing_VDP": "Yes", "Willing_GPDP": "Yes", "total_family_members": 3, "male_members": 1, "female_members": 2, "Age_0_5": 2, "Age_6_17": 0, "Age_18_35": 1, "Age_36_59": 0, "Age_60_Plus": 0, "literate_members": 0, "illiterate_members": 3}, "geometry": {"type": "Polygon", "coordinates": [[[81.31734452502985, 18.605767135345047], [81.3173278183242, 18.605711482598906], [81.31727282747909, 18.605726459008906], [81.31728953418474, 18.605782201687305], [81.31734452502985, 18.605767135345047]]]}}, {"type": "Feature", "properties": {"OBJECTID": 43, "area_in_me": 509.195377194, "Para_Name": "Patel Para", "Shape_Leng": 0.00025476211671, "Shape_Area": 4.05269672076e-09, "HH NO": 1, "Panchayat Name": "Samlawar", "Village Name": "Samlawar", "Respondent_Name": "Joga Kunjam", "Gender": "Male", "Respondent_Age_Group": "30-39", "Caste_Category": "ST", "Languages_Spoken": "Gondi", "Total_School_Going_Children": 0, "Total_Children_Attending": 0, "Left_Out_Children": 0, "Dropout_Children": 0, "Last_Class_Attended": 0, "Primary_Livelihood": "Agriculture", "Secondary_Livelihood": null, "Land_Ownership": "Own Land", "Landholding_Size": "1-2.5 acre", "Irrigation_Source": "Rainfed", "Loan_Status": "No", "Loan_Purpose": "No", "Loan_Source": "No", "Distance_Bank": "<1 km", "Distance_Panchayat": "<1 km", "Distance_Police": ">5 km", "Distance_PostOffice": ">5 km", "Drinking_Water_Source": "Handpump", "Water_Available_Year": "Yes", "Water_Alternative": null, "House_Type": "Kutcha", "Electrified": "Yes", "Avg_Power_Hours": "12 + Hours", "Power_Outage_Frequency": "Rare", "Alternate_Energy": null, "Health_Facility_Type": "CHC", "Distance_Health_Facility": ">5 km", "Health_Expense_Last3Months": "<500", "Insurance_Coverage": "PM-JAY", "Healthcare_Barriers": "Transportation,Cultural Restrictions", "PDS_Type": "BPL", "PDS_Status": "Regular", "No_Pension_Availing": "Nill", "No of Persons_Pension_Eligible_But_Not_Getting": "Nill", "Pension_Type": "Nill", "Schemes_Availed": "MGNREGA", "Scheme_Barriers": "Awareness", "Skill_Training_Attended": "No", "Preferred_Skill_Area": "Massion", "Skill_Barriers": "No Course", "Normal_Phone": "Yes", "Computer": "No", "Smartphone": "Yes", "Network_Quality": "Good", "Digital_Services": "Social Media", "UPI_Usage": "Yes", "55_Women_Mobility": "Free", "Women_Decision_Participation": "High", "Women_Community_Participation": "High", "Women_Panchayat_Participation": "Moderate", "Discrimination_Faced": null, "Active_Institutions": "Nill", "Trust_Institutions": "High", "Top_Need_1": "Water", "Top_Need_2": "Housing", "Top_Need_3": "Sanitation", "Willing_VDP": "Yes", "Willing_GPDP": "Yes", "total_family_members": 3, "male_members": 1, "female_members": 2, "Age_0_5": 2, "Age_6_17": 0, "Age_18_35": 1, "Age_36_59": 0, "Age_60_Plus": 0, "literate_members": 0, "illiterate_members": 3}, "geometry": {"type": "Polygon", "coordinates": [[[81.31463305467179, 18.60457590505405], [81.31459989037268, 18.60452209771671], [81.31454389048821, 18.6045534633717], [81.3145771375249, 18.604607275205638], [81.31463305467179, 18.60457590505405]]]}}, {"type": "Feature", "properties": {"OBJECTID": 44, "area_in_me": 813.711974815, "Para_Name": "Patel Para", "Shape_Leng": 0.000323712432853, "Shape_Area": 6.47647037819e-09, "HH NO": 1, "Panchayat Name": "Samlawar", "Village Name": "Samlawar", "Respondent_Name": "Joga Kunjam", "Gender": "Male", "Respondent_Age_Group": "30-39", "Caste_Category": "ST", "Languages_Spoken": "Gondi", "Total_School_Going_Children": 0, "Total_Children_Attending": 0, "Left_Out_Children": 0, "Dropout_Children": 0, "Last_Class_Attended": 0, "Primary_Livelihood": "Agriculture", "Secondary_Livelihood": null, "Land_Ownership": "Own Land", "Landholding_Size": "1-2.5 acre", "Irrigation_Source": "Rainfed", "Loan_Status": "No", "Loan_Purpose": "No", "Loan_Source": "No", "Distance_Bank": "<1 km", "Distance_Panchayat": "<1 km", "Distance_Police": ">5 km", "Distance_PostOffice": ">5 km", "Drinking_Water_Source": "Handpump", "Water_Available_Year": "Yes", "Water_Alternative": null, "House_Type": "Kutcha", "Electrified": "Yes", "Avg_Power_Hours": "12 + Hours", "Power_Outage_Frequency": "Rare", "Alternate_Energy": null, "Health_Facility_Type": "CHC", "Distance_Health_Facility": ">5 km", "Health_Expense_Last3Months": "<500", "Insurance_Coverage": "PM-JAY", "Healthcare_Barriers": "Transportation,Cultural Restrictions", "PDS_Type": "BPL", "PDS_Status": "Regular", "No_Pension_Availing": "Nill", "No of Persons_Pension_Eligible_But_Not_Getting": "Nill", "Pension_Type": "Nill", "Schemes_Availed": "MGNREGA", "Scheme_Barriers": "Awareness", "Skill_Training_Attended": "No", "Preferred_Skill_Area": "Massion", "Skill_Barriers": "No Course", "Normal_Phone": "Yes", "Computer": "No", "Smartphone": "Yes", "Network_Quality": "Good", "Digital_Services": "Social Media", "UPI_Usage": "Yes", "55_Women_Mobility": "Free", "Women_Decision_Participation": "High", "Women_Community_Participation": "High", "Women_Panchayat_Participation": "Moderate", "Discrimination_Faced": null, "Active_Institutions": "Nill", "Trust_Institutions": "High", "Top_Need_1": "Water", "Top_Need_2": "Housing", "Top_Need_3": "Sanitation", "Willing_VDP": "Yes", "Willing_GPDP": "Yes", "total_family_members": 3, "male_members": 1, "female_members": 2, "Age_0_5": 2, "Age_6_17": 0, "Age_18_35": 1, "Age_36_59": 0, "Age_60_Plus": 0, "literate_members": 0, "illiterate_members": 3}, "geometry": {"type": "Polygon", "coordinates": [[[81.31510078487338, 18.606403826575388], [81.31506216438743, 18.606323268004473], [81.31499566941466, 18.606352263046574], [81.31501338426034, 18.6063893699735], [81.31503412262674, 18.606432723591354], [81.31510078487338, 18.606403826575388]]]}}, {"type": "Feature", "properties": {"OBJECTID": 45, "area_in_me": 484.187157698, "Para_Name": "Patel Para", "Shape_Leng": 0.000254184087066, "Shape_Area": 3.85376940731e-09, "HH NO": 1, "Panchayat Name": "Samlawar", "Village Name": "Samlawar", "Respondent_Name": "Joga Kunjam", "Gender": "Male", "Respondent_Age_Group": "30-39", "Caste_Category": "ST", "Languages_Spoken": "Gondi", "Total_School_Going_Children": 0, "Total_Children_Attending": 0, "Left_Out_Children": 0, "Dropout_Children": 0, "Last_Class_Attended": 0, "Primary_Livelihood": "Agriculture", "Secondary_Livelihood": null, "Land_Ownership": "Own Land", "Landholding_Size": "1-2.5 acre", "Irrigation_Source": "Rainfed", "Loan_Status": "No", "Loan_Purpose": "No", "Loan_Source": "No", "Distance_Bank": "<1 km", "Distance_Panchayat": "<1 km", "Distance_Police": ">5 km", "Distance_PostOffice": ">5 km", "Drinking_Water_Source": "Handpump", "Water_Available_Year": "Yes", "Water_Alternative": null, "House_Type": "Kutcha", "Electrified": "Yes", "Avg_Power_Hours": "12 + Hours", "Power_Outage_Frequency": "Rare", "Alternate_Energy": null, "Health_Facility_Type": "CHC", "Distance_Health_Facility": ">5 km", "Health_Expense_Last3Months": "<500", "Insurance_Coverage": "PM-JAY", "Healthcare_Barriers": "Transportation,Cultural Restrictions", "PDS_Type": "BPL", "PDS_Status": "Regular", "No_Pension_Availing": "Nill", "No of Persons_Pension_Eligible_But_Not_Getting": "Nill", "Pension_Type": "Nill", "Schemes_Availed": "MGNREGA", "Scheme_Barriers": "Awareness", "Skill_Training_Attended": "No", "Preferred_Skill_Area": "Massion", "Skill_Barriers": "No Course", "Normal_Phone": "Yes", "Computer": "No", "Smartphone": "Yes", "Network_Quality": "Good", "Digital_Services": "Social Media", "UPI_Usage": "Yes", "55_Women_Mobility": "Free", "Women_Decision_Participation": "High", "Women_Community_Participation": "High", "Women_Panchayat_Participation": "Moderate", "Discrimination_Faced": null, "Active_Institutions": "Nill", "Trust_Institutions": "High", "Top_Need_1": "Water", "Top_Need_2": "Housing", "Top_Need_3": "Sanitation", "Willing_VDP": "Yes", "Willing_GPDP": "Yes", "total_family_members": 3, "male_members": 1, "female_members": 2, "Age_0_5": 2, "Age_6_17": 0, "Age_18_35": 1, "Age_36_59": 0, "Age_60_Plus": 0, "literate_members": 0, "illiterate_members": 3}, "geometry": {"type": "Polygon", "coordinates": [[[81.31154550761914, 18.607961633122898], [81.31149563391642, 18.607959238228318], [81.31149160405437, 18.608036299335822], [81.311541561394, 18.60803860789548], [81.31154550761914, 18.607961633122898]]]}}, {"type": "Feature", "properties": {"OBJECTID": 46, "area_in_me": 1436.80263516, "Para_Name": "Patel Para", "Shape_Leng": 0.000430383357594, "Shape_Area": 1.14356329668e-08, "HH NO": 1, "Panchayat Name": "Samlawar", "Village Name": "Samlawar", "Respondent_Name": "Joga Kunjam", "Gender": "Male", "Respondent_Age_Group": "30-39", "Caste_Category": "ST", "Languages_Spoken": "Gondi", "Total_School_Going_Children": 0, "Total_Children_Attending": 0, "Left_Out_Children": 0, "Dropout_Children": 0, "Last_Class_Attended": 0, "Primary_Livelihood": "Agriculture", "Secondary_Livelihood": null, "Land_Ownership": "Own Land", "Landholding_Size": "1-2.5 acre", "Irrigation_Source": "Rainfed", "Loan_Status": "No", "Loan_Purpose": "No", "Loan_Source": "No", "Distance_Bank": "<1 km", "Distance_Panchayat": "<1 km", "Distance_Police": ">5 km", "Distance_PostOffice": ">5 km", "Drinking_Water_Source": "Handpump", "Water_Available_Year": "Yes", "Water_Alternative": null, "House_Type": "Kutcha", "Electrified": "Yes", "Avg_Power_Hours": "12 + Hours", "Power_Outage_Frequency": "Rare", "Alternate_Energy": null, "Health_Facility_Type": "CHC", "Distance_Health_Facility": ">5 km", "Health_Expense_Last3Months": "<500", "Insurance_Coverage": "PM-JAY", "Healthcare_Barriers": "Transportation,Cultural Restrictions", "PDS_Type": "BPL", "PDS_Status": "Regular", "No_Pension_Availing": "Nill", "No of Persons_Pension_Eligible_But_Not_Getting": "Nill", "Pension_Type": "Nill", "Schemes_Availed": "MGNREGA", "Scheme_Barriers": "Awareness", "Skill_Training_Attended": "No", "Preferred_Skill_Area": "Massion", "Skill_Barriers": "No Course", "Normal_Phone": "Yes", "Computer": "No", "Smartphone": "Yes", "Network_Quality": "Good", "Digital_Services": "Social Media", "UPI_Usage": "Yes", "55_Women_Mobility": "Free", "Women_Decision_Participation": "High", "Women_Community_Participation": "High", "Women_Panchayat_Participation": "Moderate", "Discrimination_Faced": null, "Active_Institutions": "Nill", "Trust_Institutions": "High", "Top_Need_1": "Water", "Top_Need_2": "Housing", "Top_Need_3": "Sanitation", "Willing_VDP": "Yes", "Willing_GPDP": "Yes", "total_family_members": 3, "male_members": 1, "female_members": 2, "Age_0_5": 2, "Age_6_17": 0, "Age_18_35": 1, "Age_36_59": 0, "Age_60_Plus": 0, "literate_members": 0, "illiterate_members": 3}, "geometry": {"type": "Polygon", "coordinates": [[[81.31438789588475, 18.607059112188324], [81.31437395819165, 18.606964425268075], [81.31425557683349, 18.60698024434288], [81.31426951362721, 18.607075021195328], [81.31438789588475, 18.607059112188324]]]}}, {"type": "Feature", "properties": {"OBJECTID": 47, "area_in_me": 890.136531725, "Para_Name": "Patel Para", "Shape_Leng": 0.000348112125674, "Shape_Area": 7.0847476372e-09, "HH NO": 1, "Panchayat Name": "Samlawar", "Village Name": "Samlawar", "Respondent_Name": "Joga Kunjam", "Gender": "Male", "Respondent_Age_Group": "30-39", "Caste_Category": "ST", "Languages_Spoken": "Gondi", "Total_School_Going_Children": 0, "Total_Children_Attending": 0, "Left_Out_Children": 0, "Dropout_Children": 0, "Last_Class_Attended": 0, "Primary_Livelihood": "Agriculture", "Secondary_Livelihood": null, "Land_Ownership": "Own Land", "Landholding_Size": "1-2.5 acre", "Irrigation_Source": "Rainfed", "Loan_Status": "No", "Loan_Purpose": "No", "Loan_Source": "No", "Distance_Bank": "<1 km", "Distance_Panchayat": "<1 km", "Distance_Police": ">5 km", "Distance_PostOffice": ">5 km", "Drinking_Water_Source": "Handpump", "Water_Available_Year": "Yes", "Water_Alternative": null, "House_Type": "Kutcha", "Electrified": "Yes", "Avg_Power_Hours": "12 + Hours", "Power_Outage_Frequency": "Rare", "Alternate_Energy": null, "Health_Facility_Type": "CHC", "Distance_Health_Facility": ">5 km", "Health_Expense_Last3Months": "<500", "Insurance_Coverage": "PM-JAY", "Healthcare_Barriers": "Transportation,Cultural Restrictions", "PDS_Type": "BPL", "PDS_Status": "Regular", "No_Pension_Availing": "Nill", "No of Persons_Pension_Eligible_But_Not_Getting": "Nill", "Pension_Type": "Nill", "Schemes_Availed": "MGNREGA", "Scheme_Barriers": "Awareness", "Skill_Training_Attended": "No", "Preferred_Skill_Area": "Massion", "Skill_Barriers": "No Course", "Normal_Phone": "Yes", "Computer": "No", "Smartphone": "Yes", "Network_Quality": "Good", "Digital_Services": "Social Media", "UPI_Usage": "Yes", "55_Women_Mobility": "Free", "Women_Decision_Participation": "High", "Women_Community_Participation": "High", "Women_Panchayat_Participation": "Moderate", "Discrimination_Faced": null, "Active_Institutions": "Nill", "Trust_Institutions": "High", "Top_Need_1": "Water", "Top_Need_2": "Housing", "Top_Need_3": "Sanitation", "Willing_VDP": "Yes", "Willing_GPDP": "Yes", "total_family_members": 3, "male_members": 1, "female_members": 2, "Age_0_5": 2, "Age_6_17": 0, "Age_18_35": 1, "Age_36_59": 0, "Age_60_Plus": 0, "literate_members": 0, "illiterate_members": 3}, "geometry": {"type": "Polygon", "coordinates": [[[81.31385811515992, 18.60774046015416], [81.31374997528121, 18.607755135291313], [81.31375954676571, 18.607819351382034], [81.31386768574515, 18.607804676244882], [81.31385811515992, 18.60774046015416]]]}}, {"type": "Feature", "properties": {"OBJECTID": 48, "area_in_me": 1064.16009874, "Para_Name": "Patel Para", "Shape_Leng": 0.000368366597826, "Shape_Area": 8.46987340215e-09, "HH NO": 1, "Panchayat Name": "Samlawar", "Village Name": "Samlawar", "Respondent_Name": "Joga Kunjam", "Gender": "Male", "Respondent_Age_Group": "30-39", "Caste_Category": "ST", "Languages_Spoken": "Gondi", "Total_School_Going_Children": 0, "Total_Children_Attending": 0, "Left_Out_Children": 0, "Dropout_Children": 0, "Last_Class_Attended": 0, "Primary_Livelihood": "Agriculture", "Secondary_Livelihood": null, "Land_Ownership": "Own Land", "Landholding_Size": "1-2.5 acre", "Irrigation_Source": "Rainfed", "Loan_Status": "No", "Loan_Purpose": "No", "Loan_Source": "No", "Distance_Bank": "<1 km", "Distance_Panchayat": "<1 km", "Distance_Police": ">5 km", "Distance_PostOffice": ">5 km", "Drinking_Water_Source": "Handpump", "Water_Available_Year": "Yes", "Water_Alternative": null, "House_Type": "Kutcha", "Electrified": "Yes", "Avg_Power_Hours": "12 + Hours", "Power_Outage_Frequency": "Rare", "Alternate_Energy": null, "Health_Facility_Type": "CHC", "Distance_Health_Facility": ">5 km", "Health_Expense_Last3Months": "<500", "Insurance_Coverage": "PM-JAY", "Healthcare_Barriers": "Transportation,Cultural Restrictions", "PDS_Type": "BPL", "PDS_Status": "Regular", "No_Pension_Availing": "Nill", "No of Persons_Pension_Eligible_But_Not_Getting": "Nill", "Pension_Type": "Nill", "Schemes_Availed": "MGNREGA", "Scheme_Barriers": "Awareness", "Skill_Training_Attended": "No", "Preferred_Skill_Area": "Massion", "Skill_Barriers": "No Course", "Normal_Phone": "Yes", "Computer": "No", "Smartphone": "Yes", "Network_Quality": "Good", "Digital_Services": "Social Media", "UPI_Usage": "Yes", "55_Women_Mobility": "Free", "Women_Decision_Participation": "High", "Women_Community_Participation": "High", "Women_Panchayat_Participation": "Moderate", "Discrimination_Faced": null, "Active_Institutions": "Nill", "Trust_Institutions": "High", "Top_Need_1": "Water", "Top_Need_2": "Housing", "Top_Need_3": "Sanitation", "Willing_VDP": "Yes", "Willing_GPDP": "Yes", "total_family_members": 3, "male_members": 1, "female_members": 2, "Age_0_5": 2, "Age_6_17": 0, "Age_18_35": 1, "Age_36_59": 0, "Age_60_Plus": 0, "literate_members": 0, "illiterate_members": 3}, "geometry": {"type": "Polygon", "coordinates": [[[81.31102981297556, 18.608100198865145], [81.31101478350553, 18.608012556334472], [81.31092066225881, 18.6080272485587], [81.31093569082952, 18.60811489108943], [81.31102981297556, 18.608100198865145]]]}}, {"type": "Feature", "properties": {"OBJECTID": 49, "area_in_me": 442.570133868, "Para_Name": "Patel Para", "Shape_Leng": 0.000243227775801, "Shape_Area": 3.52247885416e-09, "HH NO": 1, "Panchayat Name": "Samlawar", "Village Name": "Samlawar", "Respondent_Name": "Joga Kunjam", "Gender": "Male", "Respondent_Age_Group": "30-39", "Caste_Category": "ST", "Languages_Spoken": "Gondi", "Total_School_Going_Children": 0, "Total_Children_Attending": 0, "Left_Out_Children": 0, "Dropout_Children": 0, "Last_Class_Attended": 0, "Primary_Livelihood": "Agriculture", "Secondary_Livelihood": null, "Land_Ownership": "Own Land", "Landholding_Size": "1-2.5 acre", "Irrigation_Source": "Rainfed", "Loan_Status": "No", "Loan_Purpose": "No", "Loan_Source": "No", "Distance_Bank": "<1 km", "Distance_Panchayat": "<1 km", "Distance_Police": ">5 km", "Distance_PostOffice": ">5 km", "Drinking_Water_Source": "Handpump", "Water_Available_Year": "Yes", "Water_Alternative": null, "House_Type": "Kutcha", "Electrified": "Yes", "Avg_Power_Hours": "12 + Hours", "Power_Outage_Frequency": "Rare", "Alternate_Energy": null, "Health_Facility_Type": "CHC", "Distance_Health_Facility": ">5 km", "Health_Expense_Last3Months": "<500", "Insurance_Coverage": "PM-JAY", "Healthcare_Barriers": "Transportation,Cultural Restrictions", "PDS_Type": "BPL", "PDS_Status": "Regular", "No_Pension_Availing": "Nill", "No of Persons_Pension_Eligible_But_Not_Getting": "Nill", "Pension_Type": "Nill", "Schemes_Availed": "MGNREGA", "Scheme_Barriers": "Awareness", "Skill_Training_Attended": "No", "Preferred_Skill_Area": "Massion", "Skill_Barriers": "No Course", "Normal_Phone": "Yes", "Computer": "No", "Smartphone": "Yes", "Network_Quality": "Good", "Digital_Services": "Social Media", "UPI_Usage": "Yes", "55_Women_Mobility": "Free", "Women_Decision_Participation": "High", "Women_Community_Participation": "High", "Women_Panchayat_Participation": "Moderate", "Discrimination_Faced": null, "Active_Institutions": "Nill", "Trust_Institutions": "High", "Top_Need_1": "Water", "Top_Need_2": "Housing", "Top_Need_3": "Sanitation", "Willing_VDP": "Yes", "Willing_GPDP": "Yes", "total_family_members": 3, "male_members": 1, "female_members": 2, "Age_0_5": 2, "Age_6_17": 0, "Age_18_35": 1, "Age_36_59": 0, "Age_60_Plus": 0, "literate_members": 0, "illiterate_members": 3}, "geometry": {"type": "Polygon", "coordinates": [[[81.31143845592004, 18.60753946347552], [81.3113919411852, 18.607529320022138], [81.3113746454236, 18.607601276577725], [81.31142116015849, 18.60761142003105], [81.31143845592004, 18.60753946347552]]]}}, {"type": "Feature", "properties": {"OBJECTID": 50, "area_in_me": 1365.91034809, "Para_Name": "Patel Para", "Shape_Leng": 0.0004247296945, "Shape_Area": 1.08715081177e-08, "HH NO": 1, "Panchayat Name": "Samlawar", "Village Name": "Samlawar", "Respondent_Name": "Joga Kunjam", "Gender": "Male", "Respondent_Age_Group": "30-39", "Caste_Category": "ST", "Languages_Spoken": "Gondi", "Total_School_Going_Children": 0, "Total_Children_Attending": 0, "Left_Out_Children": 0, "Dropout_Children": 0, "Last_Class_Attended": 0, "Primary_Livelihood": "Agriculture", "Secondary_Livelihood": null, "Land_Ownership": "Own Land", "Landholding_Size": "1-2.5 acre", "Irrigation_Source": "Rainfed", "Loan_Status": "No", "Loan_Purpose": "No", "Loan_Source": "No", "Distance_Bank": "<1 km", "Distance_Panchayat": "<1 km", "Distance_Police": ">5 km", "Distance_PostOffice": ">5 km", "Drinking_Water_Source": "Handpump", "Water_Available_Year": "Yes", "Water_Alternative": null, "House_Type": "Kutcha", "Electrified": "Yes", "Avg_Power_Hours": "12 + Hours", "Power_Outage_Frequency": "Rare", "Alternate_Energy": null, "Health_Facility_Type": "CHC", "Distance_Health_Facility": ">5 km", "Health_Expense_Last3Months": "<500", "Insurance_Coverage": "PM-JAY", "Healthcare_Barriers": "Transportation,Cultural Restrictions", "PDS_Type": "BPL", "PDS_Status": "Regular", "No_Pension_Availing": "Nill", "No of Persons_Pension_Eligible_But_Not_Getting": "Nill", "Pension_Type": "Nill", "Schemes_Availed": "MGNREGA", "Scheme_Barriers": "Awareness", "Skill_Training_Attended": "No", "Preferred_Skill_Area": "Massion", "Skill_Barriers": "No Course", "Normal_Phone": "Yes", "Computer": "No", "Smartphone": "Yes", "Network_Quality": "Good", "Digital_Services": "Social Media", "UPI_Usage": "Yes", "55_Women_Mobility": "Free", "Women_Decision_Participation": "High", "Women_Community_Participation": "High", "Women_Panchayat_Participation": "Moderate", "Discrimination_Faced": null, "Active_Institutions": "Nill", "Trust_Institutions": "High", "Top_Need_1": "Water", "Top_Need_2": "Housing", "Top_Need_3": "Sanitation", "Willing_VDP": "Yes", "Willing_GPDP": "Yes", "total_family_members": 3, "male_members": 1, "female_members": 2, "Age_0_5": 2, "Age_6_17": 0, "Age_18_35": 1, "Age_36_59": 0, "Age_60_Plus": 0, "literate_members": 0, "illiterate_members": 3}, "geometry": {"type": "Polygon", "coordinates": [[[81.31201199765565, 18.607440935550812], [81.31192585339545, 18.607440637875186], [81.31192526523887, 18.60756689999249], [81.31201132586204, 18.607567194070782], [81.31201199765565, 18.607440935550812]]]}}, {"type": "Feature", "properties": {"OBJECTID": 51, "area_in_me": 907.823863717, "Para_Name": "Patel Para", "Shape_Leng": 0.00034115456849, "Shape_Area": 7.22550911088e-09, "HH NO": 1, "Panchayat Name": "Samlawar", "Village Name": "Samlawar", "Respondent_Name": "Joga Kunjam", "Gender": "Male", "Respondent_Age_Group": "30-39", "Caste_Category": "ST", "Languages_Spoken": "Gondi", "Total_School_Going_Children": 0, "Total_Children_Attending": 0, "Left_Out_Children": 0, "Dropout_Children": 0, "Last_Class_Attended": 0, "Primary_Livelihood": "Agriculture", "Secondary_Livelihood": null, "Land_Ownership": "Own Land", "Landholding_Size": "1-2.5 acre", "Irrigation_Source": "Rainfed", "Loan_Status": "No", "Loan_Purpose": "No", "Loan_Source": "No", "Distance_Bank": "<1 km", "Distance_Panchayat": "<1 km", "Distance_Police": ">5 km", "Distance_PostOffice": ">5 km", "Drinking_Water_Source": "Handpump", "Water_Available_Year": "Yes", "Water_Alternative": null, "House_Type": "Kutcha", "Electrified": "Yes", "Avg_Power_Hours": "12 + Hours", "Power_Outage_Frequency": "Rare", "Alternate_Energy": null, "Health_Facility_Type": "CHC", "Distance_Health_Facility": ">5 km", "Health_Expense_Last3Months": "<500", "Insurance_Coverage": "PM-JAY", "Healthcare_Barriers": "Transportation,Cultural Restrictions", "PDS_Type": "BPL", "PDS_Status": "Regular", "No_Pension_Availing": "Nill", "No of Persons_Pension_Eligible_But_Not_Getting": "Nill", "Pension_Type": "Nill", "Schemes_Availed": "MGNREGA", "Scheme_Barriers": "Awareness", "Skill_Training_Attended": "No", "Preferred_Skill_Area": "Massion", "Skill_Barriers": "No Course", "Normal_Phone": "Yes", "Computer": "No", "Smartphone": "Yes", "Network_Quality": "Good", "Digital_Services": "Social Media", "UPI_Usage": "Yes", "55_Women_Mobility": "Free", "Women_Decision_Participation": "High", "Women_Community_Participation": "High", "Women_Panchayat_Participation": "Moderate", "Discrimination_Faced": null, "Active_Institutions": "Nill", "Trust_Institutions": "High", "Top_Need_1": "Water", "Top_Need_2": "Housing", "Top_Need_3": "Sanitation", "Willing_VDP": "Yes", "Willing_GPDP": "Yes", "total_family_members": 3, "male_members": 1, "female_members": 2, "Age_0_5": 2, "Age_6_17": 0, "Age_18_35": 1, "Age_36_59": 0, "Age_60_Plus": 0, "literate_members": 0, "illiterate_members": 3}, "geometry": {"type": "Polygon", "coordinates": [[[81.31376399661121, 18.6076010193716], [81.3137258788463, 18.607532071947617], [81.31364385078314, 18.607573372413242], [81.31368188401177, 18.607642227207066], [81.31376399661121, 18.6076010193716]]]}}, {"type": "Feature", "properties": {"OBJECTID": 52, "area_in_me": 549.531395775, "Para_Name": "Patel Para", "Shape_Leng": 0.000281443497318, "Shape_Area": 4.37380147891e-09, "HH NO": 1, "Panchayat Name": "Samlawar", "Village Name": "Samlawar", "Respondent_Name": "Joga Kunjam", "Gender": "Male", "Respondent_Age_Group": "30-39", "Caste_Category": "ST", "Languages_Spoken": "Gondi", "Total_School_Going_Children": 0, "Total_Children_Attending": 0, "Left_Out_Children": 0, "Dropout_Children": 0, "Last_Class_Attended": 0, "Primary_Livelihood": "Agriculture", "Secondary_Livelihood": null, "Land_Ownership": "Own Land", "Landholding_Size": "1-2.5 acre", "Irrigation_Source": "Rainfed", "Loan_Status": "No", "Loan_Purpose": "No", "Loan_Source": "No", "Distance_Bank": "<1 km", "Distance_Panchayat": "<1 km", "Distance_Police": ">5 km", "Distance_PostOffice": ">5 km", "Drinking_Water_Source": "Handpump", "Water_Available_Year": "Yes", "Water_Alternative": null, "House_Type": "Kutcha", "Electrified": "Yes", "Avg_Power_Hours": "12 + Hours", "Power_Outage_Frequency": "Rare", "Alternate_Energy": null, "Health_Facility_Type": "CHC", "Distance_Health_Facility": ">5 km", "Health_Expense_Last3Months": "<500", "Insurance_Coverage": "PM-JAY", "Healthcare_Barriers": "Transportation,Cultural Restrictions", "PDS_Type": "BPL", "PDS_Status": "Regular", "No_Pension_Availing": "Nill", "No of Persons_Pension_Eligible_But_Not_Getting": "Nill", "Pension_Type": "Nill", "Schemes_Availed": "MGNREGA", "Scheme_Barriers": "Awareness", "Skill_Training_Attended": "No", "Preferred_Skill_Area": "Massion", "Skill_Barriers": "No Course", "Normal_Phone": "Yes", "Computer": "No", "Smartphone": "Yes", "Network_Quality": "Good", "Digital_Services": "Social Media", "UPI_Usage": "Yes", "55_Women_Mobility": "Free", "Women_Decision_Participation": "High", "Women_Community_Participation": "High", "Women_Panchayat_Participation": "Moderate", "Discrimination_Faced": null, "Active_Institutions": "Nill", "Trust_Institutions": "High", "Top_Need_1": "Water", "Top_Need_2": "Housing", "Top_Need_3": "Sanitation", "Willing_VDP": "Yes", "Willing_GPDP": "Yes", "total_family_members": 3, "male_members": 1, "female_members": 2, "Age_0_5": 2, "Age_6_17": 0, "Age_18_35": 1, "Age_36_59": 0, "Age_60_Plus": 0, "literate_members": 0, "illiterate_members": 3}, "geometry": {"type": "Polygon", "coordinates": [[[81.31088254269525, 18.60721520571724], [81.31083711883804, 18.60721768784606], [81.31084140140962, 18.607289293666042], [81.31091025080747, 18.60728555878154], [81.31090747999627, 18.60723836505855], [81.31088396991936, 18.607239613317574], [81.31088254269525, 18.60721520571724]]]}}, {"type": "Feature", "properties": {"OBJECTID": 53, "area_in_me": 890.32078373, "Para_Name": "Patel Para", "Shape_Leng": 0.000364634493406, "Shape_Area": 7.08626635182e-09, "HH NO": 1, "Panchayat Name": "Samlawar", "Village Name": "Samlawar", "Respondent_Name": "Joga Kunjam", "Gender": "Male", "Respondent_Age_Group": "30-39", "Caste_Category": "ST", "Languages_Spoken": "Gondi", "Total_School_Going_Children": 0, "Total_Children_Attending": 0, "Left_Out_Children": 0, "Dropout_Children": 0, "Last_Class_Attended": 0, "Primary_Livelihood": "Agriculture", "Secondary_Livelihood": null, "Land_Ownership": "Own Land", "Landholding_Size": "1-2.5 acre", "Irrigation_Source": "Rainfed", "Loan_Status": "No", "Loan_Purpose": "No", "Loan_Source": "No", "Distance_Bank": "<1 km", "Distance_Panchayat": "<1 km", "Distance_Police": ">5 km", "Distance_PostOffice": ">5 km", "Drinking_Water_Source": "Handpump", "Water_Available_Year": "Yes", "Water_Alternative": null, "House_Type": "Kutcha", "Electrified": "Yes", "Avg_Power_Hours": "12 + Hours", "Power_Outage_Frequency": "Rare", "Alternate_Energy": null, "Health_Facility_Type": "CHC", "Distance_Health_Facility": ">5 km", "Health_Expense_Last3Months": "<500", "Insurance_Coverage": "PM-JAY", "Healthcare_Barriers": "Transportation,Cultural Restrictions", "PDS_Type": "BPL", "PDS_Status": "Regular", "No_Pension_Availing": "Nill", "No of Persons_Pension_Eligible_But_Not_Getting": "Nill", "Pension_Type": "Nill", "Schemes_Availed": "MGNREGA", "Scheme_Barriers": "Awareness", "Skill_Training_Attended": "No", "Preferred_Skill_Area": "Massion", "Skill_Barriers": "No Course", "Normal_Phone": "Yes", "Computer": "No", "Smartphone": "Yes", "Network_Quality": "Good", "Digital_Services": "Social Media", "UPI_Usage": "Yes", "55_Women_Mobility": "Free", "Women_Decision_Participation": "High", "Women_Community_Participation": "High", "Women_Panchayat_Participation": "Moderate", "Discrimination_Faced": null, "Active_Institutions": "Nill", "Trust_Institutions": "High", "Top_Need_1": "Water", "Top_Need_2": "Housing", "Top_Need_3": "Sanitation", "Willing_VDP": "Yes", "Willing_GPDP": "Yes", "total_family_members": 3, "male_members": 1, "female_members": 2, "Age_0_5": 2, "Age_6_17": 0, "Age_18_35": 1, "Age_36_59": 0, "Age_60_Plus": 0, "literate_members": 0, "illiterate_members": 3}, "geometry": {"type": "Polygon", "coordinates": [[[81.31314915980596, 18.609613734486288], [81.3131285896128, 18.609561405634395], [81.31300987010945, 18.609603885111255], [81.31303044030261, 18.60965621396315], [81.31314915980596, 18.609613734486288]]]}}, {"type": "Feature", "properties": {"OBJECTID": 54, "area_in_me": 1226.68701408, "Para_Name": "Patel Para", "Shape_Leng": 0.000404496038613, "Shape_Area": 9.7633556348e-09, "HH NO": 1, "Panchayat Name": "Samlawar", "Village Name": "Samlawar", "Respondent_Name": "Joga Kunjam", "Gender": "Male", "Respondent_Age_Group": "30-39", "Caste_Category": "ST", "Languages_Spoken": "Gondi", "Total_School_Going_Children": 0, "Total_Children_Attending": 0, "Left_Out_Children": 0, "Dropout_Children": 0, "Last_Class_Attended": 0, "Primary_Livelihood": "Agriculture", "Secondary_Livelihood": null, "Land_Ownership": "Own Land", "Landholding_Size": "1-2.5 acre", "Irrigation_Source": "Rainfed", "Loan_Status": "No", "Loan_Purpose": "No", "Loan_Source": "No", "Distance_Bank": "<1 km", "Distance_Panchayat": "<1 km", "Distance_Police": ">5 km", "Distance_PostOffice": ">5 km", "Drinking_Water_Source": "Handpump", "Water_Available_Year": "Yes", "Water_Alternative": null, "House_Type": "Kutcha", "Electrified": "Yes", "Avg_Power_Hours": "12 + Hours", "Power_Outage_Frequency": "Rare", "Alternate_Energy": null, "Health_Facility_Type": "CHC", "Distance_Health_Facility": ">5 km", "Health_Expense_Last3Months": "<500", "Insurance_Coverage": "PM-JAY", "Healthcare_Barriers": "Transportation,Cultural Restrictions", "PDS_Type": "BPL", "PDS_Status": "Regular", "No_Pension_Availing": "Nill", "No of Persons_Pension_Eligible_But_Not_Getting": "Nill", "Pension_Type": "Nill", "Schemes_Availed": "MGNREGA", "Scheme_Barriers": "Awareness", "Skill_Training_Attended": "No", "Preferred_Skill_Area": "Massion", "Skill_Barriers": "No Course", "Normal_Phone": "Yes", "Computer": "No", "Smartphone": "Yes", "Network_Quality": "Good", "Digital_Services": "Social Media", "UPI_Usage": "Yes", "55_Women_Mobility": "Free", "Women_Decision_Participation": "High", "Women_Community_Participation": "High", "Women_Panchayat_Participation": "Moderate", "Discrimination_Faced": null, "Active_Institutions": "Nill", "Trust_Institutions": "High", "Top_Need_1": "Water", "Top_Need_2": "Housing", "Top_Need_3": "Sanitation", "Willing_VDP": "Yes", "Willing_GPDP": "Yes", "total_family_members": 3, "male_members": 1, "female_members": 2, "Age_0_5": 2, "Age_6_17": 0, "Age_18_35": 1, "Age_36_59": 0, "Age_60_Plus": 0, "literate_members": 0, "illiterate_members": 3}, "geometry": {"type": "Polygon", "coordinates": [[[81.31380328979003, 18.607033812460543], [81.31368734109799, 18.606994053432857], [81.31365929933725, 18.60706865759255], [81.31377516259374, 18.60710841212358], [81.31380328979003, 18.607033812460543]]]}}]}