{
"type": "FeatureCollection",
"name": "Plotboundary",
"crs": { "type": "name", "properties": { "name": "urn:ogc:def:crs:OGC:1.3:CRS84" } },
"features": [
{ "type": "Feature", "properties": { "AREA": 235.132922941, "State": "Karnataka", "Block": "Sandur", "Village": "Devagiri" }, "geometry": { "type": "Polygon", "coordinates": [ [ [ 76.6206460857628, 15.021188257198036 ], [ 76.621146079484959, 15.02060976789237 ], [ 76.621586888309437, 15.020095875365215 ], [ 76.621846719544905, 15.019823225133383 ], [ 76.62200730027952, 15.019654699605011 ], [ 76.622034005252928, 15.019624309377846 ], [ 76.622089883038967, 15.0195606742683 ], [ 76.622420989537574, 15.019451975162337 ], [ 76.622421016442573, 15.019451966836144 ], [ 76.622558757551246, 15.019406453662262 ], [ 76.622765499574626, 15.019338099674384 ], [ 76.623001141561005, 15.019250157165962 ], [ 76.623252884801971, 15.019156158796998 ], [ 76.623493357221562, 15.018976652999157 ], [ 76.623637094230986, 15.018868677836185 ], [ 76.623637127522016, 15.018868653195776 ], [ 76.623758250092749, 15.018768744090675 ], [ 76.623832948187982, 15.018707122591204 ], [ 76.624066900026762, 15.018514100330778 ], [ 76.624118999791591, 15.01845639994913 ], [ 76.624456099816513, 15.018161299822617 ], [ 76.624202995653278, 15.017374501548213 ], [ 76.624294145333181, 15.017313628312419 ], [ 76.624520900638416, 15.017162186963455 ], [ 76.624979709308548, 15.016838330993361 ], [ 76.625136465979864, 15.016727681689227 ], [ 76.625136506025527, 15.016727689537355 ], [ 76.625588482958165, 15.016716332820387 ], [ 76.626011199921734, 15.016705700449945 ], [ 76.626648399861409, 15.01634750043757 ], [ 76.626769499797547, 15.016204200308762 ], [ 76.627344593710788, 15.016171004989406 ], [ 76.627904256509751, 15.015831581683566 ], [ 76.627904286094065, 15.015831558876737 ], [ 76.628099005641388, 15.015682356350363 ], [ 76.628385700262754, 15.015462599657926 ], [ 76.629609841674196, 15.014744341721302 ], [ 76.629053897593778, 15.014292905280339 ], [ 76.629633657637996, 15.01395820776162 ], [ 76.629864299921621, 15.013808992476728 ], [ 76.62998980010569, 15.013229799548146 ], [ 76.630001705579559, 15.013166901753877 ], [ 76.630033556367025, 15.012998435157103 ], [ 76.630033596992334, 15.012998396906308 ], [ 76.630374496464555, 15.012597497381785 ], [ 76.630374521350944, 15.012597468281761 ], [ 76.630832399109934, 15.012045460953791 ], [ 76.631031253615916, 15.01218123275912 ], [ 76.631232500066247, 15.012318599599864 ], [ 76.631801882535981, 15.012708079124154 ], [ 76.632516206379705, 15.012026995696164 ], [ 76.632478343121136, 15.011985251418599 ], [ 76.632394562709294, 15.011892926307066 ], [ 76.631869360266336, 15.011328982129635 ], [ 76.632406768665817, 15.010724976352101 ], [ 76.632803351339675, 15.010217259826039 ], [ 76.633114755767636, 15.009823092274393 ], [ 76.633249153557031, 15.009644552297553 ], [ 76.633445279024116, 15.009453858616936 ], [ 76.633592778889536, 15.009300603185679 ], [ 76.633702199919739, 15.009129588399654 ], [ 76.634083508831395, 15.008522492909858 ], [ 76.63444830480789, 15.007935201248287 ], [ 76.634568399991792, 15.00779520026764 ], [ 76.634744740056647, 15.007559920479409 ], [ 76.635011148275638, 15.007204375429385 ], [ 76.63424400018431, 15.006959999556669 ], [ 76.63424398592106, 15.006959958084211 ], [ 76.634034940705988, 15.006052956538301 ], [ 76.63396415298628, 15.00574581959766 ], [ 76.633768578133598, 15.004897241985123 ], [ 76.633420982684356, 15.004749237280999 ], [ 76.633289799963848, 15.004693399944014 ], [ 76.633201476743565, 15.004773885517517 ], [ 76.633059931686105, 15.004902938224188 ], [ 76.632562424936367, 15.005353283728931 ], [ 76.632562402764989, 15.005353302867812 ], [ 76.632127704104747, 15.005742603447706 ], [ 76.632127671801385, 15.005742635312432 ], [ 76.631862699755814, 15.006076899621874 ], [ 76.631739059843497, 15.006237738353963 ], [ 76.631315636704272, 15.006788629984683 ], [ 76.630850546985968, 15.007228365304758 ], [ 76.630850498888933, 15.007228399090119 ], [ 76.630147600458656, 15.007662099677139 ], [ 76.629444900341056, 15.008098800258535 ], [ 76.629383496483044, 15.008134440336422 ], [ 76.629330472286014, 15.008165248322729 ], [ 76.628476809400695, 15.007915924550145 ], [ 76.628446530127945, 15.007906870898532 ], [ 76.627998940653626, 15.007773035691793 ], [ 76.627998933016585, 15.0077730095361 ], [ 76.627998900397472, 15.007772999827591 ], [ 76.627901375540034, 15.007438876869186 ], [ 76.627750056864585, 15.006920611570875 ], [ 76.627686677353296, 15.006499473582299 ], [ 76.627644328492721, 15.006218066044083 ], [ 76.627571900260136, 15.005736999938806 ], [ 76.6272572328471, 15.004921218099916 ], [ 76.627232496804737, 15.004857092852358 ], [ 76.626949618712814, 15.004460823538722 ], [ 76.626949601791651, 15.004460799256927 ], [ 76.626892678943136, 15.004383172500008 ], [ 76.626492996948201, 15.003838122278326 ], [ 76.626060377862302, 15.004051749885241 ], [ 76.625587630235373, 15.004344785148646 ], [ 76.625537599199276, 15.004375798606889 ], [ 76.625537563100636, 15.004375820555996 ], [ 76.62483209111268, 15.004782596235561 ], [ 76.624780999912915, 15.005335799816468 ], [ 76.62474751583909, 15.005688311504676 ], [ 76.624730407324918, 15.005868493382819 ], [ 76.624665641976094, 15.00653649198817 ], [ 76.624599032336079, 15.007151673599653 ], [ 76.624599000845009, 15.007151690092941 ], [ 76.624131800274782, 15.007333900402266 ], [ 76.623487099149685, 15.006668894845298 ], [ 76.623187779256682, 15.006710049763392 ], [ 76.622663214323964, 15.006761041273263 ], [ 76.622474078393495, 15.006749586332656 ], [ 76.622354999621592, 15.006742400344013 ], [ 76.622175146895586, 15.006957149635268 ], [ 76.622157621403417, 15.006978079268404 ], [ 76.622157598273745, 15.006978094797974 ], [ 76.621888512512101, 15.007074988140179 ], [ 76.621923240844453, 15.007198671507814 ], [ 76.621700037097725, 15.007471561304323 ], [ 76.621700000197833, 15.007471600430945 ], [ 76.621429299974139, 15.007558100183525 ], [ 76.62113319979764, 15.007718700210724 ], [ 76.62113316368432, 15.007718720351713 ], [ 76.621037780724123, 15.007724404147709 ], [ 76.620818700032899, 15.007737499807162 ], [ 76.620539200143043, 15.007959899810611 ], [ 76.620474187277281, 15.007963542334942 ], [ 76.62041074533343, 15.007967109485309 ], [ 76.620410698821587, 15.007967107105065 ], [ 76.620014144667849, 15.007921919157575 ], [ 76.619779401478027, 15.007893393836698 ], [ 76.619445998238348, 15.007852889926124 ], [ 76.618957499913009, 15.007800299608128 ], [ 76.618600348383865, 15.007751848076454 ], [ 76.618252820987195, 15.007704727533923 ], [ 76.618084213186918, 15.007937442207016 ], [ 76.618065813683373, 15.007969321088312 ], [ 76.617764482176995, 15.008148943208584 ], [ 76.617727803915045, 15.008170806758809 ], [ 76.617364107037275, 15.007741594702599 ], [ 76.617578199587399, 15.007679199822377 ], [ 76.617569100240914, 15.007572099960308 ], [ 76.617370799653102, 15.006816500261685 ], [ 76.616999300013319, 15.006831100055534 ], [ 76.616838872492437, 15.006888975465461 ], [ 76.616695541758418, 15.006940693691213 ], [ 76.616695499963853, 15.006940700314763 ], [ 76.616662209097328, 15.006809677573198 ], [ 76.616647287166998, 15.006751025161362 ], [ 76.616647302797347, 15.006751001551304 ], [ 76.616918105651521, 15.0064043011065 ], [ 76.617024098079654, 15.005768111964747 ], [ 76.616809830885444, 15.005751782066904 ], [ 76.616782521689316, 15.00574970026353 ], [ 76.61656830637915, 15.00598950011425 ], [ 76.616527233272947, 15.006302091176103 ], [ 76.616514631952214, 15.006319448844241 ], [ 76.616433637423768, 15.006378224844147 ], [ 76.616381045874618, 15.006548458349805 ], [ 76.616343707753344, 15.006648410005377 ], [ 76.616282029279418, 15.006677489721207 ], [ 76.616281999599764, 15.006677499873872 ], [ 76.616058810523953, 15.006629903076455 ], [ 76.616012419688516, 15.006628000965023 ], [ 76.616023621186088, 15.006919520894568 ], [ 76.616021641953125, 15.006954844047808 ], [ 76.61601940001816, 15.006995299989041 ], [ 76.61596119978779, 15.007176399983999 ], [ 76.615941815044081, 15.007218270994009 ], [ 76.615914331993494, 15.007277710798554 ], [ 76.615756692512605, 15.007501397466266 ], [ 76.615763520766421, 15.007643961897298 ], [ 76.615759825186217, 15.007750712598707 ], [ 76.615693745870885, 15.007865385214052 ], [ 76.615731019149422, 15.007933561520096 ], [ 76.615763999986356, 15.00799380031399 ], [ 76.615763973286164, 15.007993835752091 ], [ 76.615603229127188, 15.008218743760533 ], [ 76.615364648363425, 15.008399156548771 ], [ 76.615247615554537, 15.008487688348689 ], [ 76.615424247131713, 15.008961466635347 ], [ 76.615434758983696, 15.008972538690054 ], [ 76.615441799590386, 15.008979899943562 ], [ 76.61566480046001, 15.009105199809502 ], [ 76.615664787612133, 15.009105222495938 ], [ 76.615591299930884, 15.009234800000902 ], [ 76.615517600340638, 15.00947019964495 ], [ 76.615589678593196, 15.009706151425837 ], [ 76.615589700346234, 15.009706200077069 ], [ 76.615418433048845, 15.009822440104706 ], [ 76.615293412395559, 15.009907337538079 ], [ 76.61542433357512, 15.010466190286877 ], [ 76.615473137720713, 15.010674524214554 ], [ 76.615601899853672, 15.01076669960009 ], [ 76.615601881372285, 15.010766715096045 ], [ 76.615601927185907, 15.010766748211697 ], [ 76.615553417083916, 15.010805666293351 ], [ 76.615510700144725, 15.010839999788887 ], [ 76.615341414328952, 15.010822949215568 ], [ 76.615219787341502, 15.010810720053247 ], [ 76.614842448893498, 15.011226598091275 ], [ 76.614842402475958, 15.011226608362609 ], [ 76.61464760027755, 15.011287700052232 ], [ 76.614248447773591, 15.011384434358916 ], [ 76.613843807638503, 15.011482545461362 ], [ 76.613766407939963, 15.011955698153225 ], [ 76.613815814884674, 15.012066366234031 ], [ 76.61400419957171, 15.012488300083058 ], [ 76.614193200361299, 15.012577999934946 ], [ 76.614206716047391, 15.012584258725054 ], [ 76.614213522239581, 15.012587387324817 ], [ 76.614288875899035, 15.012639770706413 ], [ 76.614436299953397, 15.012742199932585 ], [ 76.61509099577647, 15.01323716159752 ], [ 76.615196604139157, 15.013316996339857 ], [ 76.615196625654832, 15.013317013359474 ], [ 76.615712106194366, 15.013705875305156 ], [ 76.615712089579276, 15.013705891691714 ], [ 76.615557535651988, 15.013886616703354 ], [ 76.615494097165652, 15.013960797184433 ], [ 76.615438609530784, 15.014161556518991 ], [ 76.615378714547191, 15.014378340938055 ], [ 76.615279803107981, 15.014441694375108 ], [ 76.615221316617621, 15.014576438197672 ], [ 76.615116399638438, 15.014818199942962 ], [ 76.615087399958242, 15.014968100040559 ], [ 76.615044599913077, 15.015238699624652 ], [ 76.614902930955367, 15.015298878646353 ], [ 76.614902901355975, 15.015298899644083 ], [ 76.614606796079954, 15.01557069626457 ], [ 76.614601653573331, 15.015676746820926 ], [ 76.614599154315911, 15.015728648605492 ], [ 76.614596441098143, 15.015784995032401 ], [ 76.614595706019401, 15.015851146396477 ], [ 76.614593070731019, 15.016088401336406 ], [ 76.614590408140032, 15.016327712630913 ], [ 76.614592545655981, 15.016383106354761 ], [ 76.614687963959256, 15.016527455980141 ], [ 76.61478170012235, 15.016669200064017 ], [ 76.614713883408527, 15.016979218776717 ], [ 76.614705401992055, 15.017017999954723 ], [ 76.614705393854152, 15.01701803074198 ], [ 76.614573311789485, 15.017468847239446 ], [ 76.614481218353077, 15.017755638640404 ], [ 76.614417699790934, 15.01795350029769 ], [ 76.614346092670814, 15.018201611467067 ], [ 76.614266323932227, 15.018525900222981 ], [ 76.614292382097602, 15.018527354777449 ], [ 76.614660699888049, 15.018547900322037 ], [ 76.615150513387462, 15.018574866272163 ], [ 76.615158399626594, 15.018575299227344 ], [ 76.615158447091062, 15.018575304313128 ], [ 76.615229700073201, 15.018589799698788 ], [ 76.615667899610557, 15.018740499976946 ], [ 76.615843004577385, 15.018800311820263 ], [ 76.615962480193957, 15.018835856580829 ], [ 76.616088309380672, 15.018873292083933 ], [ 76.61680001051829, 15.01903901088936 ], [ 76.617205335073749, 15.019426016232352 ], [ 76.616786730622394, 15.020133560283595 ], [ 76.61696179987625, 15.020246999700117 ], [ 76.616961832585417, 15.020247021158934 ], [ 76.617869293770028, 15.020856408555854 ], [ 76.617970978359025, 15.020938251483562 ], [ 76.618065218296678, 15.021014090015832 ], [ 76.618466306752538, 15.020857199922478 ], [ 76.618714302969821, 15.021348498397108 ], [ 76.61871432562765, 15.021348543426145 ], [ 76.619047104271544, 15.022018798012368 ], [ 76.619370894041069, 15.022170595840114 ], [ 76.619783216024501, 15.022195452875577 ], [ 76.620103751145976, 15.021833687637978 ], [ 76.6206460857628, 15.021188257198036 ] ] ] } },
{ "type": "Feature", "properties": { "AREA": 1117.0708940100001, "State": "Karnataka", "Block": "Sandur", "Village": "Ubbalagundi" }, "geometry": { "type": "Polygon", "coordinates": [ [ [ 76.671476297655573, 15.071471688659612 ], [ 76.671547340497071, 15.070786728745677 ], [ 76.671899798706818, 15.067083500209108 ], [ 76.672227500794733, 15.066621871210673 ], [ 76.672461506131015, 15.066291364015944 ], [ 76.67593336926241, 15.063329789521489 ], [ 76.675933413614473, 15.063329752138747 ], [ 76.677348463243575, 15.062230698349913 ], [ 76.67745167681916, 15.062150484654447 ], [ 76.677775546888213, 15.061907280702659 ], [ 76.677775574633515, 15.061907260614273 ], [ 76.678698988245714, 15.060775725081365 ], [ 76.678699003879146, 15.060775702371162 ], [ 76.678947975566075, 15.060473167710962 ], [ 76.679544597270763, 15.059748155046099 ], [ 76.679950564757775, 15.059058047952808 ], [ 76.680351717584188, 15.058376120864102 ], [ 76.680351700680831, 15.058376100202363 ], [ 76.680341102757552, 15.058363088347697 ], [ 76.679978595679032, 15.057918043924577 ], [ 76.679978616885165, 15.057918020269287 ], [ 76.68105398184116, 15.056711639296607 ], [ 76.681054009472064, 15.056711604748294 ], [ 76.681145644398285, 15.056577811787722 ], [ 76.681422771686655, 15.056173154532312 ], [ 76.681792597331878, 15.055631896080524 ], [ 76.68179261285826, 15.055631859814277 ], [ 76.681976596625773, 15.05474949399361 ], [ 76.681984300650782, 15.054654509342393 ], [ 76.682006463414737, 15.054374094875797 ], [ 76.682005901397446, 15.05424454589647 ], [ 76.682005901035694, 15.054244499806403 ], [ 76.682005519712305, 15.054146266342759 ], [ 76.682010026559098, 15.054088178676908 ], [ 76.682022699827371, 15.053997694165279 ], [ 76.68230125887537, 15.052297092016508 ], [ 76.682301263333798, 15.05229706758141 ], [ 76.682563687261506, 15.051569230347225 ], [ 76.682563701914276, 15.051569201317669 ], [ 76.682770864451356, 15.051274747099603 ], [ 76.682770895680662, 15.051274697160206 ], [ 76.682901953287342, 15.051044657254948 ], [ 76.683047508025737, 15.05079139565434 ], [ 76.68310070205294, 15.050708901034001 ], [ 76.683100727787334, 15.050708861980675 ], [ 76.683115768143736, 15.0506856191355 ], [ 76.683280591728433, 15.050431158031738 ], [ 76.683318158565896, 15.05037310899 ], [ 76.683318178777114, 15.050373077207858 ], [ 76.683279596183709, 15.050381600363558 ], [ 76.683205400213652, 15.050398598429208 ], [ 76.683205351939719, 15.050398609632518 ], [ 76.682911291741789, 15.050465503261444 ], [ 76.679449603952065, 15.051174502758313 ], [ 76.678585251718204, 15.050555938280871 ], [ 76.676390957147291, 15.050651665401825 ], [ 76.676241200100861, 15.050658198560667 ], [ 76.676241153601524, 15.050658198904053 ], [ 76.676011691908371, 15.050646633891557 ], [ 76.675364099086167, 15.050612499484954 ], [ 76.675358188792828, 15.050507203673199 ], [ 76.675337190395012, 15.050054896334762 ], [ 76.675333207722886, 15.049970968873476 ], [ 76.67532434324319, 15.049783740780073 ], [ 76.675324301266812, 15.049783724821777 ], [ 76.675254309391804, 15.04975812928566 ], [ 76.674911972476053, 15.04962963137514 ], [ 76.674811723513542, 15.049591974724375 ], [ 76.674742480912585, 15.049565964980319 ], [ 76.674730530030658, 15.04956157129036 ], [ 76.674715157030889, 15.049555921282431 ], [ 76.674713118269082, 15.049538762646952 ], [ 76.674710942154348, 15.049520450894372 ], [ 76.674705375804308, 15.04947293943947 ], [ 76.674700354517356, 15.049430078443198 ], [ 76.674689139511486, 15.04933297020772 ], [ 76.67468331705264, 15.049282554978953 ], [ 76.67461140060567, 15.049231766920846 ], [ 76.674590229096495, 15.049216502758698 ], [ 76.674561293658897, 15.049195642705113 ], [ 76.67452729564306, 15.049170801773265 ], [ 76.674528661195254, 15.049134163196536 ], [ 76.67453158608977, 15.049044856027699 ], [ 76.67455117862913, 15.048467797192284 ], [ 76.67455118020672, 15.048467761029356 ], [ 76.674499682025399, 15.048462105423527 ], [ 76.674474298219948, 15.048459309265581 ], [ 76.674026917173535, 15.048408639248297 ], [ 76.673872927554896, 15.048390702162735 ], [ 76.673872900550251, 15.048390697842921 ], [ 76.6738500882946, 15.048386353452168 ], [ 76.673850065946908, 15.04838635000181 ], [ 76.67355083473602, 15.048342505598477 ], [ 76.67355080210919, 15.048342495897375 ], [ 76.673454725641591, 15.048302281730136 ], [ 76.673345347109304, 15.048256485288414 ], [ 76.673345324712258, 15.048256475511879 ], [ 76.673079626913122, 15.048146367340662 ], [ 76.672898330998024, 15.048071236940467 ], [ 76.672400725465906, 15.047778419621139 ], [ 76.672414097266653, 15.047596100264878 ], [ 76.672414100634072, 15.047596055050901 ], [ 76.672455263905931, 15.047032732578861 ], [ 76.672455267259252, 15.047032685557408 ], [ 76.672466602799133, 15.046890732424567 ], [ 76.672626293438682, 15.046778501819444 ], [ 76.672644205972531, 15.046765658141357 ], [ 76.672643807793804, 15.046714854879841 ], [ 76.672642870156366, 15.046597283155744 ], [ 76.672638207020825, 15.046068894200431 ], [ 76.672638209592193, 15.046068866164195 ], [ 76.672752791441425, 15.045945997700493 ], [ 76.673082604456354, 15.045592403503985 ], [ 76.673082647917965, 15.045592371551322 ], [ 76.673179627766984, 15.04554626712555 ], [ 76.673219829114728, 15.045527357463524 ], [ 76.673323816994952, 15.045478443895888 ], [ 76.67336410464452, 15.045460109284653 ], [ 76.673364146351929, 15.045460090901614 ], [ 76.67340488526024, 15.045440948590933 ], [ 76.673439647436439, 15.045424612283893 ], [ 76.673439706777913, 15.045424589251974 ], [ 76.673561160268264, 15.045403078815038 ], [ 76.673601745872759, 15.045395875675291 ], [ 76.673643692074194, 15.04538843203505 ], [ 76.674043410271025, 15.045354942977893 ], [ 76.674177019200002, 15.045344421176349 ], [ 76.674226078630539, 15.045270335151535 ], [ 76.674226101611509, 15.045270300638323 ], [ 76.674327659603208, 15.045116652490506 ], [ 76.674589462669417, 15.045128735028474 ], [ 76.674731565251321, 15.045597034084748 ], [ 76.674787092013432, 15.045780998029299 ], [ 76.674951074187689, 15.045594563577851 ], [ 76.675025878660009, 15.045510302496101 ], [ 76.675065048632206, 15.045466180978561 ], [ 76.675132642621108, 15.045389781744086 ], [ 76.675173400549198, 15.045059999842389 ], [ 76.675173404966031, 15.045059969984976 ], [ 76.675131032814278, 15.044949054942601 ], [ 76.675067164710669, 15.044781873495383 ], [ 76.674868622532998, 15.044423140786916 ], [ 76.674868599896314, 15.044423100283653 ], [ 76.674787800727429, 15.044277399984951 ], [ 76.674787775265614, 15.04427735498359 ], [ 76.674767099059963, 15.044240300542208 ], [ 76.674832373623133, 15.044183462828061 ], [ 76.674862770947072, 15.044156769539724 ], [ 76.674885764350904, 15.044137925081179 ], [ 76.674885797610628, 15.044137896818592 ], [ 76.674912190827229, 15.044114606879502 ], [ 76.674906634991032, 15.044011374396025 ], [ 76.674899608121507, 15.043880902802805 ], [ 76.674861591875256, 15.043658792947527 ], [ 76.674846617589125, 15.043639120484226 ], [ 76.674690315223856, 15.04343378229799 ], [ 76.674690298315269, 15.043433760731894 ], [ 76.674685129373415, 15.043426978903973 ], [ 76.674673658291312, 15.043411928747316 ], [ 76.674613993129427, 15.04342093118078 ], [ 76.674485397393781, 15.043440998971713 ], [ 76.673751505270801, 15.043231775176938 ], [ 76.673751484769454, 15.043231769905335 ], [ 76.673756466059501, 15.043207838061916 ], [ 76.673756475922261, 15.043207790992486 ], [ 76.673767687835834, 15.043152343488686 ], [ 76.673767696789781, 15.043152299137313 ], [ 76.673780069961552, 15.043094665860075 ], [ 76.673767001735541, 15.043079207161739 ], [ 76.673637915940574, 15.042926467443083 ], [ 76.673637899976185, 15.042926447677504 ], [ 76.673312703971774, 15.042538797247747 ], [ 76.673312666421111, 15.042538752335252 ], [ 76.67221799777613, 15.041228451889083 ], [ 76.671854093646743, 15.040744590372967 ], [ 76.671653133717456, 15.040479414256406 ], [ 76.671653089552265, 15.040479355835469 ], [ 76.671364610790718, 15.04024555851465 ], [ 76.670736243799695, 15.03965100105664 ], [ 76.670633399989157, 15.039553995084511 ], [ 76.67052410305476, 15.039451497217387 ], [ 76.67052406465271, 15.039451462252194 ], [ 76.670496929550012, 15.03942832789383 ], [ 76.670496898650839, 15.039428301007529 ], [ 76.670286291914763, 15.039245400803747 ], [ 76.670117374837758, 15.03909876280369 ], [ 76.669846703489867, 15.038863789294371 ], [ 76.66981499266771, 15.038836194855824 ], [ 76.669789146578296, 15.038814121906958 ], [ 76.669770028260885, 15.038776303460111 ], [ 76.669366435003866, 15.0379830546936 ], [ 76.669298918955121, 15.037859607492964 ], [ 76.669265807773826, 15.037800693517104 ], [ 76.66920789617194, 15.037695101385863 ], [ 76.669207870698102, 15.037695054576188 ], [ 76.669158830555332, 15.037606110948046 ], [ 76.668399339431176, 15.036209974973431 ], [ 76.668377595793558, 15.036170417771498 ], [ 76.668368099343738, 15.03615314114278 ], [ 76.667964197871115, 15.035403300775867 ], [ 76.667964173341844, 15.035403255766646 ], [ 76.667899896344679, 15.03528460227618 ], [ 76.66789987187866, 15.035284565400536 ], [ 76.667266608847044, 15.03447500101864 ], [ 76.667075840206593, 15.034231948163486 ], [ 76.667075800763826, 15.034231898744606 ], [ 76.666360206253131, 15.033326605950824 ], [ 76.666354771823933, 15.033319699296101 ], [ 76.666307112241654, 15.033259146198972 ], [ 76.666280254459366, 15.033224973932702 ], [ 76.666263745512339, 15.033179798988847 ], [ 76.666238449571381, 15.033110582665403 ], [ 76.666238398510217, 15.033110593885283 ], [ 76.665516400418582, 15.033248499724374 ], [ 76.664535600161543, 15.033731300358781 ], [ 76.662534699560226, 15.033545700442575 ], [ 76.662534705824626, 15.033545668764146 ], [ 76.66258799665205, 15.033156328002951 ], [ 76.662526694877016, 15.033144323219629 ], [ 76.662526652967728, 15.033144315392157 ], [ 76.662434000380728, 15.033127431744019 ], [ 76.662433973378114, 15.033127427422615 ], [ 76.662392276774483, 15.033119443826704 ], [ 76.661936838213933, 15.033040714876719 ], [ 76.661399600448931, 15.032947900105292 ], [ 76.660784925298231, 15.03296455660981 ], [ 76.660440193667355, 15.03297392571079 ], [ 76.660440102549401, 15.03297392818418 ], [ 76.659901604586921, 15.032989500553672 ], [ 76.659875100369007, 15.032914100286286 ], [ 76.659775895111224, 15.032708501475668 ], [ 76.659775880029883, 15.032708475375927 ], [ 76.659693998969871, 15.032594103236381 ], [ 76.658793608792308, 15.032287799067342 ], [ 76.658687199811084, 15.032260700187717 ], [ 76.658687166970708, 15.032260662468252 ], [ 76.65861689696149, 15.032201002821658 ], [ 76.658616852032239, 15.032200965190391 ], [ 76.657048216744784, 15.030951355813864 ], [ 76.65704818680625, 15.030951332533599 ], [ 76.657048179136751, 15.030951302764414 ], [ 76.656945747556946, 15.03058230598678 ], [ 76.656778599724959, 15.029980300015216 ], [ 76.656765095349456, 15.029911199688273 ], [ 76.656705799589716, 15.02960889983517 ], [ 76.656675900408246, 15.029459700299793 ], [ 76.656541196195619, 15.028920994901325 ], [ 76.655046400325844, 15.029983100120312 ], [ 76.65486683961096, 15.030169664186793 ], [ 76.654449062436569, 15.030603813716818 ], [ 76.654449031993323, 15.030603845571177 ], [ 76.654409540781202, 15.030650253562824 ], [ 76.654409502087148, 15.030650300841671 ], [ 76.654390099566371, 15.030674099744495 ], [ 76.654202188998696, 15.030888000612604 ], [ 76.654136300348583, 15.030964900337702 ], [ 76.654600500360274, 15.031399100156021 ], [ 76.654872996363039, 15.031620826168082 ], [ 76.654879600562879, 15.031626199018779 ], [ 76.65487962488001, 15.031626216917536 ], [ 76.655284699720923, 15.031993400148684 ], [ 76.65578049011809, 15.032438011829097 ], [ 76.656269927359531, 15.032876867992046 ], [ 76.65655234478514, 15.033143977281972 ], [ 76.656598999933195, 15.033145700509115 ], [ 76.656599035298072, 15.033145703866467 ], [ 76.656751625800723, 15.033285164305909 ], [ 76.657007199968476, 15.033518700296042 ], [ 76.657321199590726, 15.033793199802457 ], [ 76.657390498279952, 15.035376700293252 ], [ 76.657390496657413, 15.035376731033965 ], [ 76.657133103100477, 15.037324396368266 ], [ 76.656354441858426, 15.038350545144043 ], [ 76.656350521461661, 15.038373010334244 ], [ 76.656350516133188, 15.038373042909576 ], [ 76.656340338308809, 15.038432434713563 ], [ 76.656325299583727, 15.03852040005615 ], [ 76.656123800184957, 15.039700999799795 ], [ 76.656026259593787, 15.039781087286384 ], [ 76.655724245942949, 15.040029147214383 ], [ 76.655500747691661, 15.041307916868044 ], [ 76.655171890509351, 15.041868855602917 ], [ 76.655158498855982, 15.041891698905822 ], [ 76.655158472228905, 15.041891743385641 ], [ 76.654703193364711, 15.042189832399028 ], [ 76.654507999931909, 15.043412700170737 ], [ 76.654507966780841, 15.043412742890444 ], [ 76.65447249988236, 15.04346099982414 ], [ 76.65428819992826, 15.043765299588696 ], [ 76.65426265657166, 15.043819386866526 ], [ 76.654251610871285, 15.043842795988473 ], [ 76.654070846821242, 15.044421603671953 ], [ 76.653847447873488, 15.044946647075967 ], [ 76.653459393558947, 15.045363920190692 ], [ 76.65338279460704, 15.045446293676861 ], [ 76.653150099669645, 15.045818300224568 ], [ 76.653095914675234, 15.046187370234883 ], [ 76.653055313881225, 15.046463948547801 ], [ 76.653055300328674, 15.046464000162574 ], [ 76.652977400287483, 15.046451500290159 ], [ 76.652728188206353, 15.046422929907768 ], [ 76.652577887945313, 15.046405716709396 ], [ 76.65237450025775, 15.046669900290823 ], [ 76.652374468610546, 15.046669896905977 ], [ 76.652195247161345, 15.046670695931123 ], [ 76.652156210711681, 15.046791130972826 ], [ 76.652107399857115, 15.046941899699135 ], [ 76.651452099612257, 15.047660600444242 ], [ 76.651360623180096, 15.047800456125353 ], [ 76.651164525634314, 15.048100322671699 ], [ 76.650993441914608, 15.048855602450589 ], [ 76.650914909217903, 15.049168298168711 ], [ 76.650513600357058, 15.049124300411702 ], [ 76.650216840290753, 15.049081944244691 ], [ 76.64996291325393, 15.049045719504569 ], [ 76.649038599995862, 15.049170300138366 ], [ 76.64901015423338, 15.049226480466221 ], [ 76.648990717008616, 15.049264903609926 ], [ 76.648968718334217, 15.049308029716697 ], [ 76.648945899909918, 15.049352800352905 ], [ 76.648922636920631, 15.049393218838972 ], [ 76.648860246886528, 15.049501716832847 ], [ 76.648827708488653, 15.049557005906506 ], [ 76.649373703884478, 15.049986994653766 ], [ 76.64983830451844, 15.050308006713479 ], [ 76.650871322062599, 15.051952997645314 ], [ 76.650950858749994, 15.052138837952061 ], [ 76.651069899667817, 15.052416900264893 ], [ 76.651078899944295, 15.052517000227647 ], [ 76.650981199578638, 15.052883499873088 ], [ 76.651123274402451, 15.053531502661686 ], [ 76.651154105723762, 15.053672102654691 ], [ 76.651238405416152, 15.05424095486117 ], [ 76.651238409477415, 15.054240999117399 ], [ 76.651306035627201, 15.054957479459036 ], [ 76.651304110908256, 15.055401099633315 ], [ 76.651269570093035, 15.055706840629327 ], [ 76.651166100036917, 15.05662299962842 ], [ 76.651151002935975, 15.056818752313678 ], [ 76.65114223183069, 15.056932866482667 ], [ 76.651142202104666, 15.05693287121794 ], [ 76.65114219953746, 15.05693290015795 ], [ 76.650682871757226, 15.057090653087233 ], [ 76.650126623228871, 15.057281726052221 ], [ 76.64989461728122, 15.057401749359324 ], [ 76.649600596920862, 15.057553901226713 ], [ 76.649647406516564, 15.057775259267398 ], [ 76.649694502867163, 15.057942887482033 ], [ 76.65069734199902, 15.057939207188957 ], [ 76.651458699881147, 15.057936399935079 ], [ 76.651550492592278, 15.058163723968027 ], [ 76.651635232283795, 15.058373501567235 ], [ 76.651635241772226, 15.05837352590053 ], [ 76.651658103597725, 15.058463692493719 ], [ 76.651685200226453, 15.058570400166948 ], [ 76.651951699670335, 15.060085000328971 ], [ 76.652503400332634, 15.061122000015249 ], [ 76.652503389520717, 15.061122045283543 ], [ 76.651679601971935, 15.064133199739864 ], [ 76.653601799778457, 15.063701900286347 ], [ 76.654022699702679, 15.063818445172116 ], [ 76.654533205303295, 15.063959750160382 ], [ 76.654533202897156, 15.063959799886364 ], [ 76.654542099552415, 15.065255999622655 ], [ 76.654505900067832, 15.065678600008996 ], [ 76.653211146833939, 15.066623613764598 ], [ 76.652704496775684, 15.066993432093824 ], [ 76.652725902140205, 15.068066251088965 ], [ 76.652725909013483, 15.068066298035953 ], [ 76.652809433043899, 15.068460349911737 ], [ 76.652617912855774, 15.068684416202863 ], [ 76.65371902510374, 15.070836178410239 ], [ 76.655630300135854, 15.069618099749118 ], [ 76.656699692180425, 15.067836406744522 ], [ 76.65750950036626, 15.067574399551875 ], [ 76.657965301133515, 15.068117803083249 ], [ 76.658420700339732, 15.070113599632082 ], [ 76.658247334839828, 15.070775547265509 ], [ 76.658084637328088, 15.071396931643172 ], [ 76.657554626470528, 15.071398805475388 ], [ 76.657384802878227, 15.072271745928584 ], [ 76.657344096165986, 15.072480999280112 ], [ 76.657443600327454, 15.072505772164842 ], [ 76.657608831995972, 15.072546857686715 ], [ 76.657802198807573, 15.072596603488691 ], [ 76.657802236102199, 15.072596614965192 ], [ 76.658003921183848, 15.073930083820503 ], [ 76.657956198778521, 15.074212208506973 ], [ 76.657828300030815, 15.074968600045835 ], [ 76.658073399812807, 15.076140400357849 ], [ 76.65808590146473, 15.076191336727893 ], [ 76.658092211430628, 15.076216994275036 ], [ 76.658117585881755, 15.07632066554193 ], [ 76.658188999583814, 15.076612300415562 ], [ 76.65822677977809, 15.076774551139094 ], [ 76.658226794121944, 15.076774601646221 ], [ 76.658558496749706, 15.077916404020502 ], [ 76.659676990093104, 15.078972894831644 ], [ 76.659725463006566, 15.079229812549 ], [ 76.659867945521484, 15.079984909973133 ], [ 76.660011735625559, 15.080683475703673 ], [ 76.660369526171522, 15.081011282831099 ], [ 76.660832898218629, 15.081507680309965 ], [ 76.66125469960302, 15.081959503959174 ], [ 76.663328495044311, 15.08196849385781 ], [ 76.663412200010058, 15.081968699958592 ], [ 76.663884100166769, 15.082044899827688 ], [ 76.663884112546697, 15.082044936791938 ], [ 76.663884153345819, 15.082044920224186 ], [ 76.664038512109158, 15.081952100338787 ], [ 76.664059190781529, 15.081939640723713 ], [ 76.664090199622635, 15.081921507192751 ], [ 76.664100886142975, 15.081915127516432 ], [ 76.664128088332447, 15.081898862949179 ], [ 76.664148691945954, 15.081887039238621 ], [ 76.664159674869211, 15.081880737819542 ], [ 76.664643437718794, 15.081640472962984 ], [ 76.665014289051584, 15.081456295216128 ], [ 76.665065334664632, 15.081430746087891 ], [ 76.665155293502679, 15.081385738091463 ], [ 76.665187533125803, 15.081369798805802 ], [ 76.665737949828213, 15.081081611368784 ], [ 76.666618340906581, 15.080620653426131 ], [ 76.666630940923369, 15.08061335397719 ], [ 76.666663942470933, 15.080594236617074 ], [ 76.66694979341932, 15.080425205026225 ], [ 76.667416914385711, 15.080147253802057 ], [ 76.667481703030859, 15.080109103728701 ], [ 76.667481728961477, 15.080109089077332 ], [ 76.668667803032662, 15.079523304067841 ], [ 76.668667827124025, 15.079523292141253 ], [ 76.668701509751912, 15.079506632308075 ], [ 76.668784730795522, 15.079465461285867 ], [ 76.669096100922303, 15.079129000680455 ], [ 76.669096141508874, 15.079128956999929 ], [ 76.669876700800089, 15.07828110071514 ], [ 76.669876732120514, 15.078281061621704 ], [ 76.670064558895575, 15.078027350494516 ], [ 76.67006459848109, 15.078027297783418 ], [ 76.670100672231612, 15.077979303189236 ], [ 76.670100686958136, 15.0779792831975 ], [ 76.670148469039788, 15.077915969059603 ], [ 76.670158093312253, 15.077901775627527 ], [ 76.670165929933859, 15.077890219050046 ], [ 76.670192738246143, 15.077852702494662 ], [ 76.670448080468503, 15.077513991689043 ], [ 76.670784474386039, 15.077067764808961 ], [ 76.671003382576572, 15.076778855709872 ], [ 76.671141917985366, 15.076596020402823 ], [ 76.671186011177795, 15.076537202499752 ], [ 76.671199698281001, 15.076232906621188 ], [ 76.671392596051533, 15.07225523065369 ], [ 76.671392598601827, 15.072255199906293 ], [ 76.671476297655573, 15.071471688659612 ] ] ] } },
{ "type": "Feature", "properties": { "AREA": 98.254835787700003, "State": "Karnataka", "Block": "Sandur", "Village": "Vitalanagara" }, "geometry": { "type": "Polygon", "coordinates": [ [ [ 76.634518400306362, 15.024235099591754 ], [ 76.636153300095984, 15.023149500244832 ], [ 76.636818199874654, 15.022525499891886 ], [ 76.63839539968788, 15.02119090033939 ], [ 76.639073700368002, 15.020422399775091 ], [ 76.641044399866246, 15.017929699601925 ], [ 76.641089594131842, 15.017795605043631 ], [ 76.641320297981224, 15.017539498531949 ], [ 76.640766850336902, 15.017577517896786 ], [ 76.640029041089605, 15.017628244196429 ], [ 76.640028976949907, 15.017628247370309 ], [ 76.639826248112882, 15.017640723680813 ], [ 76.639826182120345, 15.017640727771788 ], [ 76.639136599872799, 15.017684342181864 ], [ 76.638688345830502, 15.018066585802659 ], [ 76.637969328269406, 15.018679714867723 ], [ 76.637050799911094, 15.01946299956078 ], [ 76.637294900026617, 15.020556000281927 ], [ 76.636640299782755, 15.021416899979691 ], [ 76.63672838385952, 15.021617310806288 ], [ 76.636862345058702, 15.021922013372324 ], [ 76.636634704837732, 15.022009110724147 ], [ 76.636634660341173, 15.022009129120415 ], [ 76.636471422317015, 15.022070215967769 ], [ 76.636471388007791, 15.022070228867902 ], [ 76.636067731773693, 15.022219131620583 ], [ 76.636067710496533, 15.022219146234471 ], [ 76.635769441111549, 15.022430670074559 ], [ 76.635769400416933, 15.022430699288927 ], [ 76.635532299542461, 15.022600799994692 ], [ 76.635176571583187, 15.022873460974923 ], [ 76.634778633886569, 15.023178516203989 ], [ 76.634778575331183, 15.023178520240213 ], [ 76.634378972210968, 15.02322797850905 ], [ 76.633441000315827, 15.023344099609268 ], [ 76.633131604759996, 15.023179492228836 ], [ 76.632950788075561, 15.023083321389027 ], [ 76.632930568276024, 15.022722118798386 ], [ 76.632973690671292, 15.022553124575463 ], [ 76.63299550023622, 15.022467600316377 ], [ 76.632976011375249, 15.022345630425722 ], [ 76.632947070093536, 15.022164749062737 ], [ 76.632947060430538, 15.022164701230666 ], [ 76.632740365961638, 15.021190581770876 ], [ 76.632599021355546, 15.020587411718822 ], [ 76.63248860719186, 15.020116296210212 ], [ 76.632192300251646, 15.020166600214052 ], [ 76.632115599619581, 15.020179899727463 ], [ 76.631232187595856, 15.020326058171065 ], [ 76.629554602195981, 15.020603637151913 ], [ 76.629561689050064, 15.020751330069157 ], [ 76.629569548325662, 15.020914051299785 ], [ 76.629569498112147, 15.020914051659616 ], [ 76.629569500342129, 15.020914100448961 ], [ 76.628411100091128, 15.020931102277583 ], [ 76.628411050828007, 15.020931105341761 ], [ 76.627811703207257, 15.020535295416353 ], [ 76.627643567721876, 15.020472762683582 ], [ 76.627429885487032, 15.020393313011629 ], [ 76.62735682065005, 15.02036614515211 ], [ 76.627356789881901, 15.020366134526647 ], [ 76.62726118352721, 15.020328770354173 ], [ 76.627196206835663, 15.020303389225868 ], [ 76.627136530772404, 15.020280220621988 ], [ 76.627151319266645, 15.020588708578746 ], [ 76.627171300330872, 15.021004700231597 ], [ 76.627634299712341, 15.022323600279851 ], [ 76.626931361926125, 15.023496123517367 ], [ 76.626329272740335, 15.024500439053222 ], [ 76.626305433380992, 15.024540204312851 ], [ 76.626155314738298, 15.024790608591543 ], [ 76.626110158608654, 15.024865932813764 ], [ 76.626110108032236, 15.0248660081912 ], [ 76.626338150858928, 15.025357876296678 ], [ 76.626478503453228, 15.025660605284529 ], [ 76.626478470141052, 15.025660627214155 ], [ 76.625810647660586, 15.026002767860115 ], [ 76.625767056829915, 15.026025100780767 ], [ 76.625453402828015, 15.026185793122549 ], [ 76.625420123231237, 15.026201979597746 ], [ 76.625420097303362, 15.026201994243976 ], [ 76.625370593299024, 15.026229798524657 ], [ 76.625195563202467, 15.026330862382007 ], [ 76.624450429875665, 15.026761134329682 ], [ 76.623586916696155, 15.027556625620058 ], [ 76.623569625471333, 15.027572553950986 ], [ 76.623515941680751, 15.02762200853906 ], [ 76.623466095861261, 15.027678847805477 ], [ 76.623245080016645, 15.027930871349565 ], [ 76.623118943727661, 15.028074702446053 ], [ 76.622506037507648, 15.029149406275831 ], [ 76.622688614166321, 15.02920385135287 ], [ 76.622822830426799, 15.029243875211593 ], [ 76.623921129548563, 15.029571380046921 ], [ 76.623898314440311, 15.029961316713811 ], [ 76.623882099583852, 15.03023880010163 ], [ 76.623889197949538, 15.030331598983475 ], [ 76.62320589987327, 15.031007900153268 ], [ 76.622801544508619, 15.031368623917862 ], [ 76.622606303732525, 15.03154280463429 ], [ 76.622606267765889, 15.031542844658489 ], [ 76.622551777505137, 15.031573850089169 ], [ 76.621981258976732, 15.031898477866562 ], [ 76.621749042216038, 15.032030610235237 ], [ 76.621417421944585, 15.032486117234129 ], [ 76.621272227276279, 15.03268556366206 ], [ 76.621272198714536, 15.032685599114238 ], [ 76.621154833101613, 15.032821447729516 ], [ 76.620519514627802, 15.033379188504606 ], [ 76.620299194993052, 15.033572604037859 ], [ 76.62023832340239, 15.033679517190997 ], [ 76.620223701617974, 15.03370519823566 ], [ 76.620289495938763, 15.033823001939581 ], [ 76.620289518564377, 15.033823042449479 ], [ 76.620496241148913, 15.034193227392274 ], [ 76.620546492829064, 15.034283197991725 ], [ 76.62059567182466, 15.034371261967159 ], [ 76.620595694450387, 15.034371302477004 ], [ 76.620633492755388, 15.034438992695492 ], [ 76.620675972684765, 15.034515058514124 ], [ 76.620675997190901, 15.034515101721979 ], [ 76.620699244342006, 15.034556738693402 ], [ 76.620528511488629, 15.034611907283045 ], [ 76.620464027461409, 15.034694159736938 ], [ 76.6204639970599, 15.03469419791357 ], [ 76.620411122629946, 15.03476161745793 ], [ 76.620370921011258, 15.034812876961281 ], [ 76.620370901666675, 15.03481290150197 ], [ 76.620323698626535, 15.034873098949163 ], [ 76.620323659014232, 15.034873148940934 ], [ 76.620061708789279, 15.035207171596667 ], [ 76.620040941019809, 15.035233653849772 ], [ 76.620040903253624, 15.035233702020728 ], [ 76.620021114858091, 15.035258841465092 ], [ 76.620026700633716, 15.03527550034244 ], [ 76.620026710144685, 15.035275528292587 ], [ 76.620038072461327, 15.035307998724651 ], [ 76.620069789813783, 15.035397404736608 ], [ 76.620104772033727, 15.035492918874626 ], [ 76.620105205035173, 15.035494100675615 ], [ 76.619958480398367, 15.03566757212128 ], [ 76.61985586598712, 15.035788887637427 ], [ 76.619720847432191, 15.035948512353647 ], [ 76.619714015777234, 15.03596319004993 ], [ 76.619707453187957, 15.035977291007734 ], [ 76.61970970276046, 15.035987134582058 ], [ 76.619711841752931, 15.035996497216489 ], [ 76.619719682262343, 15.036022081372069 ], [ 76.619723193011197, 15.036033539189235 ], [ 76.619743493345553, 15.036087910188717 ], [ 76.619762107140417, 15.036137785028691 ], [ 76.619805326489058, 15.0362501886377 ], [ 76.6199254289007, 15.036560400362545 ], [ 76.620367526806717, 15.036611751584402 ], [ 76.621402621856859, 15.036731981105342 ], [ 76.621550881686602, 15.036749672363387 ], [ 76.621337307836797, 15.036227246667455 ], [ 76.621290468482883, 15.03611267029989 ], [ 76.621335729381514, 15.036027577661201 ], [ 76.622222448034009, 15.034360491234576 ], [ 76.622239451224132, 15.034328524290803 ], [ 76.622361860640879, 15.034098384057408 ], [ 76.622459772513452, 15.034070294249887 ], [ 76.622532124141301, 15.034049536918847 ], [ 76.624599699624937, 15.033456353632461 ], [ 76.624474299800639, 15.032638499856668 ], [ 76.624474328389155, 15.032638468019174 ], [ 76.625031000350191, 15.032070099650239 ], [ 76.625643800343823, 15.031109200041479 ], [ 76.627017200194658, 15.02921499969572 ], [ 76.627715895893274, 15.028300109080917 ], [ 76.628882401685743, 15.027855792764324 ], [ 76.629342599967956, 15.027620599666117 ], [ 76.629500799635622, 15.027540531185165 ], [ 76.629571191172772, 15.027504893067265 ], [ 76.629571246734059, 15.027504861939683 ], [ 76.630140608462341, 15.027192391489518 ], [ 76.631135689314817, 15.026492000507773 ], [ 76.631135725395666, 15.026491975846241 ], [ 76.632114600316541, 15.025797400401412 ], [ 76.633992300065614, 15.024606299680851 ], [ 76.634518400306362, 15.024235099591754 ] ] ] } },
{ "type": "Feature", "properties": { "AREA": 1616.5798104400001, "State": "Chattisgarh", "Block": "Dantewada", "Village": "Badebacheli" }, "geometry": { "type": "Polygon", "coordinates": [ [ [ 81.258863204627815, 18.717011000862701 ], [ 81.258907080296197, 18.716969801542728 ], [ 81.258975701979736, 18.716980371933868 ], [ 81.259008111521354, 18.716884939060737 ], [ 81.25912495809024, 18.716805225537684 ], [ 81.259382158821523, 18.71666627483043 ], [ 81.259400850030076, 18.716656176303264 ], [ 81.259628702619111, 18.716572234916022 ], [ 81.259679551343339, 18.716548463128689 ], [ 81.260010502334723, 18.716393741898418 ], [ 81.260278608897138, 18.716282500287718 ], [ 81.260344446492908, 18.716255181716409 ], [ 81.260662426592035, 18.716131612283206 ], [ 81.260789779672876, 18.716115219589607 ], [ 81.260826994863038, 18.716098656473871 ], [ 81.260920617065892, 18.716080151657177 ], [ 81.260996302483761, 18.716026191573231 ], [ 81.261782118962842, 18.715622152290752 ], [ 81.261863986115273, 18.71557657199228 ], [ 81.261956232515629, 18.715553064081927 ], [ 81.26218384015317, 18.715511405285625 ], [ 81.262273956246801, 18.715481803622399 ], [ 81.262369074398563, 18.71547102407418 ], [ 81.262703344254476, 18.715394355951691 ], [ 81.262856140364875, 18.715378005973779 ], [ 81.262953688957012, 18.715356392126118 ], [ 81.263046513913537, 18.715375367772577 ], [ 81.263175349544241, 18.715374678388191 ], [ 81.263271725185049, 18.715385310755888 ], [ 81.263371780589566, 18.715376790050538 ], [ 81.263727544134866, 18.715371248968854 ], [ 81.26384577200335, 18.715356795885619 ], [ 81.264176111393979, 18.715321039879186 ], [ 81.264501959273588, 18.715253219919777 ], [ 81.26461451024818, 18.715229793869234 ], [ 81.264804071120395, 18.715189897544075 ], [ 81.265031811049141, 18.715159739978962 ], [ 81.26505725074334, 18.715156371089787 ], [ 81.265163427915695, 18.715192775579226 ], [ 81.265570996957507, 18.715125824819246 ], [ 81.265861887844508, 18.715081329538396 ], [ 81.266020478940035, 18.715075375739282 ], [ 81.26653526183982, 18.715056047290542 ], [ 81.267061822386253, 18.715043407176179 ], [ 81.267266664613715, 18.714980019955188 ], [ 81.267275724306614, 18.71503156002661 ], [ 81.267423214370666, 18.715096912649663 ], [ 81.26768408762787, 18.715123208781378 ], [ 81.268015239866486, 18.71506467464117 ], [ 81.268202647569026, 18.71502623706386 ], [ 81.268495827692306, 18.714966104453211 ], [ 81.268515639452133, 18.7149620813131 ], [ 81.268649643066553, 18.715024758300732 ], [ 81.268985038463427, 18.715013839650563 ], [ 81.269297201353623, 18.714977459394643 ], [ 81.269601180181141, 18.714898255077589 ], [ 81.269613846555089, 18.7148938665005 ], [ 81.269675649782442, 18.714872450777552 ], [ 81.26970695148357, 18.714861611188901 ], [ 81.269728718399023, 18.714854073654418 ], [ 81.269899381916559, 18.714795030467801 ], [ 81.270135488502646, 18.71471429522013 ], [ 81.270495911063549, 18.714591047615961 ], [ 81.271284512501765, 18.714336048864855 ], [ 81.271418778911908, 18.714286503524516 ], [ 81.271652264509086, 18.714261871361263 ], [ 81.271738890853527, 18.714224514302401 ], [ 81.271834628305811, 18.714232147705783 ], [ 81.27217455577059, 18.714282661992321 ], [ 81.272360587644812, 18.714301013780993 ], [ 81.272513513324938, 18.714316433005731 ], [ 81.272555586806988, 18.714318562108019 ], [ 81.272609418806624, 18.714321287258215 ], [ 81.272614306482652, 18.714410541470976 ], [ 81.272627751109582, 18.714476888148489 ], [ 81.272834414731321, 18.714585313670227 ], [ 81.272871736737159, 18.714710066553646 ], [ 81.272841005179558, 18.714805840915897 ], [ 81.272863615835661, 18.714836021985946 ], [ 81.272861815170103, 18.714893284507038 ], [ 81.272765684753196, 18.714998751250207 ], [ 81.272787571860306, 18.715126640353013 ], [ 81.272802421868448, 18.715178312517409 ], [ 81.272862460595107, 18.715397405897395 ], [ 81.272902645805914, 18.715598218194121 ], [ 81.272931304976495, 18.715683817558677 ], [ 81.272921901607063, 18.715772573412867 ], [ 81.272909945762422, 18.715825732956059 ], [ 81.273030966048381, 18.716091755550007 ], [ 81.273085870034208, 18.716257902011229 ], [ 81.273107260583402, 18.716402421830331 ], [ 81.27312195033862, 18.716696602608096 ], [ 81.273186711325494, 18.717049958636018 ], [ 81.273335680753362, 18.717398572536279 ], [ 81.273773050423074, 18.717875004932768 ], [ 81.273793963235448, 18.717925113056744 ], [ 81.273890628619313, 18.718025844049592 ], [ 81.273961658233986, 18.718099864418914 ], [ 81.27406081453644, 18.718100576623559 ], [ 81.274009872110028, 18.71801370662903 ], [ 81.274055552106873, 18.717925862068679 ], [ 81.274135503990848, 18.717875853783244 ], [ 81.274222009416292, 18.717837097900176 ], [ 81.274343739060214, 18.717772470821004 ], [ 81.274432698540693, 18.717740031194595 ], [ 81.274503628995078, 18.717677878333884 ], [ 81.274986828804543, 18.717379438084908 ], [ 81.275382327949359, 18.717137111886434 ], [ 81.275784050382995, 18.71691471407361 ], [ 81.275852311545293, 18.7168517781869 ], [ 81.275923733767158, 18.716829484636225 ], [ 81.275940208190462, 18.716812077277638 ], [ 81.276288611925779, 18.716443910319533 ], [ 81.276684771844216, 18.716047756505997 ], [ 81.276940494896863, 18.715785199466186 ], [ 81.277032187835033, 18.715691080504087 ], [ 81.27709733600777, 18.715624329221665 ], [ 81.277157567048363, 18.715553503218004 ], [ 81.277424935894729, 18.715311420946243 ], [ 81.277542090166307, 18.715214347045492 ], [ 81.277642297640085, 18.71508546050913 ], [ 81.277735154605352, 18.714945397068583 ], [ 81.277875653136164, 18.714843208750537 ], [ 81.27798779157952, 18.71476198562079 ], [ 81.27805029616151, 18.714716695326405 ], [ 81.278127739368543, 18.714660559572202 ], [ 81.27842696506741, 18.714415490953009 ], [ 81.278503616062622, 18.71436371358277 ], [ 81.278467932546903, 18.71427992341544 ], [ 81.278563382108416, 18.71410147879957 ], [ 81.278833150802853, 18.713739161633772 ], [ 81.278867777845008, 18.71365527750649 ], [ 81.278951967405106, 18.71361610073502 ], [ 81.278968749954672, 18.713599612049233 ], [ 81.279173118659685, 18.713398822363313 ], [ 81.279259414758513, 18.713313629993685 ], [ 81.27933694078493, 18.713176882120791 ], [ 81.279388595255341, 18.71310144679774 ], [ 81.27945232184031, 18.713035332154522 ], [ 81.27948898669942, 18.712986610583222 ], [ 81.279549262527013, 18.712906113555718 ], [ 81.279612847326206, 18.712821195871161 ], [ 81.279674427827388, 18.712752933522783 ], [ 81.279760391843581, 18.712716088523209 ], [ 81.279923806295614, 18.712595272337889 ], [ 81.280400019806095, 18.712501816455088 ], [ 81.280479256982915, 18.712472923007475 ], [ 81.280560496595598, 18.712443300153115 ], [ 81.280715572325562, 18.712386730216011 ], [ 81.280989214296724, 18.712244405016698 ], [ 81.281167176865793, 18.712153480569462 ], [ 81.281468048479709, 18.712125320181517 ], [ 81.281538710360024, 18.712076892608231 ], [ 81.281606972603413, 18.712030067658148 ], [ 81.281617434214638, 18.712023873607873 ], [ 81.281860744359349, 18.711879710576699 ], [ 81.281967235131049, 18.71175678100278 ], [ 81.282190097743495, 18.711720141033755 ], [ 81.282237393831267, 18.711584162748167 ], [ 81.282296205155305, 18.71154315230822 ], [ 81.282389071857338, 18.711542676707282 ], [ 81.282400709791105, 18.711560096140101 ], [ 81.282489289076878, 18.711692653692047 ], [ 81.282601618010816, 18.711689908413632 ], [ 81.282705453067621, 18.711615040644315 ], [ 81.282698870650961, 18.711562346076072 ], [ 81.282686444902183, 18.711462914367193 ], [ 81.282956810331783, 18.711267926050827 ], [ 81.282888404237582, 18.711248385058511 ], [ 81.282968984471012, 18.711208316584965 ], [ 81.283106338587757, 18.711092225347599 ], [ 81.283232645227002, 18.711027179617684 ], [ 81.283380385293128, 18.710951093798109 ], [ 81.283450494536709, 18.710927944755788 ], [ 81.283592486698979, 18.710881063418061 ], [ 81.283648224069793, 18.710906054980057 ], [ 81.283680930566618, 18.710920717953954 ], [ 81.283858386444734, 18.710921983352158 ], [ 81.284022663719441, 18.710858115436881 ], [ 81.284166323840935, 18.710813611495521 ], [ 81.284412265909069, 18.710782845622202 ], [ 81.284573898973605, 18.710744136885971 ], [ 81.284781487249759, 18.710694422184858 ], [ 81.284786127441706, 18.710687746702281 ], [ 81.284790910871223, 18.710689363886026 ], [ 81.284840046333684, 18.710660665685324 ], [ 81.285194271112815, 18.710453782553046 ], [ 81.285551532288579, 18.710248981504289 ], [ 81.285944810378837, 18.710030239038346 ], [ 81.286033358875954, 18.709995293484138 ], [ 81.286091963446168, 18.709923402788441 ], [ 81.286234166326238, 18.709774594601576 ], [ 81.286232878395765, 18.709768474906184 ], [ 81.286231093358481, 18.709759997389323 ], [ 81.286218590450758, 18.709700601059648 ], [ 81.286207230003498, 18.709646634042841 ], [ 81.286204134091051, 18.70963192696863 ], [ 81.286431543714059, 18.709522684039477 ], [ 81.286513280435813, 18.709475089339097 ], [ 81.286588687632062, 18.709418905698545 ], [ 81.286664853698611, 18.709374938955737 ], [ 81.28687084905232, 18.709303196334094 ], [ 81.28714519092064, 18.709260284603953 ], [ 81.287262817899801, 18.709270427542602 ], [ 81.288099515136608, 18.709052469360202 ], [ 81.288195778554723, 18.709049242274457 ], [ 81.288271996219109, 18.708993836746899 ], [ 81.288707951467245, 18.708807935138172 ], [ 81.289327712414405, 18.708552837872386 ], [ 81.289418185650973, 18.708520819597442 ], [ 81.289469461108325, 18.708484588391563 ], [ 81.289495445625278, 18.708466228594656 ], [ 81.289605809199671, 18.708412616260421 ], [ 81.290313360619677, 18.708068902480683 ], [ 81.290927582695048, 18.707743544772974 ], [ 81.290894907606955, 18.707652237350924 ], [ 81.290705736212871, 18.707303972321313 ], [ 81.290663709886061, 18.707209327219267 ], [ 81.29060677675173, 18.707081111431386 ], [ 81.290594791122587, 18.706986662097858 ], [ 81.290579332062009, 18.706906309019462 ], [ 81.290562929417462, 18.70682105425103 ], [ 81.290552184553803, 18.706765206116664 ], [ 81.290541769483369, 18.706711072011313 ], [ 81.290430320538576, 18.706273433124327 ], [ 81.290338849931288, 18.705608774626871 ], [ 81.29031472309012, 18.705519633532983 ], [ 81.290280802097186, 18.705394306544093 ], [ 81.290271188018892, 18.705368216303569 ], [ 81.290154909646958, 18.705052669782425 ], [ 81.290019279449808, 18.704789595839983 ], [ 81.28992892377488, 18.70460547667 ], [ 81.289803461103645, 18.704322095709742 ], [ 81.289831141811447, 18.704194565767555 ], [ 81.289704753601029, 18.703812700853327 ], [ 81.28965399929902, 18.70366568814379 ], [ 81.289589980317444, 18.703479885467022 ], [ 81.289441397992746, 18.703066867715581 ], [ 81.289421041156515, 18.702963419485979 ], [ 81.289416661912227, 18.702941162572586 ], [ 81.28943011045402, 18.702767934237649 ], [ 81.289436887175739, 18.702681270635356 ], [ 81.289439696381265, 18.702506110635902 ], [ 81.289441218825928, 18.702414416180819 ], [ 81.289452130519635, 18.702338282599936 ], [ 81.289478689707806, 18.702152965754621 ], [ 81.289530306699632, 18.701891163052846 ], [ 81.289581459482605, 18.701575310975198 ], [ 81.289685151275123, 18.70141846705371 ], [ 81.289713599029739, 18.701354925245823 ], [ 81.289753956881711, 18.701267111821934 ], [ 81.28981376110967, 18.701188935864199 ], [ 81.28998939108007, 18.700837232769967 ], [ 81.290021493081227, 18.700772945477805 ], [ 81.290252029260103, 18.700368333232632 ], [ 81.290249814392936, 18.700218833055526 ], [ 81.290244895212595, 18.700170589487985 ], [ 81.290237031870518, 18.700093454936884 ], [ 81.290249284503716, 18.700014213658037 ], [ 81.290226463370018, 18.699932209570008 ], [ 81.290219597590919, 18.699839724698187 ], [ 81.290205920430523, 18.699653318495194 ], [ 81.290139829065907, 18.699370469362083 ], [ 81.290108821932492, 18.699236848990658 ], [ 81.290104586242293, 18.699222428657567 ], [ 81.290064020749739, 18.699084330705979 ], [ 81.290015645298084, 18.698919647181995 ], [ 81.289888991735197, 18.69867596209318 ], [ 81.28980438124718, 18.698511619010436 ], [ 81.28971406394318, 18.698288492001353 ], [ 81.289711008139463, 18.698280918099883 ], [ 81.289687897189125, 18.698239541830521 ], [ 81.289465317861797, 18.697841045777551 ], [ 81.289274386380058, 18.697474649917559 ], [ 81.289255147934639, 18.697440008653004 ], [ 81.289171595477328, 18.697313477314143 ], [ 81.289152056838034, 18.697229191972685 ], [ 81.289130112139347, 18.69716447782772 ], [ 81.289124165970705, 18.697146940867441 ], [ 81.289107968669626, 18.697121895951977 ], [ 81.289096095946803, 18.69708042627375 ], [ 81.289088462580338, 18.697053760927904 ], [ 81.289048049399938, 18.696919262278172 ], [ 81.288860664068395, 18.696438132673489 ], [ 81.2887946681616, 18.696216073742008 ], [ 81.28871215552681, 18.695938367686335 ], [ 81.288575472332695, 18.695562817843623 ], [ 81.288601303503853, 18.695455470330394 ], [ 81.288540607352857, 18.695378746843154 ], [ 81.288500289162556, 18.695222740580899 ], [ 81.288378145031359, 18.694834776875805 ], [ 81.288262812835242, 18.694467321411274 ], [ 81.288169880700906, 18.694031163589528 ], [ 81.288094204385985, 18.693663732962069 ], [ 81.288092827520998, 18.693560115679201 ], [ 81.288090907315606, 18.693329351280525 ], [ 81.288114667050152, 18.69314223732658 ], [ 81.288147023061754, 18.69288740215449 ], [ 81.288166557864258, 18.692618120699187 ], [ 81.288156904671354, 18.692560445351731 ], [ 81.288155713103279, 18.692536799293951 ], [ 81.288237831766324, 18.692295795851454 ], [ 81.288241337984743, 18.692285504144863 ], [ 81.288448147692918, 18.691855568326282 ], [ 81.288678211042168, 18.691339517162753 ], [ 81.28871798878771, 18.691280137648164 ], [ 81.28871944393569, 18.691277966865801 ], [ 81.288842555880962, 18.691094194690745 ], [ 81.288921620305473, 18.69097617263829 ], [ 81.288929893002617, 18.690963824460997 ], [ 81.289226058644772, 18.690696300770007 ], [ 81.289388965949797, 18.690525597269559 ], [ 81.289293491900111, 18.690541147817058 ], [ 81.289504250027761, 18.690321742917586 ], [ 81.28962774159946, 18.690275394653018 ], [ 81.289654256381738, 18.690265442866963 ], [ 81.289667871369204, 18.690233344624545 ], [ 81.289734574276494, 18.690076096246322 ], [ 81.289873788555923, 18.689823057644208 ], [ 81.289877229518368, 18.689717529951533 ], [ 81.289883228136532, 18.689579482022669 ], [ 81.289882487946443, 18.689553349154025 ], [ 81.289874084328829, 18.689256689635926 ], [ 81.289837742998216, 18.689170950565472 ], [ 81.289879855921427, 18.689096241373647 ], [ 81.289820235907683, 18.688946923073473 ], [ 81.289832922441548, 18.688491595027148 ], [ 81.289847689825436, 18.688163074183997 ], [ 81.289900087154464, 18.688089508377022 ], [ 81.289902187847787, 18.688008545700175 ], [ 81.289904759288319, 18.687976930752342 ], [ 81.289914603220765, 18.687855891524968 ], [ 81.289932886008216, 18.687631084826354 ], [ 81.290024686075824, 18.687260559159313 ], [ 81.290082736628406, 18.687010614549244 ], [ 81.290109989199479, 18.686895567977302 ], [ 81.290220214076584, 18.686548609350794 ], [ 81.29023489100129, 18.686505188248454 ], [ 81.290351139616433, 18.686161280234785 ], [ 81.290446133338079, 18.685836280838075 ], [ 81.290497266684682, 18.685568670195135 ], [ 81.290508733460044, 18.685427983782521 ], [ 81.290526971785368, 18.685209236591433 ], [ 81.290534048320623, 18.685126799622303 ], [ 81.290570560794691, 18.684888049763103 ], [ 81.290584155512775, 18.684806031120093 ], [ 81.290599601418293, 18.684712843785391 ], [ 81.290559372778731, 18.684598673568136 ], [ 81.2904552786664, 18.684326295603768 ], [ 81.290420573594218, 18.684255634609013 ], [ 81.290407508516282, 18.68422903601326 ], [ 81.290321122928148, 18.684131985002992 ], [ 81.290198003980649, 18.683949718774503 ], [ 81.289911080721467, 18.683439407863002 ], [ 81.289768367008776, 18.683183899055084 ], [ 81.289747028975782, 18.682935323923992 ], [ 81.289821452479543, 18.682822588389172 ], [ 81.289718736757024, 18.68281310717828 ], [ 81.28971594964267, 18.682721932036777 ], [ 81.289680376576015, 18.68244386981619 ], [ 81.289695864601796, 18.68215630735487 ], [ 81.289734193661602, 18.681701344340304 ], [ 81.289734771146428, 18.681682846621108 ], [ 81.289740696240472, 18.681477442378561 ], [ 81.289794190003519, 18.68140958143 ], [ 81.289747525748709, 18.681338128027281 ], [ 81.289752081157062, 18.680955323821621 ], [ 81.289766563986603, 18.680536667240659 ], [ 81.289722437868775, 18.680277702911614 ], [ 81.289673217380098, 18.680059037979273 ], [ 81.28966811767998, 18.67997201603897 ], [ 81.289671926180844, 18.679904053223552 ], [ 81.289602694315803, 18.679914250957431 ], [ 81.289244522726975, 18.679908550815895 ], [ 81.289231527622661, 18.679908333216851 ], [ 81.288783901471646, 18.679912333622386 ], [ 81.288688581504076, 18.679916654680234 ], [ 81.288594796070598, 18.679894678091195 ], [ 81.288178235994124, 18.679881854671024 ], [ 81.287870667296318, 18.679872386303849 ], [ 81.287775226522967, 18.679865752027915 ], [ 81.287682952742173, 18.679886508330149 ], [ 81.287106282795932, 18.680043832180978 ], [ 81.286949612179086, 18.680080112637771 ], [ 81.286923170115926, 18.680086236737193 ], [ 81.286831208799896, 18.680105296585833 ], [ 81.286735350380155, 18.680112317849382 ], [ 81.286608905662433, 18.680085873626421 ], [ 81.286501304681877, 18.680063370233906 ], [ 81.285796547548514, 18.679915978471005 ], [ 81.285703008573179, 18.679908818634747 ], [ 81.285626047080882, 18.67983729311236 ], [ 81.285427467723039, 18.679726120691718 ], [ 81.285204928464722, 18.679616174498165 ], [ 81.285233878238486, 18.679571170121395 ], [ 81.285268201942159, 18.67953014774459 ], [ 81.285342268283998, 18.679428238908439 ], [ 81.285246764996131, 18.679381925850386 ], [ 81.284975321637688, 18.679250561380861 ], [ 81.284960143038433, 18.679243214929691 ], [ 81.284664094103945, 18.679100292489533 ], [ 81.284385663599451, 18.678964559284335 ], [ 81.284334282313807, 18.67893951147505 ], [ 81.2842418502984, 18.678910840793577 ], [ 81.284144536940488, 18.678916055683843 ], [ 81.283897763965285, 18.678897215839019 ], [ 81.283530544772489, 18.678881135996331 ], [ 81.283155104600851, 18.678856977531652 ], [ 81.283072338822137, 18.678809359836094 ], [ 81.282987770946178, 18.678855083708882 ], [ 81.282726863489728, 18.678836765838291 ], [ 81.282657595453159, 18.678837996356968 ], [ 81.282652859365342, 18.678875587408012 ], [ 81.281405709923959, 18.678810677269439 ], [ 81.28133393571855, 18.678820573251116 ], [ 81.281266970551599, 18.678813314112659 ], [ 81.280856298250825, 18.678839914699097 ], [ 81.280728276735289, 18.678848207558918 ], [ 81.280634034668481, 18.678870108578767 ], [ 81.280558378440418, 18.678813732814813 ], [ 81.280181898016394, 18.678689821201949 ], [ 81.280076520062735, 18.678608539086806 ], [ 81.279980533104052, 18.678601174088655 ], [ 81.279841544939416, 18.67856442169705 ], [ 81.279675516953603, 18.678520520957015 ], [ 81.279601357408467, 18.678499937114516 ], [ 81.279477719313661, 18.678464911168387 ], [ 81.27942994185652, 18.678450710568889 ], [ 81.279385613997775, 18.678437534609294 ], [ 81.279292960452437, 18.678455309699007 ], [ 81.278847237882843, 18.678469963315997 ], [ 81.278820648792191, 18.678470794251957 ], [ 81.278819918576062, 18.678516617701781 ], [ 81.278678341139724, 18.67853135840442 ], [ 81.278680398356514, 18.67862758238952 ], [ 81.278599665900956, 18.678630979129611 ], [ 81.278538370172654, 18.678515219497356 ], [ 81.278517083061388, 18.67839377988469 ], [ 81.278514881143764, 18.678379814086949 ], [ 81.278413100280133, 18.67837908296551 ], [ 81.278415467468463, 18.678410894896253 ], [ 81.278300403650761, 18.678424678328685 ], [ 81.278044943766488, 18.678440871038511 ], [ 81.277853332943707, 18.678455268367195 ], [ 81.277778401371904, 18.678466619096284 ], [ 81.277712649358094, 18.678476579498628 ], [ 81.277711318602272, 18.678476782490236 ], [ 81.277493357804971, 18.678538312121489 ], [ 81.277282997843983, 18.678530039575218 ], [ 81.277233513690078, 18.6785071483549 ], [ 81.277104526087768, 18.678516131316194 ], [ 81.276940193723775, 18.678527573641233 ], [ 81.276911194649017, 18.678530256271337 ], [ 81.276736728772448, 18.678546391174685 ], [ 81.276608343412363, 18.678553466499867 ], [ 81.276602612559586, 18.678556011910089 ], [ 81.276509912101119, 18.678574759588077 ], [ 81.276142138911283, 18.678618276565004 ], [ 81.2761177600823, 18.678658179568114 ], [ 81.276096276263885, 18.678693345926877 ], [ 81.276050965535902, 18.678668362407844 ], [ 81.275773361521786, 18.678515297741939 ], [ 81.275534157289357, 18.678502393132629 ], [ 81.275443421709923, 18.678509653781607 ], [ 81.275384991914223, 18.678422615315267 ], [ 81.275311921424958, 18.677891084655574 ], [ 81.275272987328862, 18.677648096545646 ], [ 81.27527029093595, 18.677582022093603 ], [ 81.275253926795187, 18.677475359112613 ], [ 81.275244572092902, 18.677384099031944 ], [ 81.275228298071113, 18.677342984536633 ], [ 81.275210837370295, 18.677298871460117 ], [ 81.275138813433742, 18.676889498267503 ], [ 81.275133503120529, 18.676852366506161 ], [ 81.275100391677, 18.67661925327463 ], [ 81.275034727342003, 18.67655203964248 ], [ 81.275047915448127, 18.676460571612161 ], [ 81.274910324733369, 18.676111104998014 ], [ 81.274863767113217, 18.675992855415519 ], [ 81.274723457663669, 18.675630083001931 ], [ 81.274630704870859, 18.675390267663669 ], [ 81.274583637939372, 18.675265880826753 ], [ 81.274527991808341, 18.675191115092826 ], [ 81.274515686617107, 18.67510020480653 ], [ 81.274431945139852, 18.674874148251543 ], [ 81.274401791976885, 18.674666563895581 ], [ 81.274363345809562, 18.674213191468855 ], [ 81.274348657729007, 18.674024243257488 ], [ 81.27425910449179, 18.67404334684381 ], [ 81.274226579583484, 18.673796113233667 ], [ 81.27422037971445, 18.673708977267953 ], [ 81.274198285086669, 18.673621297947559 ], [ 81.274202174324472, 18.67313571507254 ], [ 81.27420956711893, 18.673047833408773 ], [ 81.274205518366216, 18.672955898542845 ], [ 81.274162867036637, 18.672578583163645 ], [ 81.274152051772958, 18.672524106199198 ], [ 81.274088617031524, 18.672516120826078 ], [ 81.274078202631671, 18.672514810710062 ], [ 81.274010024983681, 18.672503409937121 ], [ 81.273392981025722, 18.672400224714089 ], [ 81.273254932583583, 18.672377138482243 ], [ 81.27302999045709, 18.672316689496714 ], [ 81.272939343469034, 18.672292333149635 ], [ 81.272812893048581, 18.672304142910367 ], [ 81.272738697526123, 18.672362523082935 ], [ 81.272667214807043, 18.672301868673085 ], [ 81.272573029959773, 18.672306680172451 ], [ 81.272542399110762, 18.672297455396894 ], [ 81.27242500607889, 18.672290388778336 ], [ 81.272351591793253, 18.672285969293604 ], [ 81.271943188382906, 18.672300707689583 ], [ 81.271583750336504, 18.672347008957651 ], [ 81.271515931960423, 18.672355744272881 ], [ 81.27109925165631, 18.672414645609724 ], [ 81.270489213342216, 18.672448139650932 ], [ 81.269993399508664, 18.672459754016227 ], [ 81.269500116897888, 18.672471306486251 ], [ 81.268953832288616, 18.672487566725835 ], [ 81.268950846596738, 18.672487856604157 ], [ 81.268468304430698, 18.672534591884943 ], [ 81.268381395680919, 18.672540674824294 ], [ 81.268346207460326, 18.672543137876346 ], [ 81.268173860242243, 18.672555201253576 ], [ 81.267963311703383, 18.672549864508937 ], [ 81.267923302789242, 18.672548848867084 ], [ 81.267755034881404, 18.672544583603443 ], [ 81.267174599503122, 18.672517628994459 ], [ 81.266475083331173, 18.672459482355027 ], [ 81.266348431960026, 18.672572631024021 ], [ 81.266350751572773, 18.672573855745611 ], [ 81.266444747594093, 18.672814840534109 ], [ 81.266460570079047, 18.6729880010563 ], [ 81.266459028266979, 18.672997448703718 ], [ 81.266478985262268, 18.673228933350298 ], [ 81.266593164329123, 18.673497189348844 ], [ 81.266630848912214, 18.673580394041757 ], [ 81.266598831451432, 18.67366262268439 ], [ 81.266568543366887, 18.673857549630288 ], [ 81.266617191565643, 18.673960141298043 ], [ 81.266604919163555, 18.674017320624777 ], [ 81.266598587493448, 18.674046815420919 ], [ 81.266593480040655, 18.674135330019077 ], [ 81.26657084792275, 18.674375742631081 ], [ 81.266508541986809, 18.674809184080562 ], [ 81.266478957039126, 18.675000502199797 ], [ 81.266468504905831, 18.675059209930517 ], [ 81.266463206985264, 18.675088969621804 ], [ 81.266428424460443, 18.6751729460448 ], [ 81.266288335084937, 18.675375981914495 ], [ 81.266255052758268, 18.675435521322136 ], [ 81.26616135147043, 18.675569270723386 ], [ 81.266108893394417, 18.675645584958076 ], [ 81.266044801997452, 18.675713958045126 ], [ 81.265915721503518, 18.675819340553026 ], [ 81.265921472220242, 18.675874759215553 ], [ 81.265854590439915, 18.675935829347345 ], [ 81.265487154927214, 18.676190972860436 ], [ 81.265482220450281, 18.676195258743302 ], [ 81.265456185097676, 18.676094448256684 ], [ 81.265376405972461, 18.676164102476257 ], [ 81.265243823973989, 18.676268582928195 ], [ 81.265202405667551, 18.676323205794276 ], [ 81.264904975865761, 18.676453201717734 ], [ 81.264820455228929, 18.676498484856328 ], [ 81.264749116656844, 18.67656064044786 ], [ 81.264447808829615, 18.676866284799676 ], [ 81.264278611133307, 18.67705904645624 ], [ 81.26422308088685, 18.677134034145396 ], [ 81.26417805916428, 18.677214844712143 ], [ 81.264046975535848, 18.677354849123621 ], [ 81.264018129917616, 18.677385657760826 ], [ 81.26380137625533, 18.677683156491476 ], [ 81.263755285183663, 18.677860670532578 ], [ 81.263718222068789, 18.678101303021865 ], [ 81.263724710202084, 18.678322905876126 ], [ 81.263761718759966, 18.678405856861069 ], [ 81.263667537752696, 18.678386367717891 ], [ 81.263575215293727, 18.678469645417472 ], [ 81.263624339656417, 18.678536283127837 ], [ 81.263618154377994, 18.678661004302381 ], [ 81.263586663084212, 18.678804627788757 ], [ 81.263518064959683, 18.679072123135676 ], [ 81.263489977762916, 18.679270500312455 ], [ 81.263384240624532, 18.67963114044996 ], [ 81.263379823534919, 18.679721484359433 ], [ 81.263353494742063, 18.679808537197108 ], [ 81.263362602496827, 18.679865011185367 ], [ 81.263288031495662, 18.680027491224571 ], [ 81.263327889237914, 18.680217173320628 ], [ 81.263357151534279, 18.680344308450561 ], [ 81.263367674743705, 18.680433600414005 ], [ 81.263349782632645, 18.680465747545416 ], [ 81.263321735141702, 18.680516134695075 ], [ 81.2632158903332, 18.680592722808061 ], [ 81.26276192740643, 18.680367357959415 ], [ 81.262484257313119, 18.680347324224691 ], [ 81.262248533268831, 18.680408487532915 ], [ 81.261991284877055, 18.680664229150704 ], [ 81.261701770990129, 18.680651482951276 ], [ 81.261430178938113, 18.680493646693225 ], [ 81.261206702121129, 18.680210978340646 ], [ 81.261054612195707, 18.679953189385571 ], [ 81.26095661871328, 18.679761883068544 ], [ 81.26086470158593, 18.679695157467339 ], [ 81.260760519804066, 18.679661220552852 ], [ 81.260609521758781, 18.67968223878459 ], [ 81.260306671186456, 18.679840391679232 ], [ 81.260027352367473, 18.679954478163324 ], [ 81.259735778050754, 18.680156947574762 ], [ 81.259468142713246, 18.680260058811562 ], [ 81.259225174199713, 18.680164282144023 ], [ 81.258988007101294, 18.680068547415821 ], [ 81.258814411665057, 18.680006453170574 ], [ 81.258710068104605, 18.679994632665526 ], [ 81.258547141355209, 18.680059799110509 ], [ 81.258343116088213, 18.68019102022307 ], [ 81.257936690104259, 18.680232289736246 ], [ 81.257501380357326, 18.680256757527228 ], [ 81.257164776520412, 18.680270885608245 ], [ 81.256921197905001, 18.680258046782022 ], [ 81.256747928974505, 18.680151715850513 ], [ 81.256679776547756, 18.679952148365718 ], [ 81.256618199147113, 18.679647566010633 ], [ 81.25654972342339, 18.679492233779001 ], [ 81.256486598390168, 18.679397768457282 ], [ 81.256358967626369, 18.67939683433524 ], [ 81.256085691407563, 18.679477780769748 ], [ 81.255980818301808, 18.679537839718868 ], [ 81.255894163560001, 18.67948743804595 ], [ 81.255743855467998, 18.679414452650775 ], [ 81.255622433240191, 18.679358266493111 ], [ 81.255454152034716, 18.679362565180067 ], [ 81.255256821892459, 18.679372179347176 ], [ 81.255112601560754, 18.67926052985365 ], [ 81.25500948019085, 18.679082824086091 ], [ 81.254860598916139, 18.678816308166873 ], [ 81.254757395698789, 18.678649661482172 ], [ 81.25447516532364, 18.678371107637023 ], [ 81.254336869997047, 18.678242911493971 ], [ 81.254203641510955, 18.678214285657003 ], [ 81.253909033878358, 18.678040704976038 ], [ 81.253602905998335, 18.677855979220414 ], [ 81.253394463593807, 18.677799154132735 ], [ 81.253208533583347, 18.677836498217186 ], [ 81.253045442506902, 18.677923776790216 ], [ 81.252923571580709, 18.677928413144684 ], [ 81.252686082168211, 18.677876904164773 ], [ 81.252227852994025, 18.677862479986235 ], [ 81.25189684626622, 18.677904288371447 ], [ 81.25163549756958, 18.677941077501391 ], [ 81.251528837324983, 18.677997676774691 ], [ 81.251548957757535, 18.678058427385704 ], [ 81.251561261120457, 18.678095576490705 ], [ 81.2516800822698, 18.678381367936172 ], [ 81.251910369026248, 18.678991962975591 ], [ 81.251946264936478, 18.679069308839274 ], [ 81.251969190247635, 18.679154117145217 ], [ 81.252050941170154, 18.679465585326032 ], [ 81.252089784507419, 18.679627720271899 ], [ 81.252108190666036, 18.679714824067311 ], [ 81.252115026587958, 18.679805795870568 ], [ 81.252155816312495, 18.680065798850826 ], [ 81.252214488731241, 18.680584997587797 ], [ 81.252228155053984, 18.680679013306417 ], [ 81.252248794118813, 18.680862119856048 ], [ 81.252249651701092, 18.680867416219378 ], [ 81.252293781888781, 18.681139857166993 ], [ 81.252326335829508, 18.681490788915053 ], [ 81.252373683385798, 18.681814777792745 ], [ 81.252430437171625, 18.68222405297632 ], [ 81.252450898617184, 18.682348438744093 ], [ 81.252465611747596, 18.682437418139518 ], [ 81.252495667939314, 18.682517920136863 ], [ 81.252574960196782, 18.682788926491398 ], [ 81.252597825320663, 18.682874112518633 ], [ 81.252603152220814, 18.682966447057741 ], [ 81.252601404699433, 18.683296205727881 ], [ 81.252599717554148, 18.683762137764973 ], [ 81.252595158932237, 18.684017608984714 ], [ 81.252602626178046, 18.684110749830225 ], [ 81.252610132562069, 18.684203953228753 ], [ 81.252591918113055, 18.684445185236562 ], [ 81.25255853915759, 18.684779797991371 ], [ 81.25256075929839, 18.684866571401972 ], [ 81.252555379725365, 18.684951552684364 ], [ 81.252570475839306, 18.685196151681414 ], [ 81.252600177247146, 18.685649923941394 ], [ 81.252654206321267, 18.68628547816375 ], [ 81.252665305023811, 18.686414643009748 ], [ 81.252660023622795, 18.686501078203481 ], [ 81.252655826029553, 18.686587879215036 ], [ 81.253092409314945, 18.686715058572656 ], [ 81.252931818157137, 18.686890329296119 ], [ 81.252797909278883, 18.687003927999307 ], [ 81.252711371853934, 18.686984056975035 ], [ 81.252616545130294, 18.687023617992352 ], [ 81.252602369572145, 18.687151911292847 ], [ 81.252585823243606, 18.687355716937134 ], [ 81.252540797002624, 18.687502485544538 ], [ 81.252501863347419, 18.687744260673455 ], [ 81.252531035087713, 18.687987433435623 ], [ 81.252550068965945, 18.688174878592889 ], [ 81.252535513079877, 18.68837319099417 ], [ 81.252526806012327, 18.688461275386757 ], [ 81.252519532915969, 18.688549648215965 ], [ 81.252518135389153, 18.688935984660617 ], [ 81.252515120475508, 18.689269727449474 ], [ 81.252516461665664, 18.6896214539249 ], [ 81.252502629871742, 18.689977546060121 ], [ 81.252597569995189, 18.689995870932325 ], [ 81.252513805716575, 18.690035174614696 ], [ 81.252491946492526, 18.690221492843232 ], [ 81.252442891539715, 18.690572253936729 ], [ 81.252437171832923, 18.690879033001348 ], [ 81.252416455371716, 18.691284524104681 ], [ 81.252412771522259, 18.691298001365197 ], [ 81.252363931763611, 18.69147704422716 ], [ 81.252361945043688, 18.691567399918103 ], [ 81.25236432347883, 18.691657927064401 ], [ 81.252354801749064, 18.691909180380168 ], [ 81.252332264205478, 18.692214464225355 ], [ 81.252304611699245, 18.692681739501467 ], [ 81.252286167671485, 18.693011886244079 ], [ 81.252282879435796, 18.693193814244225 ], [ 81.252280091296853, 18.693345612911706 ], [ 81.25227549995212, 18.693428367749547 ], [ 81.25225768830029, 18.693745620606258 ], [ 81.252251594574773, 18.694121027167267 ], [ 81.252243387438241, 18.694209242459305 ], [ 81.252233306845369, 18.69429718043877 ], [ 81.252236116408582, 18.694585248825376 ], [ 81.252235081175286, 18.695044246775574 ], [ 81.252235638221023, 18.695170830232694 ], [ 81.252241290157471, 18.695421857378665 ], [ 81.252243643438263, 18.695510736592762 ], [ 81.252247575987894, 18.695599618720543 ], [ 81.252206393432374, 18.695807610657194 ], [ 81.252156524417913, 18.696176735867535 ], [ 81.252157366821379, 18.696265979585657 ], [ 81.252158090704697, 18.696355259652467 ], [ 81.252168520837472, 18.696465491667833 ], [ 81.252175549318792, 18.696539769324623 ], [ 81.252202534410628, 18.696834905531492 ], [ 81.252242230933973, 18.697282436125082 ], [ 81.252260356275386, 18.697478234656682 ], [ 81.252191208570522, 18.69736945166845 ], [ 81.252096463205717, 18.697432621351048 ], [ 81.252213459303547, 18.697646037572675 ], [ 81.25222331394987, 18.697898041230168 ], [ 81.252302902718625, 18.697948028674734 ], [ 81.252213616072922, 18.697980013565111 ], [ 81.252212154914588, 18.698242098000954 ], [ 81.252241518209459, 18.698587711891978 ], [ 81.252241596582564, 18.699033728784322 ], [ 81.252237935818414, 18.699321474959781 ], [ 81.252241889219547, 18.699613404402943 ], [ 81.25224175675433, 18.699782580747147 ], [ 81.252256456049153, 18.69987185982658 ], [ 81.252236973228278, 18.699960298834984 ], [ 81.252232956815106, 18.70012041589052 ], [ 81.252259294679959, 18.700485749997473 ], [ 81.252232629177669, 18.700773442341859 ], [ 81.25222734274837, 18.701046384099598 ], [ 81.252216582049954, 18.701326557615467 ], [ 81.252215378747948, 18.70159630888941 ], [ 81.252227672009141, 18.701881449455197 ], [ 81.252235835186184, 18.702172668584829 ], [ 81.252224335925206, 18.702443599285793 ], [ 81.252236763271327, 18.70275479030423 ], [ 81.252269106640298, 18.702957671210562 ], [ 81.252279980790703, 18.703114151398044 ], [ 81.252284978217943, 18.703186098905828 ], [ 81.252284475124327, 18.703277038242213 ], [ 81.252270213757072, 18.703366945033121 ], [ 81.252259273919947, 18.70365331405165 ], [ 81.252259924794274, 18.704012924599592 ], [ 81.252412290358976, 18.704285420961117 ], [ 81.252586508922775, 18.704542505503483 ], [ 81.252431831886625, 18.704726502685034 ], [ 81.252366866237153, 18.704793212626168 ], [ 81.252368179933399, 18.704884441930115 ], [ 81.252406468475357, 18.705125176111309 ], [ 81.252499822312487, 18.705764612475313 ], [ 81.252583119262539, 18.706227367193282 ], [ 81.252660979973754, 18.706577451525874 ], [ 81.2527558711637, 18.706591054973096 ], [ 81.252686278956659, 18.706653314669552 ], [ 81.252746239126964, 18.70696825934662 ], [ 81.252851617000985, 18.707426310066111 ], [ 81.252912267450029, 18.707858886098304 ], [ 81.252975631963608, 18.708275273676652 ], [ 81.253015876511256, 18.708656910623684 ], [ 81.253008411930779, 18.70885407926226 ], [ 81.253089093799815, 18.708905786000944 ], [ 81.253012806865897, 18.708960022744549 ], [ 81.253034135479552, 18.70918429143661 ], [ 81.253076000310145, 18.70970911585302 ], [ 81.253085726148342, 18.709902859095028 ], [ 81.253152587052938, 18.710397956017751 ], [ 81.253162756719433, 18.710721248376522 ], [ 81.253177298697693, 18.711259927122082 ], [ 81.253177674418481, 18.711436687024456 ], [ 81.253306537411603, 18.711802709913584 ], [ 81.253371425117564, 18.712231523597481 ], [ 81.253420894438605, 18.712557540733556 ], [ 81.253439394219455, 18.712651932464755 ], [ 81.253449360693494, 18.712746718000012 ], [ 81.253494670548662, 18.713050454355049 ], [ 81.253554165842488, 18.713268297120202 ], [ 81.253591264013167, 18.71337886836702 ], [ 81.253579698147718, 18.713562453364215 ], [ 81.253584944065452, 18.713755991177386 ], [ 81.253600293914943, 18.71409197705983 ], [ 81.253654151028542, 18.714348893038764 ], [ 81.253706163418542, 18.714608560271994 ], [ 81.253782707393441, 18.714895403327152 ], [ 81.253928024327834, 18.715141079961921 ], [ 81.254052786107366, 18.715509614207154 ], [ 81.254135797043318, 18.715562776094202 ], [ 81.254061986898691, 18.715611403553673 ], [ 81.254183635752341, 18.716081311949885 ], [ 81.254275998189428, 18.71673052445917 ], [ 81.254379628746577, 18.717326176261697 ], [ 81.254559295363421, 18.717988580492271 ], [ 81.254748819516635, 18.718585692039564 ], [ 81.254764999040049, 18.718867842257772 ], [ 81.254937533986421, 18.719374659832638 ], [ 81.254944243054794, 18.719373198143227 ], [ 81.25501233643682, 18.719358355135043 ], [ 81.255107786752163, 18.719357035649693 ], [ 81.255179889431375, 18.719299084693919 ], [ 81.255311613513101, 18.719209310551392 ], [ 81.255334484833838, 18.719193722872109 ], [ 81.255359353485275, 18.719176773862333 ], [ 81.255662109315892, 18.718972933636369 ], [ 81.255729822273892, 18.71890745070306 ], [ 81.255818467719081, 18.718871412680564 ], [ 81.256177871253087, 18.718830421052147 ], [ 81.256322771188522, 18.718813895017774 ], [ 81.256360341271716, 18.71874356046435 ], [ 81.25658594363891, 18.718695739072089 ], [ 81.256800738407378, 18.718601208294679 ], [ 81.257044548151555, 18.718536451933069 ], [ 81.257144781361717, 18.718494779013476 ], [ 81.257347281855388, 18.718410586782355 ], [ 81.257369741606468, 18.718405795867501 ], [ 81.257655294786261, 18.718345397710699 ], [ 81.257852179080828, 18.718095974614787 ], [ 81.258111029511298, 18.717768047150251 ], [ 81.258112232155, 18.717766947217989 ], [ 81.258151660752617, 18.717730829028646 ], [ 81.258294720376455, 18.717599782380415 ], [ 81.25858732017619, 18.717335046561409 ], [ 81.258752762453867, 18.717114700362437 ], [ 81.258863204627815, 18.717011000862701 ] ] ] } },
{ "type": "Feature", "properties": { "AREA": 592.73601772100005, "State": "Chattisgarh", "Block": "Kuakonda", "Village": "Cholnar" }, "geometry": { "type": "Polygon", "coordinates": [ [ [ 81.322450069740199, 18.635186198316472 ], [ 81.322529408617271, 18.635141284371102 ], [ 81.3225313285851, 18.63514786435362 ], [ 81.322596578596148, 18.63532363213767 ], [ 81.323030774482177, 18.635228998014043 ], [ 81.32323023338391, 18.635121462556693 ], [ 81.323399258995877, 18.635062158530602 ], [ 81.32346849491293, 18.635037866827432 ], [ 81.323409933495327, 18.634902181354146 ], [ 81.323445522107136, 18.634857166489049 ], [ 81.323449105328464, 18.634852696018893 ], [ 81.323708102950533, 18.634909103329708 ], [ 81.323716009863929, 18.634910825868847 ], [ 81.323785108346712, 18.634926927224225 ], [ 81.324011351015557, 18.634870544236417 ], [ 81.324203607669588, 18.634828209464288 ], [ 81.324378415160808, 18.634841009592076 ], [ 81.324468205051716, 18.63482050891054 ], [ 81.324555356863911, 18.634794112655328 ], [ 81.324997959338134, 18.634774420962462 ], [ 81.325307990329947, 18.63470767031799 ], [ 81.325396634622265, 18.634691665337275 ], [ 81.325485599706269, 18.634674392125884 ], [ 81.325526658483511, 18.634666898686998 ], [ 81.326068905257216, 18.634567928606504 ], [ 81.326442237178213, 18.634472079015918 ], [ 81.326532781707272, 18.634458855063134 ], [ 81.326622854442093, 18.634440451186457 ], [ 81.326968703256583, 18.634366898581014 ], [ 81.327056617164615, 18.634339862174986 ], [ 81.327143529103978, 18.634310363752942 ], [ 81.327613782882565, 18.63412138417111 ], [ 81.327851474072062, 18.634012301508204 ], [ 81.327992681595845, 18.633947497616386 ], [ 81.328081557023197, 18.633926697123744 ], [ 81.328083205545582, 18.633909396430166 ], [ 81.328091101663134, 18.633826540923323 ], [ 81.328128167484209, 18.633499329989817 ], [ 81.328116902710974, 18.632956266313492 ], [ 81.328116074373554, 18.63252274087812 ], [ 81.328088921360603, 18.632311606808454 ], [ 81.32807513607159, 18.632210206071303 ], [ 81.327986183728839, 18.632168223036729 ], [ 81.327894673802859, 18.632086692680275 ], [ 81.327792794309644, 18.631902141384003 ], [ 81.327661907630542, 18.631628009573376 ], [ 81.327505292340902, 18.631327501139967 ], [ 81.327449556605103, 18.631173354573892 ], [ 81.32741450734089, 18.631017426432493 ], [ 81.327428664003889, 18.630926326961887 ], [ 81.327369270589074, 18.630855721943025 ], [ 81.327305714977001, 18.630643404692545 ], [ 81.327160552475874, 18.630239116871753 ], [ 81.327095131348415, 18.630063991308212 ], [ 81.327126224275545, 18.629977251283311 ], [ 81.327033677967705, 18.629961189781231 ], [ 81.326956644771826, 18.629783554790922 ], [ 81.326915786865769, 18.629487334952419 ], [ 81.326850926192165, 18.629131451053635 ], [ 81.326761165078707, 18.629036336281725 ], [ 81.326611269144905, 18.628878354179175 ], [ 81.326465814078659, 18.628663258605851 ], [ 81.326344899639707, 18.628535449103655 ], [ 81.326233438873928, 18.628391348783349 ], [ 81.326177473145336, 18.628318395885234 ], [ 81.326162908926165, 18.628226975462876 ], [ 81.326068966328393, 18.628013149476359 ], [ 81.326046318210942, 18.627833145935117 ], [ 81.326020373313796, 18.62775014312226 ], [ 81.325967611249908, 18.627582722481325 ], [ 81.325855971816267, 18.62733653074018 ], [ 81.325743649927702, 18.62716143503814 ], [ 81.32566490364448, 18.627019117577142 ], [ 81.3256119922831, 18.626843160138279 ], [ 81.32559680394705, 18.6266063665682 ], [ 81.325494657164626, 18.626521482990562 ], [ 81.325338960114749, 18.626259853800633 ], [ 81.325140335743825, 18.625795421581124 ], [ 81.325144018660566, 18.625761403414749 ], [ 81.325144896060976, 18.62575330079315 ], [ 81.325149902651773, 18.625697996840376 ], [ 81.325154652876847, 18.625624815192058 ], [ 81.32517310490347, 18.625340475144466 ], [ 81.325182126296085, 18.625295806888715 ], [ 81.32528975328448, 18.624762825725025 ], [ 81.32534600411077, 18.624535359681303 ], [ 81.325529416116055, 18.624164151656007 ], [ 81.325538871708645, 18.624145022480125 ], [ 81.32577839495994, 18.623734163793884 ], [ 81.32577226082185, 18.623717594369516 ], [ 81.325747622814163, 18.623650438681114 ], [ 81.325746186733838, 18.623546988004776 ], [ 81.325794727532099, 18.623464167213491 ], [ 81.325817649778756, 18.623425067456715 ], [ 81.325461187509219, 18.623246764621523 ], [ 81.325496259961824, 18.623166388836005 ], [ 81.325537384522306, 18.623072150519999 ], [ 81.325523873741972, 18.623063446153452 ], [ 81.325369836846789, 18.622963948730856 ], [ 81.32544578808195, 18.622819501606489 ], [ 81.325606279602255, 18.622836054470255 ], [ 81.325631179096789, 18.622841563828004 ], [ 81.326037558956173, 18.622928551209814 ], [ 81.326087767742465, 18.622938766286836 ], [ 81.326400735060417, 18.622973933731764 ], [ 81.326409917523804, 18.622963558614327 ], [ 81.326458507870512, 18.622908425847296 ], [ 81.32653744367181, 18.622918110887049 ], [ 81.326740532487932, 18.622339289195203 ], [ 81.326880982011346, 18.621970884202394 ], [ 81.326915661968627, 18.621888268655656 ], [ 81.326938234545977, 18.621801789686948 ], [ 81.327036077878503, 18.621549007702193 ], [ 81.327088537035294, 18.621475042284228 ], [ 81.327125832124977, 18.62139301751677 ], [ 81.327275019676989, 18.621161641972456 ], [ 81.327321943344884, 18.621084105736262 ], [ 81.327324601783261, 18.62099449281688 ], [ 81.32730959082501, 18.620573925740413 ], [ 81.327307337921297, 18.620510799437785 ], [ 81.327309223954984, 18.620181296021368 ], [ 81.327317592235374, 18.619826649734442 ], [ 81.32732121184398, 18.619673319050328 ], [ 81.327295704164385, 18.619238241054354 ], [ 81.327287582062638, 18.619148700633755 ], [ 81.327289916135911, 18.619058803669251 ], [ 81.327254812805279, 18.61890384082578 ], [ 81.327234108186659, 18.618816227995008 ], [ 81.327248463684782, 18.618727300432802 ], [ 81.327258320730039, 18.618572485662693 ], [ 81.327289301183811, 18.618085933428336 ], [ 81.327320770945676, 18.617627718181328 ], [ 81.327321019930707, 18.617537756697267 ], [ 81.327381373964158, 18.617468691220168 ], [ 81.327528131593795, 18.617173509939253 ], [ 81.32759289201816, 18.617108209890407 ], [ 81.327652776315119, 18.617038745628001 ], [ 81.327892693656182, 18.616760417889658 ], [ 81.327936691963259, 18.616680770828285 ], [ 81.328065301827593, 18.616589928535895 ], [ 81.328195795746765, 18.616479967118316 ], [ 81.328119851380933, 18.616349606394017 ], [ 81.327952930801757, 18.616186282162786 ], [ 81.327859786702049, 18.616172119041302 ], [ 81.327467130820736, 18.616107323374312 ], [ 81.327374153672807, 18.616092193795705 ], [ 81.327281872096052, 18.616110712274537 ], [ 81.327166688069866, 18.616144197027765 ], [ 81.326996456902862, 18.616193683398556 ], [ 81.32658842786708, 18.616319813220763 ], [ 81.32649806578425, 18.616345525618684 ], [ 81.32640971159968, 18.616376943451687 ], [ 81.325776376272373, 18.616572346467432 ], [ 81.325691991928551, 18.61661247115287 ], [ 81.32565289784857, 18.616605180331725 ], [ 81.325599421992507, 18.616595208885922 ], [ 81.32500530607814, 18.616571941174346 ], [ 81.324911027800837, 18.61657435297046 ], [ 81.324817580015235, 18.616586458307925 ], [ 81.324343085338285, 18.616693398010476 ], [ 81.324136715139076, 18.616739909147913 ], [ 81.323695163969617, 18.61684243078027 ], [ 81.323603833358433, 18.616864825247131 ], [ 81.323515766165386, 18.616896967033657 ], [ 81.323126587645362, 18.617038152615962 ], [ 81.322710821375608, 18.617203914638296 ], [ 81.32239872553717, 18.617323692721428 ], [ 81.322314374111755, 18.61736388251234 ], [ 81.322220489350272, 18.617372398423505 ], [ 81.321829416103697, 18.617422108040774 ], [ 81.321399429059497, 18.617477544258595 ], [ 81.321310658928567, 18.617507878599703 ], [ 81.321216389414147, 18.617505063718887 ], [ 81.320979784493389, 18.617525378015827 ], [ 81.320877488887646, 18.617534161592783 ], [ 81.32059353758892, 18.617572942868737 ], [ 81.320508915867336, 18.617538951840512 ], [ 81.320501014928212, 18.617538231579097 ], [ 81.320403555287598, 18.617525280511177 ], [ 81.320223757747726, 18.617487847973305 ], [ 81.319829868538577, 18.617442100076367 ], [ 81.319734175773803, 18.617430572182606 ], [ 81.319640903271576, 18.617447573668745 ], [ 81.319371334116695, 18.617517958198551 ], [ 81.31928222844877, 18.617548649244991 ], [ 81.319192498510077, 18.617577287267196 ], [ 81.319028796411004, 18.617669643179635 ], [ 81.318956126503139, 18.617685750228748 ], [ 81.318897488651615, 18.617696884533213 ], [ 81.318756090682669, 18.617656914989237 ], [ 81.318639875989845, 18.617641245742398 ], [ 81.318538853999002, 18.617638928718062 ], [ 81.318439514334131, 18.617641428828357 ], [ 81.31806306053322, 18.617471955905291 ], [ 81.318065699751614, 18.617454722427169 ], [ 81.318051618673081, 18.617448018813079 ], [ 81.31796879462901, 18.617404952905289 ], [ 81.317904152059413, 18.617372624748317 ], [ 81.317821898973222, 18.617328570849359 ], [ 81.317770845900398, 18.617252918810248 ], [ 81.31756919286174, 18.616966884810232 ], [ 81.317513740878226, 18.616894100695561 ], [ 81.317466804199242, 18.616816062161469 ], [ 81.317436365564717, 18.616752491391605 ], [ 81.317412777924673, 18.616703229603697 ], [ 81.317361729855449, 18.616627573588904 ], [ 81.317272841491842, 18.61659745980484 ], [ 81.316783695943386, 18.616363003640799 ], [ 81.316306398254696, 18.616090167222971 ], [ 81.316036811555577, 18.615927862295443 ], [ 81.315958282169618, 18.615878008317839 ], [ 81.315874776877223, 18.615836154001911 ], [ 81.315771213812496, 18.615777495266578 ], [ 81.315684452073825, 18.615742181337019 ], [ 81.315620390971091, 18.615741732860698 ], [ 81.315590142757273, 18.615741186844375 ], [ 81.315160861199686, 18.615723179472454 ], [ 81.314997977228273, 18.615705712103559 ], [ 81.31470609364878, 18.615695598094227 ], [ 81.314614163146373, 18.615675451806734 ], [ 81.314520779603953, 18.615662808747295 ], [ 81.31423138725134, 18.615605130884589 ], [ 81.31398664534693, 18.61554628967745 ], [ 81.31389218989608, 18.61552358104338 ], [ 81.313797880783795, 18.615522595485018 ], [ 81.313707020523097, 18.615546664755996 ], [ 81.313068041877472, 18.615651249331375 ], [ 81.313000404210626, 18.615666104302747 ], [ 81.312976144978535, 18.615671432640205 ], [ 81.312883175281129, 18.615686518166054 ], [ 81.312538832436672, 18.615777511215498 ], [ 81.312122492430305, 18.615906119228509 ], [ 81.312033384396955, 18.615935540588374 ], [ 81.311944359303936, 18.615965190271069 ], [ 81.311762556456245, 18.61595804008935 ], [ 81.311667370255435, 18.615938226738098 ], [ 81.31143223242664, 18.615926517387489 ], [ 81.311404829993094, 18.615925152654469 ], [ 81.311094655292123, 18.6159025729768 ], [ 81.311001074099565, 18.615913719873163 ], [ 81.310908974830227, 18.615894295068898 ], [ 81.310821931705291, 18.615888440438347 ], [ 81.310514297379072, 18.615867746659816 ], [ 81.310420339706624, 18.615859888615638 ], [ 81.310329045431487, 18.615837261450377 ], [ 81.309902476598026, 18.615770536778541 ], [ 81.309756476497199, 18.615748874434196 ], [ 81.309661169242844, 18.615734733074884 ], [ 81.309570461077413, 18.615710047677307 ], [ 81.309477665711853, 18.615726067395258 ], [ 81.309439682528264, 18.615729902717831 ], [ 81.309438642989704, 18.615688140722657 ], [ 81.309363074895728, 18.61561565144903 ], [ 81.309106505444888, 18.615650089967531 ], [ 81.308548354807797, 18.615772808972171 ], [ 81.308453932434546, 18.615800032191284 ], [ 81.308454118933483, 18.615805936917724 ], [ 81.30825163964937, 18.615820296942097 ], [ 81.308122127091622, 18.61585000305978 ], [ 81.307646273405894, 18.615870426769451 ], [ 81.307551997314661, 18.615872936598794 ], [ 81.307459039207757, 18.615888092005033 ], [ 81.307354464097145, 18.615876678871579 ], [ 81.306989163007302, 18.61583681054735 ], [ 81.306617685384268, 18.615743145969862 ], [ 81.306460084011903, 18.615688026686016 ], [ 81.306320886992609, 18.615596376839836 ], [ 81.306268244510591, 18.615561714528496 ], [ 81.306202746500645, 18.615496961709248 ], [ 81.306128885902197, 18.615440987901351 ], [ 81.305859387162812, 18.615285769562249 ], [ 81.305712828325326, 18.615205608612715 ], [ 81.30555173531053, 18.615117497004206 ], [ 81.30546733136201, 18.615077315171995 ], [ 81.305444420417601, 18.615081768841222 ], [ 81.305348387755728, 18.615063035397153 ], [ 81.304977436417332, 18.615032864860517 ], [ 81.304804793873728, 18.615033234335399 ], [ 81.304512249210461, 18.615033861505875 ], [ 81.304415749567781, 18.615058482165487 ], [ 81.30442983286278, 18.615155460692868 ], [ 81.304372755361783, 18.615601142297034 ], [ 81.304367145988607, 18.615771926275087 ], [ 81.304353333678065, 18.616139266413157 ], [ 81.30437886011795, 18.616112021529187 ], [ 81.304395703067556, 18.616204537825524 ], [ 81.304253292825962, 18.616279203164869 ], [ 81.303994394897956, 18.616218288553181 ], [ 81.303902269916918, 18.616199963641936 ], [ 81.303808342755929, 18.616194228314939 ], [ 81.303693473965097, 18.616199470340042 ], [ 81.303343747875857, 18.616215430189509 ], [ 81.303255393119926, 18.616219462108823 ], [ 81.303152051279127, 18.616212255808289 ], [ 81.302902249552588, 18.616253601986948 ], [ 81.302738077483212, 18.616280775012619 ], [ 81.302715922015139, 18.616284442088165 ], [ 81.302569120760182, 18.616360782985875 ], [ 81.302478407708946, 18.616384619244347 ], [ 81.302417248974791, 18.616403281394415 ], [ 81.302388796995032, 18.616411963962967 ], [ 81.302206873841399, 18.616431915455951 ], [ 81.301903884182124, 18.616465144732558 ], [ 81.301877290592145, 18.616468061470382 ], [ 81.301588169317853, 18.6165455294372 ], [ 81.301542358619599, 18.616623645956334 ], [ 81.301465427948102, 18.616572117450563 ], [ 81.301428297039493, 18.616585630138939 ], [ 81.301425975828437, 18.616578881471217 ], [ 81.30112547575348, 18.616631496805859 ], [ 81.300884902817216, 18.616721031359621 ], [ 81.300663377827973, 18.616764750588267 ], [ 81.300618954441461, 18.616773518171893 ], [ 81.300597800752513, 18.61677772339338 ], [ 81.300557520906921, 18.616785731100883 ], [ 81.300501453931005, 18.616796812057348 ], [ 81.299969877032069, 18.616914013105184 ], [ 81.299896073214384, 18.616927336796895 ], [ 81.299877411151726, 18.616930705390487 ], [ 81.299863922132204, 18.616929901264871 ], [ 81.299783475954555, 18.616925107763219 ], [ 81.299159176615134, 18.616881826061149 ], [ 81.299065383891858, 18.616889272271727 ], [ 81.298971485712542, 18.616883095536124 ], [ 81.298652848473424, 18.61692754347137 ], [ 81.298472510591424, 18.616977474936963 ], [ 81.298419101294229, 18.616977722260128 ], [ 81.298351619837987, 18.61704005640409 ], [ 81.29830253987663, 18.617097739254618 ], [ 81.298235292252727, 18.617160302075746 ], [ 81.298171259172889, 18.617225838361176 ], [ 81.297908504616359, 18.617520603589732 ], [ 81.297689801921166, 18.617739681680845 ], [ 81.297427005490022, 18.618033432594249 ], [ 81.297353874850984, 18.618088049394171 ], [ 81.297353010956428, 18.618088694528904 ], [ 81.297146414754394, 18.618160304892207 ], [ 81.296963788952581, 18.618268110981951 ], [ 81.296721544273126, 18.618411108784706 ], [ 81.296648823584363, 18.61846720650378 ], [ 81.296601825672155, 18.618545211298905 ], [ 81.296489531985813, 18.618765110098074 ], [ 81.296469901499648, 18.618844912869065 ], [ 81.296444254029041, 18.618922750996504 ], [ 81.296399819657026, 18.619002938976809 ], [ 81.29626170010431, 18.619193943704889 ], [ 81.296225393259775, 18.61927498029717 ], [ 81.296165127119551, 18.619336802812246 ], [ 81.296023761104649, 18.61975853909658 ], [ 81.295920343984179, 18.620009515863419 ], [ 81.295897441683692, 18.620090114847525 ], [ 81.295896998581298, 18.620091680363977 ], [ 81.29585140925316, 18.620163984889487 ], [ 81.295772936979759, 18.620366004741047 ], [ 81.295767408364512, 18.620452753411559 ], [ 81.295773518534588, 18.620541720442301 ], [ 81.295854100991562, 18.620759518691568 ], [ 81.295924482343565, 18.621011443344997 ], [ 81.295946843500516, 18.621090798138084 ], [ 81.295963569818554, 18.621173475841136 ], [ 81.295936572485004, 18.621421605309887 ], [ 81.295929223651214, 18.621911666243879 ], [ 81.295929583061564, 18.621999253287395 ], [ 81.2959441232003, 18.622084163962111 ], [ 81.295907752900035, 18.622516723609149 ], [ 81.295881483352616, 18.622602397104981 ], [ 81.295862562193136, 18.622689578570125 ], [ 81.295859872944902, 18.622707894251004 ], [ 81.29578372909728, 18.623226411126954 ], [ 81.295781201839446, 18.623314306528755 ], [ 81.295741371614298, 18.623392991818438 ], [ 81.295696423218303, 18.623593543255708 ], [ 81.29564221976986, 18.623664366369429 ], [ 81.295673702253339, 18.623749888012735 ], [ 81.295737604300697, 18.623905465392145 ], [ 81.295773539575876, 18.623983243443867 ], [ 81.295810680428289, 18.624061093411115 ], [ 81.295833731960968, 18.624134932062177 ], [ 81.295844050021941, 18.62421415707756 ], [ 81.295926121384355, 18.624267868619174 ], [ 81.296235730727787, 18.624403325818768 ], [ 81.296311722913572, 18.624454003387065 ], [ 81.296368954817666, 18.624521803309975 ], [ 81.296585984506436, 18.62470523767551 ], [ 81.29666620156263, 18.624750528460552 ], [ 81.296762311524844, 18.624753881359894 ], [ 81.296948022733503, 18.624777304993696 ], [ 81.297030544877629, 18.624758162439779 ], [ 81.297074329342593, 18.624838388103971 ], [ 81.297104855654766, 18.624877651811996 ], [ 81.29729967388154, 18.625132554136009 ], [ 81.29735209538859, 18.625202791710766 ], [ 81.297372568055962, 18.625286417048194 ], [ 81.297449400700657, 18.625417707482754 ], [ 81.297483935588858, 18.625490620145381 ], [ 81.297496459488244, 18.625554049454841 ], [ 81.297502516257651, 18.625584718211808 ], [ 81.297645221977533, 18.625936034104285 ], [ 81.297665120289324, 18.6261006172093 ], [ 81.297658172551664, 18.626337089687485 ], [ 81.297654505506458, 18.626535908507599 ], [ 81.2976512818788, 18.626710613806146 ], [ 81.297665404309868, 18.626760240546282 ], [ 81.297747763366274, 18.626802546169142 ], [ 81.297661444062456, 18.626835697011707 ], [ 81.297633420097682, 18.626902473130325 ], [ 81.297604086789534, 18.627118719477274 ], [ 81.297724778338377, 18.627584734367684 ], [ 81.29774279556041, 18.627619641308229 ], [ 81.297744757940364, 18.62762344293462 ], [ 81.297828784095387, 18.627786233131509 ], [ 81.297971989032845, 18.628170916646862 ], [ 81.298042164076932, 18.628382714774656 ], [ 81.298046320561767, 18.628395256227037 ], [ 81.298073605227316, 18.628477605394504 ], [ 81.298112783731426, 18.628657064500043 ], [ 81.298108000830354, 18.628669116717372 ], [ 81.298075627141259, 18.628679729908754 ], [ 81.298094854804731, 18.628702231524485 ], [ 81.29814929921227, 18.628765942554224 ], [ 81.298163256974277, 18.628782276668396 ], [ 81.298266370245585, 18.628907840257497 ], [ 81.298325781145877, 18.628979841658929 ], [ 81.298378617776081, 18.629045916371929 ], [ 81.29863726379638, 18.629363594865811 ], [ 81.298738856161108, 18.629483396981421 ], [ 81.298790570373157, 18.629543731251278 ], [ 81.29888458554376, 18.629572743486705 ], [ 81.298967244036376, 18.629599886173725 ], [ 81.299004044654723, 18.629601443533872 ], [ 81.299370832815654, 18.629616967728165 ], [ 81.299473168698981, 18.629621351278065 ], [ 81.299986205221145, 18.629647696307174 ], [ 81.300078434071381, 18.629634772456495 ], [ 81.300171110512736, 18.629645448148441 ], [ 81.300344116683007, 18.629626212075074 ], [ 81.300506342876332, 18.629608175718356 ], [ 81.301145085015747, 18.629566628531272 ], [ 81.301722636281212, 18.629497284229096 ], [ 81.301814737622664, 18.629476185321742 ], [ 81.301859809111363, 18.629496602034738 ], [ 81.301894815875485, 18.629491423945574 ], [ 81.30198990185076, 18.629490581400574 ], [ 81.302081308587404, 18.629440416328695 ], [ 81.302368474108334, 18.629583196416874 ], [ 81.302743544205384, 18.629671776585624 ], [ 81.303279728570288, 18.629715153988691 ], [ 81.303300257312785, 18.629716814470374 ], [ 81.303656794094508, 18.62977434178125 ], [ 81.303827417472249, 18.629871361884366 ], [ 81.30398842649457, 18.629990278957784 ], [ 81.304067462572448, 18.630040740825912 ], [ 81.30407761862287, 18.630045627486144 ], [ 81.304637569176975, 18.630072113716519 ], [ 81.3053158467782, 18.630098535824136 ], [ 81.305660453980096, 18.630120902420682 ], [ 81.306284578386595, 18.630170474174474 ], [ 81.306378738179944, 18.630159711899818 ], [ 81.306435690123934, 18.630233167659391 ], [ 81.306706214730966, 18.630521374653974 ], [ 81.306973201200279, 18.630798597623269 ], [ 81.307566104927844, 18.631493899641914 ], [ 81.307633168732991, 18.631561517060401 ], [ 81.307687866267884, 18.631639844697229 ], [ 81.308065001766167, 18.632072084033425 ], [ 81.308134373754172, 18.632144234779652 ], [ 81.308179035129157, 18.632218918353402 ], [ 81.308334508602513, 18.632340703221018 ], [ 81.308653049742645, 18.63233893491093 ], [ 81.308946836079386, 18.632331663280443 ], [ 81.308977866308226, 18.632329443645709 ], [ 81.309076865956598, 18.632348858717666 ], [ 81.309503810123516, 18.632432705728196 ], [ 81.309506241376397, 18.632500959150892 ], [ 81.309714429677967, 18.632527580251349 ], [ 81.310128501327213, 18.632581914777948 ], [ 81.310206661093645, 18.632533390986048 ], [ 81.31028788140182, 18.632587554282502 ], [ 81.310550024038974, 18.63270572840641 ], [ 81.310886135777295, 18.632859425078561 ], [ 81.310977981119876, 18.63288147875231 ], [ 81.311063840561147, 18.632935407064753 ], [ 81.311519829856266, 18.633070570524129 ], [ 81.311901740087734, 18.633177819364658 ], [ 81.311994458032601, 18.633202639339498 ], [ 81.312042058800841, 18.63327647140575 ], [ 81.312281047514389, 18.633670927590362 ], [ 81.312432162943125, 18.633867059328072 ], [ 81.312489160754083, 18.633941035923336 ], [ 81.312611060411186, 18.634052031861028 ], [ 81.312721041705842, 18.634231069941361 ], [ 81.312884714000887, 18.634422522741268 ], [ 81.312938863450427, 18.634496079724702 ], [ 81.312932492961579, 18.634576801166794 ], [ 81.313243373791053, 18.635064136074703 ], [ 81.313282257196676, 18.635144175012012 ], [ 81.31331360464776, 18.635226311728896 ], [ 81.313409490951813, 18.635445557559343 ], [ 81.313421721722349, 18.635473478707659 ], [ 81.313677792239133, 18.635954121379228 ], [ 81.31381694571769, 18.636227016383227 ], [ 81.31387200786348, 18.63630151793808 ], [ 81.313942822692979, 18.63636491402761 ], [ 81.314378548489344, 18.636753730533126 ], [ 81.314591374207623, 18.636926006607595 ], [ 81.314647255219313, 18.636962520411327 ], [ 81.314675722245255, 18.636981122016927 ], [ 81.314760339365165, 18.637018185161615 ], [ 81.315072562674928, 18.637036040193195 ], [ 81.31563186728377, 18.637061112379481 ], [ 81.315709562992978, 18.63706463187555 ], [ 81.316406191880688, 18.637091351603523 ], [ 81.316409087869161, 18.637091516567551 ], [ 81.316889640690746, 18.63711887457573 ], [ 81.317389510845203, 18.637152279434865 ], [ 81.317498702199615, 18.637140616887837 ], [ 81.31750761672761, 18.637138243061646 ], [ 81.317585583887194, 18.637117483814052 ], [ 81.317951663681285, 18.636924981978826 ], [ 81.318386958944629, 18.636681128752475 ], [ 81.318834260087314, 18.636474350829349 ], [ 81.318853973327748, 18.636465237641428 ], [ 81.319081178156935, 18.636352516267294 ], [ 81.319240354546054, 18.636274195990048 ], [ 81.319317785338953, 18.636224931356633 ], [ 81.31944129437359, 18.63614634917807 ], [ 81.319523163729301, 18.636101243797004 ], [ 81.319620085300713, 18.63608226827246 ], [ 81.320139382761241, 18.635984846970761 ], [ 81.320608829249039, 18.635879339926802 ], [ 81.320930033556678, 18.635816572657202 ], [ 81.321018038330863, 18.635782007599669 ], [ 81.32110818643315, 18.635768677980352 ], [ 81.321217957733182, 18.635748848945479 ], [ 81.321651042172903, 18.635544340714112 ], [ 81.321952540663887, 18.635460915725556 ], [ 81.322143052981929, 18.63534758609617 ], [ 81.322221498409974, 18.635307138255467 ], [ 81.322312885424026, 18.635289050749424 ], [ 81.322450069740199, 18.635186198316472 ] ] ] } },
{ "type": "Feature", "properties": { "AREA": 1724.5434503900001, "State": "Chattisgarh", "Block": "Dantewada", "Village": "Dhurli" }, "geometry": { "type": "Polygon", "coordinates": [ [ [ 81.283782143639257, 18.814598572397536 ], [ 81.284016541088292, 18.814426815408826 ], [ 81.284314247256901, 18.814234859430915 ], [ 81.284317910090095, 18.814234630307233 ], [ 81.284409785540035, 18.814228890090142 ], [ 81.284482442651523, 18.814170425047752 ], [ 81.284605303433921, 18.814115030835673 ], [ 81.284889354707573, 18.813986345299508 ], [ 81.284918685496564, 18.813973062966884 ], [ 81.284923015739636, 18.813971102285699 ], [ 81.28501078855605, 18.81371820973817 ], [ 81.285096715263265, 18.813574091809855 ], [ 81.285175848695701, 18.813510214986401 ], [ 81.285209503932052, 18.81346891573984 ], [ 81.285197771506205, 18.813420486410077 ], [ 81.28539224239087, 18.813097324045227 ], [ 81.285512227650344, 18.812830163069563 ], [ 81.285556024575811, 18.81273264103757 ], [ 81.285675613590882, 18.812479757992776 ], [ 81.285860779233573, 18.812206244755998 ], [ 81.285882349764577, 18.812174383949188 ], [ 81.286132765025428, 18.811828012812882 ], [ 81.286440152572524, 18.811316823553319 ], [ 81.286659664539727, 18.810958431355658 ], [ 81.286872338407051, 18.810688500809935 ], [ 81.286928135731898, 18.810634036320529 ], [ 81.287057213867257, 18.810508040490038 ], [ 81.287184425392979, 18.810383865306317 ], [ 81.287293661368054, 18.810304689066772 ], [ 81.287458558189826, 18.8101851742843 ], [ 81.287763932547662, 18.809951297955454 ], [ 81.287913178823175, 18.809881541412508 ], [ 81.288039592969682, 18.809805868989649 ], [ 81.288137262862165, 18.809747403365783 ], [ 81.288504523712447, 18.80952576322958 ], [ 81.288626044437336, 18.809450765213231 ], [ 81.288692166472345, 18.809409958251216 ], [ 81.288699374135589, 18.809405509405813 ], [ 81.288759763756545, 18.809368239675774 ], [ 81.288775787240581, 18.809357840341789 ], [ 81.289080228330789, 18.809160253898312 ], [ 81.28908355546676, 18.80915809415065 ], [ 81.289127684603045, 18.809134924866683 ], [ 81.289338624716109, 18.809024172089313 ], [ 81.289550098293304, 18.808919447203884 ], [ 81.289580021902211, 18.808891360986905 ], [ 81.289638436200136, 18.808874694205787 ], [ 81.289741973372202, 18.808827224017911 ], [ 81.289929425229943, 18.808741279251404 ], [ 81.290226493162208, 18.80854874054765 ], [ 81.290294897670876, 18.808504403850918 ], [ 81.290374753794964, 18.808452645830929 ], [ 81.290439433045805, 18.808411418666665 ], [ 81.290787062743291, 18.808189831896602 ], [ 81.290991309814288, 18.808077721314614 ], [ 81.291105709848168, 18.808014928620082 ], [ 81.291320204037973, 18.807865342529237 ], [ 81.291490581078463, 18.807762338234536 ], [ 81.291633639224486, 18.807653930119869 ], [ 81.291634447666198, 18.807652689395081 ], [ 81.291770621911667, 18.807443516910535 ], [ 81.291832845491754, 18.807347935217418 ], [ 81.292004917271285, 18.807010488620016 ], [ 81.292236312326423, 18.8067932894511 ], [ 81.292332773676236, 18.806702745825049 ], [ 81.292374047893759, 18.806664004301698 ], [ 81.292505295830722, 18.806675345293385 ], [ 81.29263691853167, 18.806634588267098 ], [ 81.292682561069867, 18.806571312071714 ], [ 81.292764049661159, 18.806458336617251 ], [ 81.292781971548536, 18.806438035534111 ], [ 81.292924047361808, 18.806277106354564 ], [ 81.293133215179395, 18.806106640703433 ], [ 81.293176021336308, 18.806065454686497 ], [ 81.293353627869521, 18.805894572529489 ], [ 81.293511295900871, 18.805790868694327 ], [ 81.293678728683005, 18.805680743083531 ], [ 81.293722002047929, 18.805652280041141 ], [ 81.293826343072453, 18.805600910811972 ], [ 81.29407875644533, 18.805503688176291 ], [ 81.294254642290497, 18.805395508392781 ], [ 81.294412787229092, 18.805303469892163 ], [ 81.294519543228645, 18.805241338583667 ], [ 81.294617318895206, 18.805184434912817 ], [ 81.294974071989898, 18.805035840904381 ], [ 81.295204222345518, 18.804990561144901 ], [ 81.295498053807265, 18.804889092016836 ], [ 81.295544333263848, 18.804873110081552 ], [ 81.295823610276074, 18.804764994598315 ], [ 81.295835162086419, 18.804760522555668 ], [ 81.296137007487744, 18.804637592085243 ], [ 81.296510247880107, 18.80447869000654 ], [ 81.296773117247184, 18.804449267329332 ], [ 81.29694273820148, 18.804450453290126 ], [ 81.296987227441463, 18.804444126947654 ], [ 81.297222096903354, 18.804410725951907 ], [ 81.297240249924087, 18.804399213335039 ], [ 81.297408997629546, 18.8042921995848 ], [ 81.297848683691711, 18.804024345352577 ], [ 81.298266819889662, 18.803709449521826 ], [ 81.298603028395164, 18.803373137835131 ], [ 81.298663486074773, 18.803268706097317 ], [ 81.298705434988506, 18.803196241577609 ], [ 81.298707865012034, 18.803192044303302 ], [ 81.298793730667271, 18.803043719760055 ], [ 81.298806409482509, 18.80302181873288 ], [ 81.298809205873397, 18.803016987531905 ], [ 81.298852364016071, 18.802942436712726 ], [ 81.299190219582798, 18.802376888230249 ], [ 81.299304368771075, 18.802215398994857 ], [ 81.29951637929102, 18.801915461073914 ], [ 81.299548258599188, 18.801873092083675 ], [ 81.299767792787577, 18.801581322386841 ], [ 81.299781564485897, 18.801563020746919 ], [ 81.300140365116121, 18.801127868796758 ], [ 81.300287149523683, 18.800945278063082 ], [ 81.300354109269136, 18.800861986652116 ], [ 81.300377778666231, 18.800832543735975 ], [ 81.300649921564428, 18.800514617013985 ], [ 81.300896488660385, 18.800226569170299 ], [ 81.301057259425079, 18.800010616340696 ], [ 81.301074519367617, 18.799987431237916 ], [ 81.301139596175219, 18.799900020278365 ], [ 81.301208232815782, 18.799749332966297 ], [ 81.301361974404344, 18.799411811335553 ], [ 81.301529937038723, 18.798881539012392 ], [ 81.301537158246205, 18.79886524294092 ], [ 81.301663424357457, 18.798580275730931 ], [ 81.301786529299648, 18.7982007870148 ], [ 81.301858780778204, 18.798044982713161 ], [ 81.301929622408295, 18.798004887240502 ], [ 81.302122498743458, 18.797895723511818 ], [ 81.302303732541304, 18.797803199854069 ], [ 81.302363212861337, 18.797775390674069 ], [ 81.302622164788417, 18.797654320684096 ], [ 81.302636543862818, 18.797648496040591 ], [ 81.302884808988679, 18.79754793533748 ], [ 81.30291301541935, 18.797536509790646 ], [ 81.303132923283044, 18.797392153384163 ], [ 81.303484855999116, 18.797149720756735 ], [ 81.304028963665814, 18.796814838956614 ], [ 81.304221473927498, 18.796675500299763 ], [ 81.304343938203388, 18.796384577088801 ], [ 81.304467558607044, 18.795932143386903 ], [ 81.304666212372197, 18.795699060890293 ], [ 81.305068279774119, 18.795331926190727 ], [ 81.30512676282963, 18.795287330919404 ], [ 81.30527492264676, 18.795174359449103 ], [ 81.305294667930141, 18.795159302654906 ], [ 81.305332364412664, 18.795130560365447 ], [ 81.305563099446417, 18.795001905383174 ], [ 81.305807548856464, 18.794871669859731 ], [ 81.305881674353373, 18.794832178036479 ], [ 81.306215356277661, 18.794844916929542 ], [ 81.306543531978832, 18.794862824769847 ], [ 81.306631186282644, 18.794847803334967 ], [ 81.306647401305824, 18.794801781017195 ], [ 81.306742889459628, 18.794530749537472 ], [ 81.306839883943596, 18.794320470141038 ], [ 81.306881838143212, 18.794229517320382 ], [ 81.307058526256938, 18.794006699000676 ], [ 81.307339395688558, 18.7937533419156 ], [ 81.307575314915297, 18.793611922870497 ], [ 81.307811984601884, 18.793470052740442 ], [ 81.307848891028272, 18.793449956144858 ], [ 81.308407579185086, 18.793145729135656 ], [ 81.308520589491877, 18.793084190315604 ], [ 81.308806069104591, 18.792960122660102 ], [ 81.308992618455306, 18.79287904754414 ], [ 81.309332811883863, 18.792745935845719 ], [ 81.309904202378561, 18.792511190446721 ], [ 81.310018780054008, 18.79246411717077 ], [ 81.310294879834444, 18.792346422707993 ], [ 81.310584079171136, 18.792223144139374 ], [ 81.310607847699416, 18.792199736940251 ], [ 81.310810003152028, 18.79200066179051 ], [ 81.311174273655297, 18.791560302811401 ], [ 81.311402849587395, 18.791116331220657 ], [ 81.311508472886189, 18.790911173983776 ], [ 81.311540474824412, 18.790849014593224 ], [ 81.311600766217595, 18.790728578679143 ], [ 81.311806909287924, 18.7903167932845 ], [ 81.311912498983318, 18.790088266660053 ], [ 81.312195008700186, 18.789485379275121 ], [ 81.312196059088677, 18.789483140048713 ], [ 81.312206974026935, 18.789459846107121 ], [ 81.312274971242502, 18.789132060754952 ], [ 81.312285194746849, 18.788987117581115 ], [ 81.312317581029461, 18.788527947309362 ], [ 81.31232814653589, 18.78848476196557 ], [ 81.312357031942426, 18.78836669699049 ], [ 81.31244672711621, 18.788065113994644 ], [ 81.312625633451304, 18.78752967558458 ], [ 81.312736561102511, 18.787161163181047 ], [ 81.312788399097641, 18.786988948706561 ], [ 81.312799366353786, 18.786952516993736 ], [ 81.312914516968021, 18.786559400764837 ], [ 81.312922740839483, 18.786531322425805 ], [ 81.31298489404071, 18.786255598138009 ], [ 81.313074365385731, 18.785985271551702 ], [ 81.313185756815059, 18.785709887514955 ], [ 81.313362655063983, 18.785455794882235 ], [ 81.313409265647124, 18.785403890611544 ], [ 81.313599809629153, 18.78519169925443 ], [ 81.31392502214014, 18.784855263562481 ], [ 81.314277588705579, 18.784519015424085 ], [ 81.314329007018102, 18.784497671991108 ], [ 81.314442672287285, 18.784117984526365 ], [ 81.314528313752291, 18.783765602075526 ], [ 81.314533524726812, 18.783749354428679 ], [ 81.314655190752134, 18.783370073709474 ], [ 81.314681541867827, 18.783283504485119 ], [ 81.314689731043785, 18.783193172416471 ], [ 81.314722614505001, 18.783000128869318 ], [ 81.314772578817355, 18.78271261638935 ], [ 81.314784631271721, 18.782592124389183 ], [ 81.314825441732879, 18.782392709306382 ], [ 81.314882595247369, 18.782087661612604 ], [ 81.314913546593232, 18.781838025869014 ], [ 81.314930120269239, 18.781749209015821 ], [ 81.314935418159294, 18.781658930149106 ], [ 81.314996302589762, 18.78140010105621 ], [ 81.315051797008095, 18.781100205884602 ], [ 81.315075218018222, 18.780973634814952 ], [ 81.315114837525613, 18.780748042297382 ], [ 81.315124683130009, 18.780658317859885 ], [ 81.315177095753626, 18.780583392230707 ], [ 81.315297582541945, 18.780423713064785 ], [ 81.315355154613513, 18.780352245060008 ], [ 81.315421247704577, 18.780287612126333 ], [ 81.315751684835149, 18.780112275287831 ], [ 81.315823742162607, 18.780061155926699 ], [ 81.315827942315082, 18.780058176612631 ], [ 81.31589987781318, 18.779999208573823 ], [ 81.31604711817117, 18.78004556306718 ], [ 81.316322107747354, 18.779061635925817 ], [ 81.316415965672732, 18.778948570473265 ], [ 81.316582441697676, 18.778295300096509 ], [ 81.316623509368114, 18.77793647713737 ], [ 81.316758364792904, 18.777439789906687 ], [ 81.317035279705465, 18.776869819365082 ], [ 81.317366439538162, 18.776351039729981 ], [ 81.317456411419229, 18.776248334354822 ], [ 81.317472052687052, 18.776188658924664 ], [ 81.3175781303474, 18.776072163879711 ], [ 81.31772675214718, 18.775908944619339 ], [ 81.317848328093774, 18.775775427297244 ], [ 81.318059231809187, 18.77548158390529 ], [ 81.318206603892037, 18.775223462309036 ], [ 81.318366031374509, 18.775049793664596 ], [ 81.318457270132058, 18.77467678273192 ], [ 81.318516443105395, 18.774363814125032 ], [ 81.318727074519245, 18.773936879705861 ], [ 81.318747568437786, 18.773895339927162 ], [ 81.318876127909945, 18.773612980257063 ], [ 81.318889638775886, 18.773492544663181 ], [ 81.319010130383489, 18.773043125339903 ], [ 81.319104135435225, 18.772692497119227 ], [ 81.318872935342085, 18.772281103209419 ], [ 81.318613267028326, 18.771423550677937 ], [ 81.318478305575795, 18.770825994499766 ], [ 81.318431028196272, 18.770355596953785 ], [ 81.318270973214339, 18.769727731786009 ], [ 81.318077268927922, 18.769382883849641 ], [ 81.318032666969472, 18.769255253613334 ], [ 81.317970247828114, 18.769287254858092 ], [ 81.317870227786841, 18.769340588099464 ], [ 81.317800006129616, 18.769378033802752 ], [ 81.317669378752313, 18.769429317051969 ], [ 81.317625567037865, 18.769446517426054 ], [ 81.317534955934718, 18.769471245615161 ], [ 81.317441424707752, 18.769461067706224 ], [ 81.317406374496827, 18.769466782928443 ], [ 81.317319636283031, 18.769480925723272 ], [ 81.316999506312442, 18.76953438013377 ], [ 81.316998731094415, 18.769534556640007 ], [ 81.316925316531638, 18.769532080216074 ], [ 81.316734759626144, 18.769561373910829 ], [ 81.316363666376944, 18.769601195375387 ], [ 81.316306812040111, 18.769600802030695 ], [ 81.316273948569076, 18.769608235395562 ], [ 81.316058285619093, 18.769657009801367 ], [ 81.316054254821651, 18.769657921847347 ], [ 81.315895715544954, 18.769703917128226 ], [ 81.315642957378685, 18.769789287612458 ], [ 81.315397446986893, 18.769898251860457 ], [ 81.315293156665462, 18.769963458142719 ], [ 81.315176454503927, 18.77003563946861 ], [ 81.315049916830574, 18.770100691027057 ], [ 81.315039220218068, 18.770105076062663 ], [ 81.314948263886066, 18.770142369824541 ], [ 81.314648319867601, 18.770258020430948 ], [ 81.314306149182926, 18.770401633013066 ], [ 81.314162239731331, 18.770475981494055 ], [ 81.31405834694371, 18.770489785580825 ], [ 81.314054244374063, 18.770490016467615 ], [ 81.313967420434807, 18.770494927367235 ], [ 81.31387787712805, 18.770518835320804 ], [ 81.313646541601258, 18.770564846145717 ], [ 81.313597997906683, 18.770574608836256 ], [ 81.313511432939478, 18.770605751282215 ], [ 81.313432732882518, 18.770595828445856 ], [ 81.313304721415903, 18.770597108113694 ], [ 81.313173693076507, 18.770596922314301 ], [ 81.312995547524864, 18.77061877352968 ], [ 81.312770958567796, 18.770625035870058 ], [ 81.312767522257261, 18.770625130809545 ], [ 81.312554687575144, 18.770625822636578 ], [ 81.312469289702719, 18.770626100155201 ], [ 81.3124609389168, 18.770626126982595 ], [ 81.3123655076066, 18.770613646417718 ], [ 81.311787094620911, 18.77053800152142 ], [ 81.311731981793315, 18.770537585564025 ], [ 81.311686707430397, 18.770522272603056 ], [ 81.311614021039688, 18.770496982619331 ], [ 81.311490893881526, 18.770489520324418 ], [ 81.311178775997874, 18.770465876987966 ], [ 81.310975904151348, 18.770449598864104 ], [ 81.310973780288919, 18.770449338976569 ], [ 81.310790430184696, 18.77042683322313 ], [ 81.310691071612439, 18.770413842666144 ], [ 81.310656965268691, 18.77040938372328 ], [ 81.310506258443297, 18.770376944176292 ], [ 81.310329621731938, 18.770331105086193 ], [ 81.310229567722743, 18.770251095743873 ], [ 81.310135900629604, 18.770183799942679 ], [ 81.310101837974969, 18.770159328135616 ], [ 81.310031075793162, 18.770107613704525 ], [ 81.309862735588453, 18.770114708137097 ], [ 81.309609011831, 18.770174086330336 ], [ 81.309558074860902, 18.77017426478438 ], [ 81.309516270374132, 18.770174412529911 ], [ 81.309451129224939, 18.770174642433776 ], [ 81.309212593428626, 18.770293611222424 ], [ 81.309149913301155, 18.770334375631837 ], [ 81.309138429191336, 18.770314473813606 ], [ 81.308982363970756, 18.770157353684187 ], [ 81.308822270187818, 18.769986384708929 ], [ 81.308582565715724, 18.769886679106545 ], [ 81.308072457824821, 18.769735802003204 ], [ 81.308053445710001, 18.769702252720631 ], [ 81.308020027172276, 18.769618431563536 ], [ 81.307972420324248, 18.769541128074085 ], [ 81.307949909760623, 18.76936943933493 ], [ 81.307808021980705, 18.769222549501965 ], [ 81.307782950131838, 18.769194974392825 ], [ 81.307720794535584, 18.769126616510331 ], [ 81.30770474029697, 18.769099423923961 ], [ 81.307614949194019, 18.76897812213916 ], [ 81.307537062511031, 18.768873973774493 ], [ 81.307413326634219, 18.768925122160134 ], [ 81.307322137633065, 18.768887710287668 ], [ 81.307172554174088, 18.768774400604467 ], [ 81.307118172449094, 18.768722824103669 ], [ 81.307095278889534, 18.768603842724662 ], [ 81.307120090983403, 18.768394702048003 ], [ 81.307072936890179, 18.768255727956408 ], [ 81.307058201445756, 18.768167114575149 ], [ 81.307068545482281, 18.768077861182491 ], [ 81.30705000711383, 18.767977952995487 ], [ 81.307054626772995, 18.76768255951448 ], [ 81.307012011398299, 18.767359794629229 ], [ 81.307019668157082, 18.767275318291745 ], [ 81.30703896480955, 18.767062416899915 ], [ 81.307060840285317, 18.76665564747481 ], [ 81.307076993367787, 18.766630689866137 ], [ 81.307074660199461, 18.766591232777184 ], [ 81.307154417640675, 18.766352058265813 ], [ 81.307275290483943, 18.766229317788348 ], [ 81.307484611986055, 18.766016131693437 ], [ 81.307571068376632, 18.76593124907523 ], [ 81.30782830801823, 18.765701670101851 ], [ 81.307801624912315, 18.765613213323228 ], [ 81.307743766900998, 18.76543836587139 ], [ 81.307733824382936, 18.765408320953672 ], [ 81.307673816302739, 18.765205340267173 ], [ 81.307605639249175, 18.764931593242128 ], [ 81.307600794353377, 18.764912139065935 ], [ 81.307592616818184, 18.764854351793925 ], [ 81.307580936168293, 18.764857645406227 ], [ 81.307445962410611, 18.764911256777079 ], [ 81.307362525313906, 18.764944397257661 ], [ 81.307191345374363, 18.765008249811242 ], [ 81.306972912064708, 18.765083233054749 ], [ 81.306941964521101, 18.76509385835292 ], [ 81.30671020263074, 18.765171226550244 ], [ 81.306634566138669, 18.765205273626378 ], [ 81.306551650233857, 18.765242598291319 ], [ 81.306401055049278, 18.765292656520867 ], [ 81.306197600633723, 18.765367433035404 ], [ 81.30587552606282, 18.7655231519023 ], [ 81.305723794451396, 18.765595500950056 ], [ 81.305556409147641, 18.765674244272414 ], [ 81.305500357601943, 18.765736110012401 ], [ 81.305364694681387, 18.765744456363365 ], [ 81.305264733268103, 18.765807873710422 ], [ 81.305086634230079, 18.765883755946486 ], [ 81.304886040968199, 18.765967841596812 ], [ 81.304676666804923, 18.76605186821936 ], [ 81.304494580796074, 18.766139800669208 ], [ 81.304368683654957, 18.766218931028405 ], [ 81.30419470713484, 18.766304862689097 ], [ 81.303922508488469, 18.766321311548815 ], [ 81.303739032086398, 18.766388831122207 ], [ 81.303391125855313, 18.766553814740266 ], [ 81.303067888472228, 18.766636410332993 ], [ 81.302626393933963, 18.766757166157955 ], [ 81.302574851052313, 18.766762097528879 ], [ 81.302380628417481, 18.76678067639774 ], [ 81.302350957995898, 18.766757216080276 ], [ 81.302301618942039, 18.766718205597691 ], [ 81.30189033358775, 18.766655705639277 ], [ 81.301699993778058, 18.766672723156969 ], [ 81.301664935865517, 18.766680811017789 ], [ 81.30139950298252, 18.766742053980607 ], [ 81.301381637038276, 18.766746177198531 ], [ 81.300692032292346, 18.766881245372787 ], [ 81.300458124691872, 18.766930062273449 ], [ 81.300379753899307, 18.766942918252894 ], [ 81.300243576497749, 18.766965255776661 ], [ 81.299891805530621, 18.766997192247725 ], [ 81.299436026081551, 18.767094906936844 ], [ 81.299342175860801, 18.767087369790858 ], [ 81.298985391303958, 18.767146791990477 ], [ 81.298657729686909, 18.767174308371054 ], [ 81.298554297899244, 18.767159824786496 ], [ 81.298484094777763, 18.7672120779811 ], [ 81.298453503409021, 18.767219982723052 ], [ 81.298259458011572, 18.767270121796379 ], [ 81.298194618418009, 18.767286875197414 ], [ 81.297599745906055, 18.76748298539918 ], [ 81.297581577195643, 18.767488974076194 ], [ 81.297424713375136, 18.767538327917322 ], [ 81.297296708320474, 18.767592469215845 ], [ 81.297188428079991, 18.767582536349778 ], [ 81.296881659022205, 18.767717983147282 ], [ 81.296844155574888, 18.767731968694889 ], [ 81.29667644149481, 18.767794514095797 ], [ 81.296435670565614, 18.767792824671293 ], [ 81.296315037826659, 18.767826377019585 ], [ 81.296211323720627, 18.767850876337835 ], [ 81.295889892114403, 18.768016030633309 ], [ 81.295814906492566, 18.768063662492029 ], [ 81.295701760168285, 18.768060573507174 ], [ 81.295691353496096, 18.768064675172589 ], [ 81.295312993791384, 18.768213788162601 ], [ 81.295048623332676, 18.768317977026317 ], [ 81.294899753014562, 18.768376646901693 ], [ 81.294574648928304, 18.768504768494353 ], [ 81.29431644244076, 18.768606527412619 ], [ 81.294125618580296, 18.768681729389922 ], [ 81.294086996282971, 18.768755847839131 ], [ 81.294057364055575, 18.768797674502416 ], [ 81.294010127534875, 18.768864348933661 ], [ 81.29375534602427, 18.768938413604602 ], [ 81.293552530327503, 18.768937149382708 ], [ 81.293398225577846, 18.768990019799396 ], [ 81.293181880753011, 18.769088251444707 ], [ 81.29286666894437, 18.769226862959659 ], [ 81.292668848412873, 18.769319355572158 ], [ 81.292610585014444, 18.769348893776058 ], [ 81.292372030736402, 18.769469831773705 ], [ 81.292311968997041, 18.76952057850179 ], [ 81.291938111245642, 18.769836451760984 ], [ 81.291766239644758, 18.769997826154619 ], [ 81.291578332018588, 18.770174255007756 ], [ 81.291304462260285, 18.770559605742172 ], [ 81.291093173889323, 18.770810432746856 ], [ 81.290881117065737, 18.770877896857606 ], [ 81.290870016249187, 18.770883019270308 ], [ 81.290850087122863, 18.770896905627069 ], [ 81.290724608653179, 18.770962119429662 ], [ 81.29060339634124, 18.771033521143146 ], [ 81.29044377388648, 18.771011594021839 ], [ 81.290225585245281, 18.7709815897692 ], [ 81.290187547815123, 18.770974559573645 ], [ 81.290090125069028, 18.770956549607455 ], [ 81.289671982439472, 18.770851395609863 ], [ 81.28949116171205, 18.770846576274447 ], [ 81.289477612630307, 18.770845442891034 ], [ 81.289453254403213, 18.770843471218313 ], [ 81.289318247134631, 18.770832545512807 ], [ 81.289316333028296, 18.770832391611016 ], [ 81.289297516447064, 18.770830868613427 ], [ 81.289202706737228, 18.770797317267739 ], [ 81.289127655636733, 18.770761905700613 ], [ 81.288969702390204, 18.770702889439324 ], [ 81.288844540861277, 18.770626800913568 ], [ 81.288789344679671, 18.770605175359258 ], [ 81.288673692195061, 18.770618114387979 ], [ 81.288213614994135, 18.77062181912375 ], [ 81.287903302540272, 18.770616148824566 ], [ 81.287702421728127, 18.770625161492234 ], [ 81.287424038481078, 18.770748380444623 ], [ 81.287241035347535, 18.770809679498846 ], [ 81.286732636579544, 18.770931271666356 ], [ 81.286388911319818, 18.771001865103216 ], [ 81.286242845902279, 18.771004308556488 ], [ 81.285902181087735, 18.771090955663706 ], [ 81.285813381168325, 18.771113542362642 ], [ 81.285469268475438, 18.771390743643042 ], [ 81.285382294533406, 18.771425434595248 ], [ 81.285288211912913, 18.771421704148317 ], [ 81.284784914427263, 18.771471101705714 ], [ 81.284315960789982, 18.77150336691275 ], [ 81.284223311967978, 18.77151975248858 ], [ 81.284129220525202, 18.771516196245283 ], [ 81.28390003795252, 18.771522694811537 ], [ 81.283836865841593, 18.771524486286737 ], [ 81.283147712441533, 18.771534495473443 ], [ 81.282816968134938, 18.771548469860122 ], [ 81.282732129837271, 18.771552054439429 ], [ 81.282640134264867, 18.771571542840395 ], [ 81.282551686582764, 18.771602639539925 ], [ 81.282451607345067, 18.771653214408403 ], [ 81.282280737590128, 18.771707699180595 ], [ 81.2822033343691, 18.771730297297363 ], [ 81.282188221796261, 18.77173471005295 ], [ 81.28213038262993, 18.771688233977432 ], [ 81.282090407608038, 18.771786273298083 ], [ 81.281737338621554, 18.77210704576169 ], [ 81.28168088533495, 18.772139246418018 ], [ 81.281622962436131, 18.77217735575071 ], [ 81.281327132198015, 18.772345101918219 ], [ 81.280887154092468, 18.772578878517749 ], [ 81.280610736959645, 18.772606553798614 ], [ 81.280020384138979, 18.772646004417982 ], [ 81.279833566037951, 18.772649450983106 ], [ 81.279593530727993, 18.772653879453703 ], [ 81.279585351520311, 18.772655589114414 ], [ 81.279572538770609, 18.772658267297075 ], [ 81.279277965056721, 18.772719834263629 ], [ 81.278933243016141, 18.772856509448609 ], [ 81.278789374980477, 18.772945508967503 ], [ 81.278795269317399, 18.773316561267087 ], [ 81.278802275091508, 18.773534850295057 ], [ 81.278808833863565, 18.773865799956635 ], [ 81.278810656591588, 18.773957752075969 ], [ 81.278788452424934, 18.774319267095933 ], [ 81.27877816527598, 18.774486752034324 ], [ 81.278769524496497, 18.774711801257343 ], [ 81.278768845585333, 18.774729454598582 ], [ 81.278764028926801, 18.774854930729273 ], [ 81.278779344779537, 18.775014179999641 ], [ 81.278779561495824, 18.775016427651352 ], [ 81.278782669864086, 18.775048751257795 ], [ 81.278800984355229, 18.775287581287614 ], [ 81.278806097973757, 18.775372185288148 ], [ 81.278802136726483, 18.775404114149616 ], [ 81.278800295174079, 18.775418967995272 ], [ 81.278793926119178, 18.775470305813581 ], [ 81.278794349951283, 18.775805850927124 ], [ 81.278824681708883, 18.775914024721452 ], [ 81.278833438129425, 18.775945256522331 ], [ 81.278875269766047, 18.776045402285412 ], [ 81.278900953491728, 18.776106891342756 ], [ 81.278948870972883, 18.776221603693891 ], [ 81.278964876430379, 18.776278800471758 ], [ 81.279004708796535, 18.77642114370266 ], [ 81.279022258502124, 18.7764790322274 ], [ 81.279049466055582, 18.776568773322182 ], [ 81.279067309133779, 18.776682241633875 ], [ 81.279161332369611, 18.776652352730821 ], [ 81.279143395897265, 18.776880241193879 ], [ 81.27908902878589, 18.777247045406909 ], [ 81.279056275157942, 18.777468031203455 ], [ 81.279058009541757, 18.777718835560535 ], [ 81.279020599665245, 18.778185962667479 ], [ 81.279015699347482, 18.778261120983824 ], [ 81.279002946638286, 18.778336398519819 ], [ 81.278681147903782, 18.779044326702394 ], [ 81.27865220358386, 18.779110083717953 ], [ 81.278648474730716, 18.779184444301578 ], [ 81.278556100613756, 18.779615062984252 ], [ 81.27853055397469, 18.77974445599407 ], [ 81.278506101015481, 18.779875249459494 ], [ 81.27849342379308, 18.779943063428476 ], [ 81.278465395304934, 18.780166559664721 ], [ 81.278440444145843, 18.780489205567545 ], [ 81.278437958274509, 18.780566515870696 ], [ 81.278429410800697, 18.780650584205777 ], [ 81.278276134462502, 18.781379507354938 ], [ 81.278241267704203, 18.781471541628456 ], [ 81.278171133918278, 18.781544068155601 ], [ 81.277923095215172, 18.781790371048878 ], [ 81.277635565889199, 18.782075885401625 ], [ 81.277226608391729, 18.782481974528743 ], [ 81.277129708758324, 18.782637669258698 ], [ 81.277077660454907, 18.782687849827358 ], [ 81.277058232103627, 18.782804589799266 ], [ 81.276976624947295, 18.783344632529452 ], [ 81.276857972227219, 18.784160635610238 ], [ 81.276834698135815, 18.784320690702518 ], [ 81.27676279508924, 18.784803183000339 ], [ 81.276743630342466, 18.784897173786028 ], [ 81.276713454882014, 18.784974321096986 ], [ 81.276543005075041, 18.785351243879209 ], [ 81.276512769231118, 18.785423698007822 ], [ 81.276492829651716, 18.785519990621083 ], [ 81.276481067440471, 18.785586471475622 ], [ 81.276378053149216, 18.786168680985906 ], [ 81.276345813952076, 18.786522158458258 ], [ 81.276280566971352, 18.787237539579817 ], [ 81.276273863051983, 18.787320402766682 ], [ 81.276263797159061, 18.787405145940703 ], [ 81.276295392988771, 18.788282924233279 ], [ 81.276408605671136, 18.788865022734836 ], [ 81.276366690999154, 18.788951283075271 ], [ 81.276301262025015, 18.789158711084863 ], [ 81.276228183045291, 18.789216354817334 ], [ 81.276155768909916, 18.789250615060325 ], [ 81.276002528245769, 18.789310970587486 ], [ 81.275926803453046, 18.789341689712295 ], [ 81.275731671355288, 18.789420846106562 ], [ 81.275716562888107, 18.78947993387786 ], [ 81.275635518873798, 18.789796866842028 ], [ 81.275632419572091, 18.789808984741402 ], [ 81.275551266809515, 18.790105070781649 ], [ 81.275499282399934, 18.790439716219325 ], [ 81.275360891892959, 18.790829551488514 ], [ 81.27535233233985, 18.790849422665016 ], [ 81.275084318060664, 18.791024176309747 ], [ 81.274871926987572, 18.791210076649577 ], [ 81.27470894340567, 18.791317235195059 ], [ 81.274438123561467, 18.79147283958735 ], [ 81.274371803386032, 18.791486533427314 ], [ 81.274350662943888, 18.791520746541647 ], [ 81.274321751023322, 18.791567532902054 ], [ 81.274011428173282, 18.791884677330042 ], [ 81.273610067102226, 18.792299525102798 ], [ 81.273252658887571, 18.792665266423661 ], [ 81.273063346308618, 18.792858990754759 ], [ 81.273039053618319, 18.792867974652424 ], [ 81.272894139262775, 18.792984522298084 ], [ 81.272621999403526, 18.793026950908335 ], [ 81.272383839334495, 18.793048693855116 ], [ 81.272171236308665, 18.793068103068357 ], [ 81.271541905963318, 18.793100581001891 ], [ 81.271384655151493, 18.793109112732363 ], [ 81.271038173377562, 18.793643780792404 ], [ 81.271022609415851, 18.793732351839431 ], [ 81.270954386395502, 18.793794437827358 ], [ 81.27089092055806, 18.793841995141985 ], [ 81.270779992000627, 18.793977908333094 ], [ 81.27073823444023, 18.794058485659523 ], [ 81.270730303323887, 18.794147947998738 ], [ 81.270714451272923, 18.794204153883044 ], [ 81.270680742001275, 18.794323676178514 ], [ 81.270481438063058, 18.794544436984747 ], [ 81.270360595960994, 18.794678290878039 ], [ 81.270333542597598, 18.794764345859331 ], [ 81.270312107195068, 18.794851810695004 ], [ 81.270267774541239, 18.79569773762632 ], [ 81.270238985732945, 18.796427998305564 ], [ 81.270219619558276, 18.79665242178762 ], [ 81.270216569495119, 18.796671692521656 ], [ 81.270219024615855, 18.796691141013554 ], [ 81.270223275362625, 18.796724822571136 ], [ 81.270223585573447, 18.796727273084272 ], [ 81.27022536275814, 18.796741340368328 ], [ 81.270225994291494, 18.796746362449465 ], [ 81.270217863933851, 18.796785776510848 ], [ 81.270169630294575, 18.797019588036022 ], [ 81.27015234012849, 18.797259813752252 ], [ 81.270138785923493, 18.797411774488022 ], [ 81.270126960155181, 18.797544353445609 ], [ 81.270135553215724, 18.797643492957686 ], [ 81.270140655692813, 18.79770234379075 ], [ 81.270148447543875, 18.797792251981893 ], [ 81.270155260137841, 18.797846216744453 ], [ 81.270165540118342, 18.797927650692468 ], [ 81.270196146686487, 18.798170117356658 ], [ 81.270199838822492, 18.79819936352671 ], [ 81.270243409512659, 18.798613814025089 ], [ 81.270268374647259, 18.79891720095651 ], [ 81.270269324180376, 18.799100104876903 ], [ 81.270269986839338, 18.799227815675909 ], [ 81.270255191075691, 18.799232494518343 ], [ 81.270230950309539, 18.79924016063045 ], [ 81.27008704397349, 18.799285669126057 ], [ 81.269713390224595, 18.799401319102362 ], [ 81.269386715718085, 18.799490582993428 ], [ 81.269238666390038, 18.799531037036033 ], [ 81.268950713617656, 18.799610323639406 ], [ 81.268888095483561, 18.799676432058572 ], [ 81.268872901794694, 18.799687787577028 ], [ 81.268735119490458, 18.799790772411381 ], [ 81.268638189229648, 18.799863222263614 ], [ 81.268496961998153, 18.799966127054329 ], [ 81.268374014582648, 18.800055712112695 ], [ 81.268130637135471, 18.800233048620619 ], [ 81.267871267125969, 18.800494486847128 ], [ 81.267813740155859, 18.80055247113641 ], [ 81.267622703878899, 18.800654636001507 ], [ 81.267480871200505, 18.800662055508742 ], [ 81.2673740680072, 18.8006676428402 ], [ 81.267347814099438, 18.8006674556765 ], [ 81.267244121847, 18.800666711845032 ], [ 81.267207089508986, 18.800666446348824 ], [ 81.267151231081726, 18.800664329281709 ], [ 81.267149079940381, 18.800659155110857 ], [ 81.267141679388814, 18.800663967651253 ], [ 81.267086736502122, 18.800661885364452 ], [ 81.266818907025709, 18.800815388311197 ], [ 81.266735269722815, 18.800960423002085 ], [ 81.266660550166264, 18.801017577991303 ], [ 81.266641747109276, 18.80135389813794 ], [ 81.266636707988766, 18.801444032538132 ], [ 81.266565509224648, 18.801815861170567 ], [ 81.266525225774757, 18.802176292917938 ], [ 81.266519098905263, 18.802265874842746 ], [ 81.266511822666772, 18.802355382177158 ], [ 81.266431866577904, 18.802715266854321 ], [ 81.266479654757333, 18.802919252809673 ], [ 81.266477553266597, 18.803143212362269 ], [ 81.266453219542342, 18.803393856167279 ], [ 81.266435776288702, 18.803573534101979 ], [ 81.266434347133327, 18.803588243865104 ], [ 81.266437771084156, 18.804044131688858 ], [ 81.266501480113874, 18.804157972471561 ], [ 81.266482305993591, 18.804165674394124 ], [ 81.266436590228665, 18.804199362147891 ], [ 81.266433581329792, 18.804201580064575 ], [ 81.26643965437583, 18.804305941240155 ], [ 81.266656712467366, 18.804448783752537 ], [ 81.26676717183939, 18.80447608490066 ], [ 81.266926566104729, 18.804455122293959 ], [ 81.267031992160597, 18.804462958144164 ], [ 81.267253919328866, 18.80456234440307 ], [ 81.267084222543929, 18.804866934234724 ], [ 81.267151071051813, 18.804894467707229 ], [ 81.267218988165268, 18.804809127699333 ], [ 81.267650443897082, 18.80502841162879 ], [ 81.26760789669656, 18.804913824718078 ], [ 81.267540731978698, 18.804791331148081 ], [ 81.267539658820766, 18.804709214008376 ], [ 81.267537275929101, 18.804527004353986 ], [ 81.267551108962962, 18.804509624980298 ], [ 81.267693591952366, 18.804330619030079 ], [ 81.267705999402935, 18.804314552391826 ], [ 81.267761501816807, 18.804242683289665 ], [ 81.267784876200409, 18.803987891328092 ], [ 81.267776508217963, 18.80389933253279 ], [ 81.267770231766661, 18.803832913225506 ], [ 81.26774848558955, 18.803659383482902 ], [ 81.267881620180319, 18.803507839185301 ], [ 81.267914031452491, 18.803404136176322 ], [ 81.267922444404377, 18.803377216159731 ], [ 81.268086765882686, 18.803171284620831 ], [ 81.268191082252727, 18.803003700060763 ], [ 81.26833573583076, 18.802771314972681 ], [ 81.268446414274436, 18.802755180083306 ], [ 81.26844484817147, 18.802699107968774 ], [ 81.268378066561695, 18.802674467076407 ], [ 81.268424436205649, 18.802485585708418 ], [ 81.268512184231753, 18.802385791525559 ], [ 81.268521638140228, 18.802370208557843 ], [ 81.268655062551844, 18.802150312717227 ], [ 81.268825096942294, 18.802008315091303 ], [ 81.268921345121996, 18.801927937332568 ], [ 81.269068738250823, 18.801838632753434 ], [ 81.269463421588569, 18.801862862980407 ], [ 81.269547437522334, 18.801964438562418 ], [ 81.269252549314842, 18.802192928843567 ], [ 81.269474219559896, 18.802280250478418 ], [ 81.269375546726422, 18.802583767783133 ], [ 81.269360327090055, 18.802618814776842 ], [ 81.269132511347209, 18.803143440396465 ], [ 81.268951962768242, 18.803692076717649 ], [ 81.268713165046833, 18.804228655496662 ], [ 81.268624161774994, 18.804475233637742 ], [ 81.268525726594646, 18.804895025416457 ], [ 81.268568081436896, 18.805325822883425 ], [ 81.268490531312381, 18.805539594925072 ], [ 81.268388891167476, 18.805780739264844 ], [ 81.268274568593924, 18.806070694420111 ], [ 81.268100256248005, 18.806512976916164 ], [ 81.268156775964343, 18.807197074911812 ], [ 81.268125594925252, 18.807898745303152 ], [ 81.268107122484892, 18.808199862626655 ], [ 81.268020119256335, 18.808598195541794 ], [ 81.267946373714153, 18.808980210939133 ], [ 81.267938680444459, 18.80902005749979 ], [ 81.267880868188968, 18.809247680997313 ], [ 81.267797401023984, 18.809365057625573 ], [ 81.267196946080702, 18.809642278869308 ], [ 81.26653381946474, 18.809825208842188 ], [ 81.266211391607598, 18.809928329077458 ], [ 81.266327180596974, 18.810162226001445 ], [ 81.266570827255165, 18.810539336624092 ], [ 81.266697105101628, 18.810600568898881 ], [ 81.266762960209306, 18.810611503097459 ], [ 81.267438812139403, 18.810542794047759 ], [ 81.267552747073793, 18.810494485584748 ], [ 81.267645812035354, 18.81045502755077 ], [ 81.267823265043745, 18.810389081324328 ], [ 81.268108940856408, 18.810326482736283 ], [ 81.268147585839301, 18.810318014911992 ], [ 81.268198111324182, 18.810308537411377 ], [ 81.268252710491197, 18.810298296455748 ], [ 81.268350178315018, 18.810280013631651 ], [ 81.268599398695372, 18.810233265073983 ], [ 81.268749705318555, 18.810202011085863 ], [ 81.268840078557176, 18.810176438689783 ], [ 81.268929954657366, 18.810149309834468 ], [ 81.26920607119429, 18.810027310314616 ], [ 81.269436020337622, 18.809952272804594 ], [ 81.269557388195949, 18.809887659574201 ], [ 81.269773317316378, 18.80989018818725 ], [ 81.269893452848251, 18.8098753773446 ], [ 81.269919373518476, 18.809872181280763 ], [ 81.270066589952677, 18.809803738211016 ], [ 81.270176684069867, 18.809876947187121 ], [ 81.270208108224665, 18.809915152803011 ], [ 81.270356979691428, 18.810096151059177 ], [ 81.270562581769497, 18.810104883611377 ], [ 81.270682795506502, 18.810093166492408 ], [ 81.270734613089061, 18.810131018458303 ], [ 81.270772230875437, 18.810177556385664 ], [ 81.27076719572355, 18.810229243892792 ], [ 81.270803546885006, 18.810285629755583 ], [ 81.270798529453003, 18.810344697780778 ], [ 81.270832083223326, 18.810379411555129 ], [ 81.270902069780377, 18.810356821581841 ], [ 81.270970801377032, 18.810364067337044 ], [ 81.270988146584898, 18.810395364921668 ], [ 81.271027177758256, 18.810465795568152 ], [ 81.271095904968405, 18.810526964195134 ], [ 81.271133875164537, 18.810608985291566 ], [ 81.271274446260449, 18.810823751834526 ], [ 81.271429246820517, 18.811027926941403 ], [ 81.27147154617937, 18.810991849765536 ], [ 81.271549353159557, 18.811025038390774 ], [ 81.271580453942605, 18.811061874752141 ], [ 81.271744262528841, 18.811255882666412 ], [ 81.272116352559763, 18.811679080038253 ], [ 81.272239723555373, 18.811827187309813 ], [ 81.272284362117432, 18.811906084757613 ], [ 81.272352289208342, 18.811968058598712 ], [ 81.272417927813009, 18.812020340442082 ], [ 81.272625191994578, 18.812185428238184 ], [ 81.272665648080405, 18.812225009415659 ], [ 81.272812305431188, 18.812368493742643 ], [ 81.272824475973493, 18.812380400310513 ], [ 81.272893500322922, 18.812441264635432 ], [ 81.272924410779268, 18.812525951933456 ], [ 81.273092472137634, 18.812616746180655 ], [ 81.273175931669016, 18.812719008868733 ], [ 81.273455082681124, 18.812963898339422 ], [ 81.273521476756656, 18.813022143693043 ], [ 81.273542227762945, 18.813040347342255 ], [ 81.273562838658009, 18.813078407115885 ], [ 81.273564403715653, 18.813081298254811 ], [ 81.273585363551135, 18.813120002858415 ], [ 81.2735827051755, 18.813209724322832 ], [ 81.273621925413877, 18.813264452663933 ], [ 81.27391082298567, 18.813410764237446 ], [ 81.274116751040339, 18.813577527188841 ], [ 81.274137961660685, 18.813594702409784 ], [ 81.274220013195816, 18.813661148974816 ], [ 81.274298260665446, 18.813743690490845 ], [ 81.274330708952547, 18.813767168396442 ], [ 81.274373161340364, 18.813797888335589 ], [ 81.27446683887446, 18.813806994713303 ], [ 81.274569756595184, 18.813827661150093 ], [ 81.274611437201642, 18.813836030894915 ], [ 81.275063464939791, 18.813913100947975 ], [ 81.275082688459477, 18.813916379725359 ], [ 81.275280472702192, 18.813897476204744 ], [ 81.275346741529489, 18.813961057837627 ], [ 81.275428884562871, 18.813916885365597 ], [ 81.27574451967098, 18.813925118234948 ], [ 81.276108503885908, 18.813965714733285 ], [ 81.276386355613923, 18.814008439238052 ], [ 81.27644622917586, 18.814077544156238 ], [ 81.27653978215956, 18.814087719481034 ], [ 81.276794347157448, 18.814147958257724 ], [ 81.277057344577017, 18.81429664442528 ], [ 81.277114242656396, 18.81443748599413 ], [ 81.277205221058324, 18.814551257025233 ], [ 81.277294775288951, 18.814573176428919 ], [ 81.277451417689534, 18.814581288067526 ], [ 81.277600009250776, 18.81458999448942 ], [ 81.277696394533976, 18.814595641754135 ], [ 81.27793557462337, 18.814643633197754 ], [ 81.278321623237488, 18.81456759988583 ], [ 81.278553843119653, 18.814462521339699 ], [ 81.278623411660547, 18.814401803145088 ], [ 81.278715305766681, 18.814381807634881 ], [ 81.278854408106028, 18.814318250336235 ], [ 81.278878963052506, 18.814294699108462 ], [ 81.278931932203349, 18.814243893547868 ], [ 81.279159221365745, 18.814162735983967 ], [ 81.279256436118985, 18.814128024164408 ], [ 81.279368403683733, 18.814088045652316 ], [ 81.279841717685542, 18.814059704838634 ], [ 81.279890688222579, 18.814056189623518 ], [ 81.279982949356096, 18.814037819084316 ], [ 81.280073976578777, 18.81406062096114 ], [ 81.280232911486749, 18.81414719501176 ], [ 81.280553321433771, 18.814186899373667 ], [ 81.28072187616597, 18.814246473213505 ], [ 81.280927105525095, 18.814369702548632 ], [ 81.281059136943725, 18.814422755469916 ], [ 81.281090157355081, 18.814469960356423 ], [ 81.281138357803087, 18.814543310218781 ], [ 81.281216443072168, 18.814522424834063 ], [ 81.281246753184405, 18.81451431778056 ], [ 81.281266623592018, 18.814509003898767 ], [ 81.281353234007881, 18.814545424712058 ], [ 81.281403376687038, 18.814566510240063 ], [ 81.281527277531239, 18.814661055528052 ], [ 81.281643734190382, 18.81473595445156 ], [ 81.281713085687201, 18.814866148326303 ], [ 81.282129704487517, 18.815176588260357 ], [ 81.282347970959833, 18.815342489451048 ], [ 81.282376310100304, 18.815434192896436 ], [ 81.282850656863928, 18.8152971463618 ], [ 81.282921527564241, 18.815236643647502 ], [ 81.283003189161789, 18.815174712839941 ], [ 81.283054406465439, 18.815114605778916 ], [ 81.283009056517798, 18.814993356611019 ], [ 81.283353041819481, 18.814876074046932 ], [ 81.283431992253654, 18.814849170776512 ], [ 81.283490151904502, 18.814807534960764 ], [ 81.283782143639257, 18.814598572397536 ] ] ] } },
{ "type": "Feature", "properties": { "AREA": 838.94240013199999, "State": "Chattisgarh", "Block": "Kuakonda", "Village": "Hiroli" }, "geometry": { "type": "Polygon", "coordinates": [ [ [ 81.262121028386801, 18.601770545290048 ], [ 81.262394114596219, 18.601745516424629 ], [ 81.262480660781023, 18.601787396758862 ], [ 81.26257453242313, 18.601779695752825 ], [ 81.262933958132521, 18.601879766349814 ], [ 81.263736257243593, 18.602129938557265 ], [ 81.263828550765155, 18.602146979488897 ], [ 81.263919662000248, 18.602169304731081 ], [ 81.264519617535882, 18.602266336568999 ], [ 81.264613381765471, 18.6022675807206 ], [ 81.264642563640237, 18.602180180419513 ], [ 81.265534347545909, 18.601134396515363 ], [ 81.265978970324554, 18.600617492877969 ], [ 81.266189630884526, 18.600382947390028 ], [ 81.266335744364284, 18.60022027085266 ], [ 81.2663974167573, 18.600150411016944 ], [ 81.266486088766825, 18.600120029775418 ], [ 81.266995971746226, 18.600020770251191 ], [ 81.267090009688076, 18.600020983410097 ], [ 81.267165297219819, 18.599967156097623 ], [ 81.267584403877706, 18.599857536705883 ], [ 81.268035734548164, 18.599744874661297 ], [ 81.268126733118009, 18.599766329285043 ], [ 81.268218812884044, 18.599783243155223 ], [ 81.268305965357513, 18.599764670803285 ], [ 81.268393866421945, 18.599721648104044 ], [ 81.268494082070433, 18.599737037958608 ], [ 81.268535573377349, 18.599799025329357 ], [ 81.268561378074338, 18.599864634560905 ], [ 81.268627764887796, 18.599889780495428 ], [ 81.268716193026989, 18.599918835793876 ], [ 81.268809623137741, 18.59992710881864 ], [ 81.269325002574504, 18.6000376999257 ], [ 81.269439826667337, 18.600062299220102 ], [ 81.269519962184503, 18.600107142622903 ], [ 81.269613883055484, 18.600102151329502 ], [ 81.270119505867299, 18.600191872538396 ], [ 81.270384561764033, 18.600237539903258 ], [ 81.270635373630753, 18.600280751515651 ], [ 81.270727738399955, 18.600263712820908 ], [ 81.270821441422044, 18.600254595097635 ], [ 81.271255414394332, 18.600178889271159 ], [ 81.271479113222114, 18.600149935453345 ], [ 81.271573534822863, 18.600145589344685 ], [ 81.271654629681763, 18.600099259629125 ], [ 81.27194442532651, 18.600107578246966 ], [ 81.272034408471015, 18.600136047308478 ], [ 81.272126329739351, 18.600116040146428 ], [ 81.272449216055989, 18.600004004329062 ], [ 81.272694733337872, 18.599920973910145 ], [ 81.272835124590685, 18.599879728548235 ], [ 81.273351410404715, 18.599727844395012 ], [ 81.273542522090423, 18.599700451883511 ], [ 81.273555057695816, 18.599739766833245 ], [ 81.273648931626653, 18.599721827268251 ], [ 81.273862127532624, 18.599689052060473 ], [ 81.273957993805723, 18.59969656008596 ], [ 81.274039424555767, 18.599651622387274 ], [ 81.274159219530688, 18.59959509568877 ], [ 81.274432579252064, 18.599467525159731 ], [ 81.274518591312486, 18.599429610971789 ], [ 81.274585285175291, 18.599365696016488 ], [ 81.275346462748573, 18.598723246643164 ], [ 81.275612586699054, 18.598481824044377 ], [ 81.275626909213912, 18.598534884008988 ], [ 81.275657303025568, 18.598509551284714 ], [ 81.2757290070426, 18.598450356260578 ], [ 81.275810801049204, 18.598405222418037 ], [ 81.275932538511825, 18.598364081022616 ], [ 81.276016362520508, 18.598335719930514 ], [ 81.276100525695512, 18.598220729740419 ], [ 81.276233170193393, 18.598079168556911 ], [ 81.276593427090475, 18.597758703284953 ], [ 81.276672571023283, 18.597711398392455 ], [ 81.276757513831953, 18.597675129332956 ], [ 81.277354226233513, 18.597522439747266 ], [ 81.277360736975552, 18.59752077380535 ], [ 81.277448360723881, 18.597490001380269 ], [ 81.27752410882681, 18.597437660384795 ], [ 81.277656116145891, 18.597391302178274 ], [ 81.277867911754214, 18.59731688808774 ], [ 81.277886712077404, 18.597310279477725 ], [ 81.277993615800213, 18.597254845241455 ], [ 81.278281477347306, 18.597142210473418 ], [ 81.278375384369767, 18.597149053511348 ], [ 81.27844050725389, 18.597084811664033 ], [ 81.278958379462722, 18.596651029178101 ], [ 81.279301850505405, 18.596354288948458 ], [ 81.279379685250888, 18.596305954911646 ], [ 81.279434750764537, 18.596203672997156 ], [ 81.27941084007827, 18.596137341761043 ], [ 81.279282525299749, 18.595840995579934 ], [ 81.279139482383812, 18.595511297926162 ], [ 81.278997893203993, 18.595334489673597 ], [ 81.279038893350858, 18.595266914740048 ], [ 81.279029587230823, 18.595244958118968 ], [ 81.278916542556559, 18.594978250415611 ], [ 81.27887199817809, 18.594873116657169 ], [ 81.278825137462107, 18.59479444700704 ], [ 81.278811493108392, 18.594704323113071 ], [ 81.278716418011243, 18.594211320711189 ], [ 81.278726776355427, 18.594122313225363 ], [ 81.278677379467752, 18.594046026442527 ], [ 81.278325646378093, 18.593380068324294 ], [ 81.278116572087399, 18.592996672434303 ], [ 81.277581284975767, 18.592468060755944 ], [ 81.276926358456024, 18.592341377401016 ], [ 81.276536906325759, 18.592209584643182 ], [ 81.276445341333186, 18.592194407222344 ], [ 81.276397820825181, 18.592116488903713 ], [ 81.276292557432342, 18.591956388753019 ], [ 81.276262827254357, 18.591723363389104 ], [ 81.276325930044564, 18.591640291497654 ], [ 81.276326179278456, 18.591639425073065 ], [ 81.276360924974469, 18.591576558962895 ], [ 81.276174840919907, 18.591345603684722 ], [ 81.276090994553201, 18.591309989241257 ], [ 81.276091003965718, 18.591309655224531 ], [ 81.276087113663365, 18.591308340760097 ], [ 81.276079718993245, 18.591305843740738 ], [ 81.276049308089469, 18.591172516270724 ], [ 81.276109945797259, 18.591112496574596 ], [ 81.276187870126435, 18.590817003259467 ], [ 81.276169683290036, 18.590249799014924 ], [ 81.276169330787653, 18.590238776149292 ], [ 81.27617523103936, 18.589810303429786 ], [ 81.276212542998891, 18.5894799205543 ], [ 81.27631138625172, 18.589214754215469 ], [ 81.276384876757689, 18.588833160503007 ], [ 81.276395945664376, 18.588775689627493 ], [ 81.276410110762768, 18.588581112191541 ], [ 81.276409227794517, 18.58858126404019 ], [ 81.276400704836007, 18.588543716563656 ], [ 81.276389650484916, 18.588374240011209 ], [ 81.276371953844091, 18.588077648138778 ], [ 81.276375992807445, 18.587994654304723 ], [ 81.276288363889037, 18.587948621555153 ], [ 81.275932363759978, 18.587802415878471 ], [ 81.275850989830516, 18.587758488984729 ], [ 81.275770087748739, 18.587713925638539 ], [ 81.275120499614573, 18.58725381303076 ], [ 81.275053766015063, 18.587192811921508 ], [ 81.274969905424285, 18.587153433477795 ], [ 81.274730948740512, 18.586944000826211 ], [ 81.274576341373844, 18.586808202564754 ], [ 81.274492390550407, 18.586734384394763 ], [ 81.274415801051504, 18.586683410406604 ], [ 81.274327170014985, 18.586655431657814 ], [ 81.273926561482597, 18.586526626075081 ], [ 81.273837868295189, 18.586503729328864 ], [ 81.273753534449412, 18.58646744936674 ], [ 81.273646954214328, 18.586394135918393 ], [ 81.273350142644162, 18.586394029332268 ], [ 81.273355027126556, 18.586215046080238 ], [ 81.273353621353792, 18.586196401166053 ], [ 81.273351537911836, 18.586194943482198 ], [ 81.272711587703455, 18.585745655983509 ], [ 81.272564766018576, 18.585642087711076 ], [ 81.272549207617374, 18.585631113159238 ], [ 81.272450567392426, 18.585560769780027 ], [ 81.272365009566954, 18.585499166581279 ], [ 81.272332593815165, 18.585475827065746 ], [ 81.272255178544157, 18.585431769403829 ], [ 81.272281757905091, 18.585344975640595 ], [ 81.272293844726988, 18.585319044854938 ], [ 81.272311794463675, 18.585280550474071 ], [ 81.272077452140977, 18.584964096057572 ], [ 81.272054456228489, 18.584779621622097 ], [ 81.272329930793191, 18.584640683053781 ], [ 81.272680348392882, 18.584552684385415 ], [ 81.27269786242536, 18.584532424250263 ], [ 81.272716378118091, 18.584511058481716 ], [ 81.272744844732713, 18.584148779234997 ], [ 81.272748391387054, 18.584111475725916 ], [ 81.272795331203156, 18.58403387171068 ], [ 81.272822949282713, 18.583947528114738 ], [ 81.272893514492779, 18.583672464673814 ], [ 81.272906457322662, 18.58361319970961 ], [ 81.272910313383406, 18.583567193389637 ], [ 81.272940337181012, 18.583209069072165 ], [ 81.273007106714473, 18.583150909399698 ], [ 81.273072877385744, 18.583081429070479 ], [ 81.273151171312961, 18.583128587413061 ], [ 81.273171980014411, 18.583136007249443 ], [ 81.273208292817387, 18.583021530110429 ], [ 81.273208545143206, 18.582842027910459 ], [ 81.273157904862032, 18.582544687223265 ], [ 81.273171363975365, 18.582414877581311 ], [ 81.273059560513431, 18.582232156889209 ], [ 81.273188159108258, 18.582155992260823 ], [ 81.273233742156378, 18.582078005508272 ], [ 81.273260824048748, 18.581991502708323 ], [ 81.273322354071553, 18.581778126576566 ], [ 81.273373103754963, 18.581387969899684 ], [ 81.27354080638203, 18.581341424457211 ], [ 81.273542326086258, 18.581285174821971 ], [ 81.273524199406808, 18.581199963783593 ], [ 81.273613993769985, 18.581196227307796 ], [ 81.273773560488706, 18.581186413512821 ], [ 81.273947410900718, 18.581161595047714 ], [ 81.274136198896329, 18.581106992453453 ], [ 81.274242451440429, 18.581102538511004 ], [ 81.27428278913662, 18.581139811268493 ], [ 81.274564377718249, 18.581124898971527 ], [ 81.274583317950132, 18.581125858183448 ], [ 81.274653893787828, 18.581129432919383 ], [ 81.274729623033025, 18.581182054324216 ], [ 81.274769517032652, 18.581214744587299 ], [ 81.274636969293525, 18.580849585624438 ], [ 81.274599122361025, 18.580629548630846 ], [ 81.274762918486701, 18.580555400489043 ], [ 81.274821212522582, 18.580211802415711 ], [ 81.274884327741489, 18.57969791076555 ], [ 81.274914312699082, 18.579384438297875 ], [ 81.274924990391469, 18.579307436989854 ], [ 81.274841197520828, 18.579275400263086 ], [ 81.274205045510072, 18.579148810061287 ], [ 81.273992116861109, 18.57911346218928 ], [ 81.273899453680883, 18.579120773542339 ], [ 81.273820206127056, 18.579171822220285 ], [ 81.273551545387065, 18.579369591029952 ], [ 81.273274372661547, 18.579574351290422 ], [ 81.273205177494134, 18.57963744432972 ], [ 81.273113999670329, 18.579660323257844 ], [ 81.272508446975863, 18.579764599583523 ], [ 81.272414896652833, 18.579774610460746 ], [ 81.272322060091341, 18.579789931319723 ], [ 81.27154108757216, 18.579902447065603 ], [ 81.271447781053837, 18.579913839030482 ], [ 81.271353643265314, 18.579910967888811 ], [ 81.270926697688012, 18.579780702723586 ], [ 81.27066206431131, 18.579716788635384 ], [ 81.270568787891861, 18.579699151322583 ], [ 81.270479912630393, 18.579671805601659 ], [ 81.269779986658506, 18.579519436271717 ], [ 81.269733101800838, 18.579509229172263 ], [ 81.269450831635353, 18.579443646026746 ], [ 81.269193153893724, 18.579382681496746 ], [ 81.269030401641942, 18.579349335201037 ], [ 81.269002227576976, 18.579343525092426 ], [ 81.268879350859962, 18.579405745447861 ], [ 81.268725285330504, 18.579334743768808 ], [ 81.268450005359625, 18.579205727462401 ], [ 81.268165301200696, 18.579072293922639 ], [ 81.267797086382032, 18.578855139601551 ], [ 81.267746374661613, 18.5788252333464 ], [ 81.267703824842215, 18.578800139438162 ], [ 81.267643384832283, 18.578548054885559 ], [ 81.267575637029282, 18.578388014845761 ], [ 81.267310155598906, 18.578205868957102 ], [ 81.267235862053028, 18.577920477230354 ], [ 81.267098671899674, 18.57774246807292 ], [ 81.267006049417901, 18.577547533015359 ], [ 81.266727194748043, 18.577240273732617 ], [ 81.266622419097217, 18.577057761726589 ], [ 81.266616233612098, 18.576868976734733 ], [ 81.26655086276449, 18.576712816102397 ], [ 81.266430651948284, 18.576501217846388 ], [ 81.266408398294388, 18.576462044073356 ], [ 81.266399546531346, 18.576460739210379 ], [ 81.266361513464346, 18.576455130637772 ], [ 81.266298933020721, 18.576445859781924 ], [ 81.266278386780058, 18.576442815986283 ], [ 81.266187790686729, 18.576460811990607 ], [ 81.265988848578829, 18.57650527455824 ], [ 81.265968551437254, 18.576435559254719 ], [ 81.265712067423024, 18.576449589481761 ], [ 81.265664152009847, 18.576224548450806 ], [ 81.265658047464029, 18.576195873363382 ], [ 81.265711129602508, 18.576054760568894 ], [ 81.265732018216369, 18.575999226956462 ], [ 81.265724890813672, 18.57599391491485 ], [ 81.265601059146604, 18.575899305108329 ], [ 81.265530297144636, 18.575839157870945 ], [ 81.265484250908216, 18.575766280653614 ], [ 81.265349658888738, 18.575475434482378 ], [ 81.265266527638545, 18.575292732499975 ], [ 81.265239311343962, 18.575209658423947 ], [ 81.265174367848999, 18.57514463507561 ], [ 81.264710315377798, 18.574717416908257 ], [ 81.264490802807188, 18.574505835090317 ], [ 81.264430122387807, 18.5744371899725 ], [ 81.264362559831014, 18.574374289950256 ], [ 81.264186104467612, 18.574176323633854 ], [ 81.264183103300653, 18.574172956207118 ], [ 81.264120330776606, 18.574105896316592 ], [ 81.264039332478376, 18.574059378473283 ], [ 81.263772158917803, 18.573875780849036 ], [ 81.263634607914653, 18.573825872971732 ], [ 81.263562467227146, 18.573767413002059 ], [ 81.263492502715451, 18.573706693789205 ], [ 81.262569900788662, 18.572777337568219 ], [ 81.262522187838911, 18.57270122881285 ], [ 81.262443123476132, 18.572651270646997 ], [ 81.262395333181502, 18.572583779679565 ], [ 81.262289553400947, 18.572473357188038 ], [ 81.262021272862796, 18.572193298697986 ], [ 81.261953193213429, 18.572130883199709 ], [ 81.261875544983582, 18.572078891413039 ], [ 81.261599807880458, 18.571860033270205 ], [ 81.261223564104071, 18.57154183603167 ], [ 81.261142711198673, 18.571493648398821 ], [ 81.261065616435673, 18.571440221894917 ], [ 81.260441539698988, 18.57093389991411 ], [ 81.260368855120049, 18.570876492426997 ], [ 81.260297924831235, 18.570818851044798 ], [ 81.259851157383608, 18.570499316206796 ], [ 81.259764344058695, 18.570430444701735 ], [ 81.258941215720071, 18.569858902288853 ], [ 81.258871305676351, 18.569798010461497 ], [ 81.258801119258038, 18.569737296905011 ], [ 81.258564521856115, 18.569605089594312 ], [ 81.258541934168164, 18.56958859604709 ], [ 81.258488887814252, 18.569549861619496 ], [ 81.258393983382462, 18.569533410255719 ], [ 81.258076007303373, 18.569489061204138 ], [ 81.257979219519697, 18.56948397263999 ], [ 81.257882943667639, 18.56947308324607 ], [ 81.257713265347391, 18.569453142044114 ], [ 81.257617585814415, 18.569436978713441 ], [ 81.257532616399445, 18.569392773195439 ], [ 81.257412918220595, 18.569343056258585 ], [ 81.257321269748985, 18.569311279151091 ], [ 81.257236808752822, 18.569264933728274 ], [ 81.256803103539212, 18.568876121209097 ], [ 81.256728224759286, 18.568812802280355 ], [ 81.256648085077799, 18.568753865410034 ], [ 81.25659343143532, 18.568727425874318 ], [ 81.256087036032696, 18.568482446040186 ], [ 81.256050532432596, 18.568523340754819 ], [ 81.255954913297316, 18.568520872763852 ], [ 81.255324874413631, 18.568510959312231 ], [ 81.255229313982497, 18.568506902278035 ], [ 81.255146143886364, 18.568551414718534 ], [ 81.255047105285357, 18.568604239606582 ], [ 81.254973921102177, 18.568662296983518 ], [ 81.254888321120319, 18.5687025033948 ], [ 81.254784635864283, 18.568751375769263 ], [ 81.254708563447281, 18.568806030186625 ], [ 81.254621399887441, 18.568843128629105 ], [ 81.254006428602835, 18.569082207222184 ], [ 81.253917028353783, 18.569114227539142 ], [ 81.253824409484565, 18.569136699750437 ], [ 81.253152127445219, 18.56928824381944 ], [ 81.25305828461272, 18.569305628394339 ], [ 81.252964230509079, 18.569321982836378 ], [ 81.252622525852743, 18.569400648197465 ], [ 81.252500911368131, 18.569428646973531 ], [ 81.252191874808702, 18.569520756868286 ], [ 81.252113339359653, 18.569572217405337 ], [ 81.251992992091431, 18.569576081548981 ], [ 81.251711630890355, 18.569659814854823 ], [ 81.251619000038218, 18.569682241536963 ], [ 81.251523358231964, 18.569680760708383 ], [ 81.25112918951163, 18.569638220123942 ], [ 81.251033925438776, 18.569629997304176 ], [ 81.250940562936989, 18.569649548016169 ], [ 81.250218264981456, 18.569897297668376 ], [ 81.250134677099041, 18.56994110716489 ], [ 81.25004987484067, 18.569982790130027 ], [ 81.249974817852006, 18.570018419075286 ], [ 81.249485384861089, 18.570250750366643 ], [ 81.249410462278718, 18.570306800581655 ], [ 81.249314982549379, 18.570301284431249 ], [ 81.249046149065052, 18.570268049015343 ], [ 81.248954468903619, 18.570242218745381 ], [ 81.248793217613482, 18.570165937334828 ], [ 81.248724727098761, 18.570102864416494 ], [ 81.248391241544738, 18.569895228796124 ], [ 81.248318763461469, 18.56983625777913 ], [ 81.248246907758755, 18.569776611184796 ], [ 81.248116910517396, 18.569692117012266 ], [ 81.248081375255651, 18.569669018347899 ], [ 81.24792048822799, 18.569564445189112 ], [ 81.247847353094542, 18.56950619826986 ], [ 81.247772965089979, 18.569449386301205 ], [ 81.247488154403612, 18.569256483839389 ], [ 81.247408157481118, 18.569206922872262 ], [ 81.247404722840557, 18.569116710529666 ], [ 81.247307273057416, 18.569011286700007 ], [ 81.246862255024325, 18.56871094279996 ], [ 81.24656205850799, 18.568565242309479 ], [ 81.246306808608196, 18.568407937544322 ], [ 81.246081808302279, 18.56819135582375 ], [ 81.245774005936923, 18.567783808808088 ], [ 81.245429831977447, 18.56755853531979 ], [ 81.24542144369731, 18.567345551517789 ], [ 81.245113447024792, 18.567115245528463 ], [ 81.245141383399016, 18.567030376771481 ], [ 81.244872562745556, 18.566964248151731 ], [ 81.244250681503786, 18.566877695351572 ], [ 81.2441712096157, 18.566863081649558 ], [ 81.244077249969394, 18.566846080761959 ], [ 81.243982732828741, 18.566832124297491 ], [ 81.243420266513596, 18.566742130784512 ], [ 81.243035442823142, 18.566702931056856 ], [ 81.242561143028581, 18.566652943861733 ], [ 81.242248603443514, 18.566626457491729 ], [ 81.241976179067734, 18.566618685563121 ], [ 81.241420864648049, 18.566604438859791 ], [ 81.241105650617058, 18.566579521710743 ], [ 81.241012933817416, 18.566557242694941 ], [ 81.240923236604658, 18.566525805236836 ], [ 81.240756949456909, 18.566515853190566 ], [ 81.240440790037979, 18.566548434448023 ], [ 81.239955241021036, 18.566712233791289 ], [ 81.239893454394462, 18.566765064867468 ], [ 81.239795034107118, 18.566882716199654 ], [ 81.239766756257893, 18.566925525813183 ], [ 81.240188362271979, 18.567063719713474 ], [ 81.240555822850979, 18.567252982419536 ], [ 81.240959198565875, 18.567416970494268 ], [ 81.241639470817759, 18.567718510691545 ], [ 81.241727428760115, 18.567750831129544 ], [ 81.241784459490304, 18.56782339128857 ], [ 81.24201303296887, 18.56804148022248 ], [ 81.242153664205006, 18.568193428223481 ], [ 81.2422190289806, 18.568259160163009 ], [ 81.242278317567994, 18.568330413633749 ], [ 81.242442892580655, 18.568651323631322 ], [ 81.242678856882023, 18.569180209742342 ], [ 81.242752476480732, 18.569369780837292 ], [ 81.242795443128898, 18.569479129085877 ], [ 81.242827727500682, 18.569562977560114 ], [ 81.242887114165796, 18.569632555202041 ], [ 81.243028858819386, 18.569855010991169 ], [ 81.24309922305747, 18.569974116971267 ], [ 81.24332788220309, 18.570360411524874 ], [ 81.243500776667489, 18.570641414268856 ], [ 81.2435168117525, 18.570667451173591 ], [ 81.244006243591798, 18.571064495389468 ], [ 81.244492456797133, 18.57140958917832 ], [ 81.244808792094076, 18.571633776744807 ], [ 81.244848796510482, 18.571715666029863 ], [ 81.244791255550268, 18.571788229661539 ], [ 81.24448605590463, 18.571999847791108 ], [ 81.24408955725454, 18.572247894322516 ], [ 81.243995349097332, 18.572253398272942 ], [ 81.243981414520135, 18.572342795067225 ], [ 81.24377618475188, 18.572585784989389 ], [ 81.243557035544626, 18.572870234436355 ], [ 81.243444681399239, 18.573045044543186 ], [ 81.243372783802272, 18.573103158640993 ], [ 81.243416358318882, 18.573183577717906 ], [ 81.243490997781478, 18.57335941892234 ], [ 81.243705742614765, 18.573896981515055 ], [ 81.243742181166894, 18.573980601482205 ], [ 81.243812962588649, 18.574040759531819 ], [ 81.243940894726478, 18.574087409813913 ], [ 81.24402637088258, 18.574126175614275 ], [ 81.244186799134894, 18.574105958116576 ], [ 81.244218630498011, 18.574191286308384 ], [ 81.244226804197964, 18.574474150664447 ], [ 81.244226519333765, 18.574512964092552 ], [ 81.244225683337064, 18.574627151386249 ], [ 81.244279979820561, 18.57470143520451 ], [ 81.244335931893787, 18.574774588147779 ], [ 81.24446411365092, 18.574875067039404 ], [ 81.244505551852683, 18.574970578434641 ], [ 81.24453989307483, 18.575262046407797 ], [ 81.244652015758646, 18.575447958183396 ], [ 81.244605631608707, 18.575544266168169 ], [ 81.244689365605964, 18.575649218575428 ], [ 81.244684130958348, 18.575726972577627 ], [ 81.244769863110534, 18.575759347248535 ], [ 81.244770758089984, 18.575679508540215 ], [ 81.244781770229693, 18.575699244678187 ], [ 81.244924312302928, 18.575954702341374 ], [ 81.245060401898584, 18.576222458310994 ], [ 81.245114047904849, 18.576302967197552 ], [ 81.245180369609287, 18.576367723391225 ], [ 81.245341781178624, 18.576654231046447 ], [ 81.245434130500769, 18.576871370925765 ], [ 81.245538086820417, 18.577041200113591 ], [ 81.245796736927176, 18.577513496310658 ], [ 81.245890937236226, 18.577702155994718 ], [ 81.24592489964455, 18.577770178069333 ], [ 81.245962620806196, 18.577853261523462 ], [ 81.246006840114077, 18.577933380871695 ], [ 81.246089245919052, 18.57810262270711 ], [ 81.246129604523844, 18.578185497844348 ], [ 81.246201956615806, 18.57832319537323 ], [ 81.246243082326274, 18.578404783837851 ], [ 81.246286173899506, 18.578485446076222 ], [ 81.246487836208374, 18.578893519022945 ], [ 81.246557163080411, 18.579012388554212 ], [ 81.246722963670209, 18.579296619552036 ], [ 81.246947259282038, 18.579677234127335 ], [ 81.24700222233831, 18.579774344409255 ], [ 81.247306402997452, 18.580311641224835 ], [ 81.247429636050356, 18.58052054115004 ], [ 81.247641989896749, 18.58088044532952 ], [ 81.247749667248854, 18.581089435973187 ], [ 81.247793618344744, 18.581169566982211 ], [ 81.247832539027229, 18.581252016945644 ], [ 81.248037455894348, 18.581641605739339 ], [ 81.248305371628447, 18.582190122694669 ], [ 81.248491335399336, 18.582563987175089 ], [ 81.248527288192562, 18.582647589799276 ], [ 81.248561631348281, 18.582731798264678 ], [ 81.248578504932325, 18.582794706694013 ], [ 81.248676789894034, 18.583161181762428 ], [ 81.248716865437629, 18.583306219044729 ], [ 81.248809220511603, 18.583640513586701 ], [ 81.248950570279334, 18.584094026682383 ], [ 81.249050361784654, 18.584516547655703 ], [ 81.249112855782741, 18.584772342817391 ], [ 81.249119429434771, 18.584862364915008 ], [ 81.249178412481569, 18.584933026836616 ], [ 81.249257681470226, 18.585040379816871 ], [ 81.249349660109047, 18.585164941774767 ], [ 81.249376906110939, 18.585326352953395 ], [ 81.249452882716483, 18.585528985466297 ], [ 81.249483020122952, 18.585582600166191 ], [ 81.249734737525515, 18.58603037194472 ], [ 81.249873602743904, 18.586317204454303 ], [ 81.249900223388082, 18.586403786808766 ], [ 81.249932774322858, 18.586488508560738 ], [ 81.250159230000321, 18.586885243978543 ], [ 81.250216672776602, 18.586984446477967 ], [ 81.250248093976111, 18.587038713500878 ], [ 81.250311772237197, 18.587148691272752 ], [ 81.250540995012074, 18.587584590589664 ], [ 81.250784553714411, 18.587994681143623 ], [ 81.250957922962399, 18.588326713503598 ], [ 81.251006146103833, 18.588404275578519 ], [ 81.25106357287757, 18.588475908388769 ], [ 81.251142452646647, 18.588625964890504 ], [ 81.251213738692186, 18.588761587141597 ], [ 81.251539951015459, 18.589298490188042 ], [ 81.25145969145602, 18.589376720073396 ], [ 81.251548880989205, 18.589506207611674 ], [ 81.25163994979178, 18.589453706807163 ], [ 81.251683299831541, 18.589526045523357 ], [ 81.251859225559016, 18.589819647170703 ], [ 81.251918154672538, 18.589890085301299 ], [ 81.251951303982693, 18.589974499399204 ], [ 81.252159969791265, 18.590267654139446 ], [ 81.252502828600839, 18.590729198095119 ], [ 81.252757298136444, 18.591069761389779 ], [ 81.252805858672062, 18.591147031599938 ], [ 81.252850763394477, 18.591226295423411 ], [ 81.253007919786612, 18.591637381254611 ], [ 81.253031749581069, 18.591724633884876 ], [ 81.253090637076056, 18.59179503315422 ], [ 81.253252415224949, 18.592169918045801 ], [ 81.253332536251591, 18.592331175942903 ], [ 81.253444385435728, 18.592556343801931 ], [ 81.253680804500249, 18.592955370688351 ], [ 81.253761627285428, 18.593118736626174 ], [ 81.253832782060869, 18.593262587119391 ], [ 81.253880880512483, 18.593340106925524 ], [ 81.25391534272056, 18.593424045642649 ], [ 81.254119256831217, 18.593781401401419 ], [ 81.254291511772891, 18.59412340670686 ], [ 81.254315637505897, 18.594161145265677 ], [ 81.254497542570377, 18.594445752860469 ], [ 81.254543414681052, 18.59450549062624 ], [ 81.254580868582266, 18.594588262571257 ], [ 81.254586097072888, 18.594678484982683 ], [ 81.254645120498864, 18.594861557760222 ], [ 81.254652567737125, 18.594884659583123 ], [ 81.254793144622795, 18.59544301482455 ], [ 81.254815821181481, 18.595533132405382 ], [ 81.254882186699604, 18.595783506092918 ], [ 81.254912450956496, 18.595869026178551 ], [ 81.254944407420908, 18.595953975338425 ], [ 81.255206618929748, 18.596291599740457 ], [ 81.255483938229673, 18.596718714359557 ], [ 81.2556596991368, 18.596971640029636 ], [ 81.255860513545784, 18.597263432072328 ], [ 81.255934355697022, 18.597370777037746 ], [ 81.255982066382629, 18.597448636094153 ], [ 81.25603008773254, 18.597526321961457 ], [ 81.256101022502875, 18.597633170964489 ], [ 81.256141396276107, 18.597701748905358 ], [ 81.256461253394747, 18.5982265587411 ], [ 81.256523766764317, 18.598387481530228 ], [ 81.256625960811917, 18.598594077920687 ], [ 81.256671523467617, 18.598673226165413 ], [ 81.256726383918618, 18.598746667403105 ], [ 81.256830985117958, 18.598945086959336 ], [ 81.256880550074968, 18.599049864025908 ], [ 81.257069382371057, 18.59944954071733 ], [ 81.257210351488837, 18.599757232642169 ], [ 81.257254957907321, 18.599837038528442 ], [ 81.257281589391852, 18.599924138758666 ], [ 81.257447983236943, 18.600577320200227 ], [ 81.25760365792425, 18.601112470234963 ], [ 81.257770446584047, 18.601670573916063 ], [ 81.257910866741696, 18.602254947560024 ], [ 81.258066472324316, 18.602758442947255 ], [ 81.258135091255312, 18.602723972886889 ], [ 81.258222104759028, 18.602685875006348 ], [ 81.258310536857337, 18.602652965710419 ], [ 81.258457581142494, 18.602561977397553 ], [ 81.258550168028847, 18.602548745196977 ], [ 81.258620324060018, 18.602488324691787 ], [ 81.259036284056322, 18.602222211028728 ], [ 81.259123440635733, 18.602187898520032 ], [ 81.259206567933632, 18.602145227423257 ], [ 81.259846185911314, 18.602040661835304 ], [ 81.259938277942325, 18.602026685482869 ], [ 81.260030609217196, 18.602016555414753 ], [ 81.261248786304364, 18.60183664894209 ], [ 81.261343458271995, 18.601828770718235 ], [ 81.261431702062183, 18.60179763217603 ], [ 81.262121028386801, 18.601770545290048 ] ] ] } },
{ "type": "Feature", "properties": { "AREA": 645.50361374900001, "State": "Chattisgarh", "Block": "Dantewada", "Village": "Nerli" }, "geometry": { "type": "Polygon", "coordinates": [ [ [ 81.260700042918828, 18.741792857343345 ], [ 81.261389461864198, 18.741532759908125 ], [ 81.261717801975763, 18.741402592383988 ], [ 81.262109056757922, 18.741368178106395 ], [ 81.262115791137731, 18.741367585799356 ], [ 81.262209195354217, 18.741359370612205 ], [ 81.262757878856746, 18.741316559831606 ], [ 81.263069162891952, 18.741279828115573 ], [ 81.263454217674678, 18.741228035338555 ], [ 81.263639564276914, 18.741217609143096 ], [ 81.263680861904859, 18.741215286108538 ], [ 81.263822676914174, 18.741207309098144 ], [ 81.263932779691771, 18.741226483532365 ], [ 81.26414964319973, 18.741264250978777 ], [ 81.264517929399503, 18.74126691307454 ], [ 81.264795961637574, 18.741300109225186 ], [ 81.264944108120289, 18.741326615291747 ], [ 81.265204655209317, 18.741373232229368 ], [ 81.265384362523861, 18.741421310930207 ], [ 81.265736337900918, 18.741416056328667 ], [ 81.266002373480305, 18.74141041288453 ], [ 81.266284789077304, 18.741404419950271 ], [ 81.266511196661071, 18.741410595782014 ], [ 81.266768918827808, 18.741417623753559 ], [ 81.267062167007097, 18.741425622101364 ], [ 81.267684103331263, 18.741437902787442 ], [ 81.268101208425165, 18.741479892032359 ], [ 81.268240338610397, 18.741480894132724 ], [ 81.268330706579675, 18.741434764151354 ], [ 81.268527123275959, 18.741436179332634 ], [ 81.268668622362696, 18.741419933992773 ], [ 81.268699247284829, 18.741400209394786 ], [ 81.269089655314218, 18.741148764768262 ], [ 81.269103746221262, 18.7411397872376 ], [ 81.269444670596684, 18.740979504314154 ], [ 81.269777855698777, 18.740773372165769 ], [ 81.26985499969085, 18.740644980285705 ], [ 81.26990053478994, 18.740569196052896 ], [ 81.269932644495626, 18.740446991554379 ], [ 81.270070100473987, 18.740263854659791 ], [ 81.270246852063266, 18.740096347660707 ], [ 81.270279028952118, 18.740073853390161 ], [ 81.27043763827605, 18.739962971427865 ], [ 81.270446468585376, 18.739956675816508 ], [ 81.270626428555616, 18.739920303389074 ], [ 81.270760177274809, 18.739868771078061 ], [ 81.270866001101595, 18.739727598891534 ], [ 81.271021760363368, 18.739631954255735 ], [ 81.271256369211116, 18.739519255718076 ], [ 81.271279728825718, 18.739508076507928 ], [ 81.27136242496141, 18.739468503511294 ], [ 81.271719750510101, 18.739164408442857 ], [ 81.271989884565883, 18.738919638795707 ], [ 81.272027978369138, 18.738885342060605 ], [ 81.272373656288025, 18.738643744190007 ], [ 81.27250056677552, 18.738584516694122 ], [ 81.272580745715459, 18.738538185725005 ], [ 81.272666256319042, 18.738501109038513 ], [ 81.272889873180716, 18.738247471590384 ], [ 81.272948815238337, 18.738181051107652 ], [ 81.273116228391658, 18.738122052690091 ], [ 81.273294121262168, 18.738118940203346 ], [ 81.273325468966021, 18.738118390961077 ], [ 81.273520877572352, 18.738115245681403 ], [ 81.273569869415013, 18.738099814585187 ], [ 81.273808385372348, 18.73802476014788 ], [ 81.274089373698089, 18.738002243661256 ], [ 81.274180160542528, 18.737977044497331 ], [ 81.274269453016657, 18.737947852457634 ], [ 81.274300767718543, 18.737929659230538 ], [ 81.274695077716999, 18.737701013908531 ], [ 81.274779724379329, 18.73766169887298 ], [ 81.27487074106908, 18.737637030488802 ], [ 81.275009365721957, 18.737582967973765 ], [ 81.275087281395543, 18.737532721427922 ], [ 81.275179016566398, 18.737510196463486 ], [ 81.275305668943915, 18.737400300925547 ], [ 81.275368868490347, 18.737400666279481 ], [ 81.275397821218192, 18.73737695951209 ], [ 81.275433110872186, 18.73734806179246 ], [ 81.275503595159407, 18.737413889112329 ], [ 81.275819195040825, 18.737252436285406 ], [ 81.276125441064167, 18.737096076805521 ], [ 81.276127461402112, 18.736834918967649 ], [ 81.276536983006579, 18.736879671461725 ], [ 81.276779622767449, 18.736956545539819 ], [ 81.276881624090919, 18.737040522992036 ], [ 81.276914770504618, 18.736857116425103 ], [ 81.276930025470094, 18.736775231594493 ], [ 81.276956992595927, 18.73676176359352 ], [ 81.277103688768477, 18.736688490734384 ], [ 81.277146154554728, 18.736667295313218 ], [ 81.277239100178519, 18.736509712363105 ], [ 81.277351805852604, 18.736457722770748 ], [ 81.27747984007766, 18.736427428514297 ], [ 81.277567992397664, 18.736431433371049 ], [ 81.277652028849104, 18.736382378672328 ], [ 81.278119232731271, 18.736249043258347 ], [ 81.278213519551912, 18.736236223636229 ], [ 81.278289396506636, 18.736182783316316 ], [ 81.278588180115563, 18.736088600299599 ], [ 81.278897026467689, 18.735973629586631 ], [ 81.279097401320016, 18.735903222490862 ], [ 81.279112242204249, 18.73590133395555 ], [ 81.27918385600735, 18.735892221356981 ], [ 81.279285357583674, 18.735874757217029 ], [ 81.27942144124134, 18.735869511569053 ], [ 81.279894302654697, 18.735851284126998 ], [ 81.279989015865368, 18.735839794921127 ], [ 81.280084799465513, 18.735835832310393 ], [ 81.280120633639882, 18.735835537474646 ], [ 81.280369084802516, 18.735833488201177 ], [ 81.280463005524666, 18.735817818663676 ], [ 81.280553987024447, 18.735792041874401 ], [ 81.280782762031336, 18.735783626392148 ], [ 81.280960764499056, 18.735896346124058 ], [ 81.28106298518567, 18.735849427312381 ], [ 81.281171066646223, 18.735799963438073 ], [ 81.281430654644964, 18.735810504233058 ], [ 81.281445758099139, 18.735715032954072 ], [ 81.28154997238984, 18.735736695494637 ], [ 81.281637184556303, 18.735801090304143 ], [ 81.281661311469222, 18.735792310979985 ], [ 81.281835236372686, 18.735729021961035 ], [ 81.281979571565003, 18.735655098752595 ], [ 81.282035993382166, 18.735626294125002 ], [ 81.282138992929461, 18.73561067771648 ], [ 81.282336108161303, 18.735580794622336 ], [ 81.282494475078934, 18.735557010087106 ], [ 81.282591633013809, 18.735571419965321 ], [ 81.282675232416167, 18.735529529784547 ], [ 81.283137282969193, 18.735421646946961 ], [ 81.283216960527056, 18.735374165461845 ], [ 81.283224932021966, 18.73537748839529 ], [ 81.283198056047794, 18.735277238998613 ], [ 81.283207899913435, 18.735166583203483 ], [ 81.283179294798444, 18.735022421081243 ], [ 81.283211341682616, 18.734923035729206 ], [ 81.283210634997289, 18.734901658702807 ], [ 81.283207807676874, 18.734816567066041 ], [ 81.28314438531504, 18.734764119480083 ], [ 81.283123484758093, 18.734705201241887 ], [ 81.283116017471741, 18.734689900293041 ], [ 81.282969902053807, 18.734390679291863 ], [ 81.28281773427284, 18.734064329168824 ], [ 81.282874558862176, 18.733992446548037 ], [ 81.282902254384197, 18.733859096747235 ], [ 81.282610125825769, 18.733798063253221 ], [ 81.282509391560353, 18.733743708944147 ], [ 81.282459073988761, 18.733608042120803 ], [ 81.282482236367755, 18.733351293352467 ], [ 81.282479150567099, 18.733048570576941 ], [ 81.282465503204918, 18.732805436664826 ], [ 81.282464063062022, 18.732601638666409 ], [ 81.282480483456766, 18.732471985949445 ], [ 81.282509827623599, 18.732430744762304 ], [ 81.282597431239708, 18.732408921101545 ], [ 81.282720580183323, 18.732436050224393 ], [ 81.282811276357521, 18.732402648772084 ], [ 81.282807463683085, 18.732387956816925 ], [ 81.282764953175388, 18.732174706746822 ], [ 81.282494920113379, 18.732074353679739 ], [ 81.282456346955584, 18.731994609910586 ], [ 81.282395135571633, 18.731868066151897 ], [ 81.282414459515863, 18.73164259235725 ], [ 81.282380488250936, 18.731513936462783 ], [ 81.282395718284008, 18.731432718437294 ], [ 81.282401465677125, 18.731402061905456 ], [ 81.282499134834339, 18.731108398158405 ], [ 81.282555717543573, 18.730943232892642 ], [ 81.282612055515131, 18.730777529011025 ], [ 81.282631078962098, 18.730689754788116 ], [ 81.282539370914051, 18.730523735590086 ], [ 81.282428003906261, 18.730305885985281 ], [ 81.282417461108309, 18.730241757890692 ], [ 81.282370100982561, 18.729952409166987 ], [ 81.282403058757666, 18.729867407265473 ], [ 81.282392573042387, 18.729866258358769 ], [ 81.282308377499376, 18.729857037042049 ], [ 81.282072137178716, 18.729659741620313 ], [ 81.282007085852342, 18.729437748254981 ], [ 81.281904385625509, 18.729072559474307 ], [ 81.28190491435727, 18.729071263532749 ], [ 81.281942254422034, 18.728979665871453 ], [ 81.282084089925419, 18.728967686005994 ], [ 81.282155239899652, 18.729029696441547 ], [ 81.282117640313757, 18.728946463866436 ], [ 81.281917005987637, 18.728599535082942 ], [ 81.281487212776369, 18.727818195432249 ], [ 81.281463765884595, 18.727780639156563 ], [ 81.281290652437633, 18.727565433086038 ], [ 81.281188118507202, 18.727387688218002 ], [ 81.281064585859781, 18.727263039483478 ], [ 81.281038938426306, 18.727237160269478 ], [ 81.28069446936145, 18.726889570994128 ], [ 81.28033120565587, 18.726496507880224 ], [ 81.280228331490036, 18.726365616658043 ], [ 81.280107941069076, 18.72617304696557 ], [ 81.280104093361572, 18.726166891047981 ], [ 81.279762725383321, 18.725768774217062 ], [ 81.279527717942997, 18.725514346381889 ], [ 81.279491637809031, 18.725475283756939 ], [ 81.279420157752199, 18.725349763481944 ], [ 81.279405307923099, 18.725323685053088 ], [ 81.278825867031316, 18.724601071746399 ], [ 81.278711121938287, 18.724454276689798 ], [ 81.278416663085522, 18.724077571764031 ], [ 81.278306119729123, 18.723936151297227 ], [ 81.277989400152379, 18.723509275533448 ], [ 81.277976026435894, 18.723491249613822 ], [ 81.277504890780207, 18.72290476629809 ], [ 81.277304284726227, 18.722631334423625 ], [ 81.277147783693351, 18.722418017464374 ], [ 81.27702848215749, 18.722292209164134 ], [ 81.276913387989765, 18.722231557865051 ], [ 81.276778081520803, 18.722160255837174 ], [ 81.276742388079697, 18.722112966272629 ], [ 81.276683295896618, 18.721972116824801 ], [ 81.276528682588946, 18.72174654678081 ], [ 81.276508914016972, 18.721717706513424 ], [ 81.276319809817153, 18.721437355740271 ], [ 81.27626342100713, 18.721362035814103 ], [ 81.276261582101384, 18.721361017407435 ], [ 81.276187809998731, 18.721320161556772 ], [ 81.276035118364021, 18.721065904132551 ], [ 81.275834982003687, 18.720811305661147 ], [ 81.27570589971161, 18.720665715481879 ], [ 81.275693436919767, 18.720660236820116 ], [ 81.275592390268784, 18.720615819473757 ], [ 81.275376227648167, 18.720598416021272 ], [ 81.275373800104248, 18.720597000944107 ], [ 81.275311271745721, 18.720457143171402 ], [ 81.275022204909263, 18.7203389309263 ], [ 81.275122631791362, 18.720262543668284 ], [ 81.275318454075034, 18.720400654168515 ], [ 81.275665353364332, 18.72048565076765 ], [ 81.275557872366548, 18.720136631195125 ], [ 81.275521055210334, 18.720110510230295 ], [ 81.275394785551299, 18.720020920474681 ], [ 81.275248468909382, 18.719853264253761 ], [ 81.275162297568286, 18.719680834676033 ], [ 81.274776529484285, 18.719118575749153 ], [ 81.27472433705924, 18.719042504928613 ], [ 81.274410649344404, 18.718597703244619 ], [ 81.273960740413841, 18.718099857497815 ], [ 81.273961658233986, 18.718099864418914 ], [ 81.273890628619313, 18.718025844049592 ], [ 81.273793963235448, 18.717925113056744 ], [ 81.273773050423074, 18.717875004932768 ], [ 81.273335680753362, 18.717398572536279 ], [ 81.273186711325494, 18.717049958636018 ], [ 81.27312195033862, 18.716696602608096 ], [ 81.273107260583402, 18.716402421830331 ], [ 81.273085870034208, 18.716257902011229 ], [ 81.273030966048381, 18.716091755550007 ], [ 81.272909945762422, 18.715825732956059 ], [ 81.272921901607063, 18.715772573412867 ], [ 81.272931304976495, 18.715683817558677 ], [ 81.272902645805914, 18.715598218194121 ], [ 81.272862460595107, 18.715397405897395 ], [ 81.272802421868448, 18.715178312517409 ], [ 81.272787571860306, 18.715126640353013 ], [ 81.272765684753196, 18.714998751250207 ], [ 81.272861815170103, 18.714893284507038 ], [ 81.272863615835661, 18.714836021985946 ], [ 81.272841005179558, 18.714805840915897 ], [ 81.272871736737159, 18.714710066553646 ], [ 81.272834414731321, 18.714585313670227 ], [ 81.272627751109582, 18.714476888148489 ], [ 81.272614306482652, 18.714410541470976 ], [ 81.272609418806624, 18.714321287258215 ], [ 81.272555586806988, 18.714318562108019 ], [ 81.272513513324938, 18.714316433005731 ], [ 81.272360587644812, 18.714301013780993 ], [ 81.27217455577059, 18.714282661992321 ], [ 81.271834628305811, 18.714232147705783 ], [ 81.271738890853527, 18.714224514302401 ], [ 81.271652264509086, 18.714261871361263 ], [ 81.271418778911908, 18.714286503524516 ], [ 81.271284512501765, 18.714336048864855 ], [ 81.270495911063549, 18.714591047615961 ], [ 81.270135488502646, 18.71471429522013 ], [ 81.269899381916559, 18.714795030467801 ], [ 81.269728718399023, 18.714854073654418 ], [ 81.26970695148357, 18.714861611188901 ], [ 81.269675649782442, 18.714872450777552 ], [ 81.269613846555089, 18.7148938665005 ], [ 81.269601180181141, 18.714898255077589 ], [ 81.269297201353623, 18.714977459394643 ], [ 81.268985038463427, 18.715013839650563 ], [ 81.268649643066553, 18.715024758300732 ], [ 81.268515639452133, 18.7149620813131 ], [ 81.268495827692306, 18.714966104453211 ], [ 81.268202647569026, 18.71502623706386 ], [ 81.268015239866486, 18.71506467464117 ], [ 81.26768408762787, 18.715123208781378 ], [ 81.267423214370666, 18.715096912649663 ], [ 81.267275724306614, 18.71503156002661 ], [ 81.267266664613715, 18.714980019955188 ], [ 81.267061822386253, 18.715043407176179 ], [ 81.26653526183982, 18.715056047290542 ], [ 81.266020478940035, 18.715075375739282 ], [ 81.265861887844508, 18.715081329538396 ], [ 81.265570996957507, 18.715125824819246 ], [ 81.265163427915695, 18.715192775579226 ], [ 81.26505725074334, 18.715156371089787 ], [ 81.265031811049141, 18.715159739978962 ], [ 81.264804071120395, 18.715189897544075 ], [ 81.26461451024818, 18.715229793869234 ], [ 81.264501959273588, 18.715253219919777 ], [ 81.264176111393979, 18.715321039879186 ], [ 81.26384577200335, 18.715356795885619 ], [ 81.263727544134866, 18.715371248968854 ], [ 81.263371780589566, 18.715376790050538 ], [ 81.263271725185049, 18.715385310755888 ], [ 81.263175349544241, 18.715374678388191 ], [ 81.263046513913537, 18.715375367772577 ], [ 81.262953688957012, 18.715356392126118 ], [ 81.262856140364875, 18.715378005973779 ], [ 81.262703344254476, 18.715394355951691 ], [ 81.262369074398563, 18.71547102407418 ], [ 81.262273956246801, 18.715481803622399 ], [ 81.26218384015317, 18.715511405285625 ], [ 81.261956232515629, 18.715553064081927 ], [ 81.261863986115273, 18.71557657199228 ], [ 81.261782118962842, 18.715622152290752 ], [ 81.260996302483761, 18.716026191573231 ], [ 81.260920617065892, 18.716080151657177 ], [ 81.260826994863038, 18.716098656473871 ], [ 81.260789779672876, 18.716115219589607 ], [ 81.260662426592035, 18.716131612283206 ], [ 81.260344446492908, 18.716255181716409 ], [ 81.260278608897138, 18.716282500287718 ], [ 81.260010502334723, 18.716393741898418 ], [ 81.259679551343339, 18.716548463128689 ], [ 81.259628702619111, 18.716572234916022 ], [ 81.259400850030076, 18.716656176303264 ], [ 81.259382158821523, 18.71666627483043 ], [ 81.25912495809024, 18.716805225537684 ], [ 81.259008111521354, 18.716884939060737 ], [ 81.258975701979736, 18.716980371933868 ], [ 81.258907080296197, 18.716969801542728 ], [ 81.258863204627815, 18.717011000862701 ], [ 81.258752762453867, 18.717114700362437 ], [ 81.25858732017619, 18.717335046561409 ], [ 81.258294720376455, 18.717599782380415 ], [ 81.258151660752617, 18.717730829028646 ], [ 81.258112232155, 18.717766947217989 ], [ 81.258111029511298, 18.717768047150251 ], [ 81.257852179080828, 18.718095974614787 ], [ 81.257655294786261, 18.718345397710699 ], [ 81.257369741606468, 18.718405795867501 ], [ 81.257347281855388, 18.718410586782355 ], [ 81.257144781361717, 18.718494779013476 ], [ 81.257044548151555, 18.718536451933069 ], [ 81.256800738407378, 18.718601208294679 ], [ 81.25658594363891, 18.718695739072089 ], [ 81.256360341271716, 18.71874356046435 ], [ 81.256322771188522, 18.718813895017774 ], [ 81.256177871253087, 18.718830421052147 ], [ 81.255818467719081, 18.718871412680564 ], [ 81.255729822273892, 18.71890745070306 ], [ 81.255662109315892, 18.718972933636369 ], [ 81.255359353485275, 18.719176773862333 ], [ 81.255334484833838, 18.719193722872109 ], [ 81.255355602960165, 18.719263810821875 ], [ 81.255430429656343, 18.719410112690632 ], [ 81.255475396219495, 18.719489590676027 ], [ 81.255478556541846, 18.719578889366151 ], [ 81.255951027861386, 18.720624842483563 ], [ 81.255996778757805, 18.720703938599872 ], [ 81.256029949257282, 18.720788167138004 ], [ 81.256166548165936, 18.721119064415891 ], [ 81.256271722610691, 18.721373840118858 ], [ 81.256420744670876, 18.721734826831881 ], [ 81.256632806835441, 18.722248523310636 ], [ 81.256955998117135, 18.723031404824081 ], [ 81.257012138342617, 18.723104560729567 ], [ 81.257018245846368, 18.723193763935278 ], [ 81.2572232973002, 18.723693394651232 ], [ 81.257278125942776, 18.723767400324792 ], [ 81.257257212631529, 18.723854292216647 ], [ 81.257447945696185, 18.72433608431334 ], [ 81.257489237496742, 18.724417233412023 ], [ 81.257457850561252, 18.724501226735484 ], [ 81.257891284773208, 18.726426823690311 ], [ 81.257976840348292, 18.72680690962525 ], [ 81.257990778159183, 18.72689544518693 ], [ 81.257992238612999, 18.72698475731918 ], [ 81.258019709036915, 18.727570536973872 ], [ 81.258039984256769, 18.728002908224465 ], [ 81.25805838785503, 18.728395353442323 ], [ 81.258057465802679, 18.728484641155024 ], [ 81.258056936778274, 18.728573936370559 ], [ 81.258048649191437, 18.729019316382459 ], [ 81.258064069654523, 18.729191402004268 ], [ 81.258125660685707, 18.729313374873499 ], [ 81.258051983874822, 18.729534999497215 ], [ 81.258005785479199, 18.729862832844326 ], [ 81.258022589865959, 18.730090437371604 ], [ 81.258109464605226, 18.730129539706752 ], [ 81.258021840033592, 18.730164888459765 ], [ 81.25796028896491, 18.730269604764725 ], [ 81.25793241045865, 18.730567929973006 ], [ 81.257922652729988, 18.730621554189415 ], [ 81.257875464994356, 18.730880907274912 ], [ 81.257634154285526, 18.731054807443982 ], [ 81.257455632614963, 18.731328295914189 ], [ 81.257443022801439, 18.731416663485334 ], [ 81.257416151828181, 18.731502051872809 ], [ 81.25731756331534, 18.731719189296896 ], [ 81.257015765452493, 18.732405843875284 ], [ 81.256919191294571, 18.73261788289728 ], [ 81.256871746702188, 18.732694908140957 ], [ 81.256857910455764, 18.73278310104687 ], [ 81.256834942513748, 18.732816850718802 ], [ 81.256414203054163, 18.733559626158847 ], [ 81.25611072519051, 18.734111986808507 ], [ 81.256069964613445, 18.73419231654238 ], [ 81.256031839595934, 18.734273785674276 ], [ 81.255619305752731, 18.735118244795359 ], [ 81.255475312366926, 18.735413329577337 ], [ 81.255453314798146, 18.735458405544595 ], [ 81.255415748288101, 18.735540105125775 ], [ 81.255368192599676, 18.735617069335991 ], [ 81.254845558943842, 18.736761988069379 ], [ 81.254643615781674, 18.737222294757128 ], [ 81.254619479144708, 18.737308418264856 ], [ 81.254627279387208, 18.737397522712115 ], [ 81.254628543274009, 18.737437776960711 ], [ 81.254632045023882, 18.737527063376078 ], [ 81.254634072751912, 18.737616368653597 ], [ 81.2546699284472, 18.737755377034066 ], [ 81.254687737472764, 18.737843354158954 ], [ 81.254673026861525, 18.737931412034833 ], [ 81.254700276348032, 18.738112351378415 ], [ 81.254749694603888, 18.738440492053257 ], [ 81.254746131915297, 18.738529684421263 ], [ 81.254759366852866, 18.738618300685836 ], [ 81.254817668079752, 18.739166350411555 ], [ 81.254908721964867, 18.73961846617328 ], [ 81.254933409303646, 18.739705078162917 ], [ 81.254936728541793, 18.739794366148985 ], [ 81.254916907609996, 18.740089781477966 ], [ 81.254909136026384, 18.74009608234822 ], [ 81.254865518867717, 18.740131449604721 ], [ 81.254891215417658, 18.740185846371904 ], [ 81.254984950670064, 18.740430518695263 ], [ 81.255046986147477, 18.740692296142104 ], [ 81.255119159609137, 18.74089985882123 ], [ 81.255150369876318, 18.741277405895218 ], [ 81.255244043487451, 18.741329642205294 ], [ 81.255285320050149, 18.74135009971981 ], [ 81.255336752100121, 18.741408257125283 ], [ 81.255525589668252, 18.741445160426466 ], [ 81.255585746585112, 18.741510795723524 ], [ 81.255752167116455, 18.741457090831862 ], [ 81.255826136169816, 18.741433219505922 ], [ 81.256118649853917, 18.741428204850614 ], [ 81.256203967948977, 18.741436391977224 ], [ 81.256440896018887, 18.741459125218366 ], [ 81.256684481838519, 18.741478758101653 ], [ 81.256992098393965, 18.741459561923772 ], [ 81.256989851869491, 18.741455798277844 ], [ 81.256918220664232, 18.741335789190472 ], [ 81.256855050291506, 18.741229955478012 ], [ 81.25692753915618, 18.741112395207658 ], [ 81.257078503804962, 18.741213059566363 ], [ 81.25728176299036, 18.741348591448823 ], [ 81.257311648915049, 18.741365179753977 ], [ 81.257473069130683, 18.741454778842417 ], [ 81.257659419599989, 18.74142014552589 ], [ 81.257776500527982, 18.741460341026151 ], [ 81.257852331016949, 18.741516070194624 ], [ 81.257947030452542, 18.741502644234171 ], [ 81.258218837744266, 18.741411774690736 ], [ 81.258343816451685, 18.741354277799552 ], [ 81.258624416583984, 18.741225186352516 ], [ 81.258727135794274, 18.741225710894987 ], [ 81.258830033391732, 18.741246449995028 ], [ 81.259011953455598, 18.741184491866118 ], [ 81.259222093283313, 18.74130684559519 ], [ 81.259329724791939, 18.741316377877631 ], [ 81.259414930241661, 18.741384925895552 ], [ 81.259630345738472, 18.741558226303596 ], [ 81.259867891000567, 18.741758076515232 ], [ 81.259867950628532, 18.741756319604715 ], [ 81.2599632928153, 18.741810905866146 ], [ 81.260224671513996, 18.741882973015411 ], [ 81.260700042918828, 18.741792857343345 ] ] ] } },
{ "type": "Feature", "properties": { "AREA": 1726.8790540299999, "State": "Chattisgarh", "Block": "Kuakonda", "Village": "Samalwar" }, "geometry": { "type": "Polygon", "coordinates": [ [ [ 81.319028796411004, 18.617669643179635 ], [ 81.319192498510077, 18.617577287267196 ], [ 81.31928222844877, 18.617548649244991 ], [ 81.319371334116695, 18.617517958198551 ], [ 81.319640903271576, 18.617447573668745 ], [ 81.319734175773803, 18.617430572182606 ], [ 81.319829868538577, 18.617442100076367 ], [ 81.320223757747726, 18.617487847973305 ], [ 81.320403555287598, 18.617525280511177 ], [ 81.320501014928212, 18.617538231579097 ], [ 81.320508915867336, 18.617538951840512 ], [ 81.32059353758892, 18.617572942868737 ], [ 81.320877488887646, 18.617534161592783 ], [ 81.320979784493389, 18.617525378015827 ], [ 81.321216389414147, 18.617505063718887 ], [ 81.321310658928567, 18.617507878599703 ], [ 81.321399429059497, 18.617477544258595 ], [ 81.321829416103697, 18.617422108040774 ], [ 81.322220489350272, 18.617372398423505 ], [ 81.322314374111755, 18.61736388251234 ], [ 81.32239872553717, 18.617323692721428 ], [ 81.322710821375608, 18.617203914638296 ], [ 81.323126587645362, 18.617038152615962 ], [ 81.323515766165386, 18.616896967033657 ], [ 81.323603833358433, 18.616864825247131 ], [ 81.323695163969617, 18.61684243078027 ], [ 81.324136715139076, 18.616739909147913 ], [ 81.324343085338285, 18.616693398010476 ], [ 81.324817580015235, 18.616586458307925 ], [ 81.324911027800837, 18.61657435297046 ], [ 81.32500530607814, 18.616571941174346 ], [ 81.325599421992507, 18.616595208885922 ], [ 81.32565289784857, 18.616605180331725 ], [ 81.325691991928551, 18.61661247115287 ], [ 81.325776376272373, 18.616572346467432 ], [ 81.32640971159968, 18.616376943451687 ], [ 81.32649806578425, 18.616345525618684 ], [ 81.32658842786708, 18.616319813220763 ], [ 81.326996456902862, 18.616193683398556 ], [ 81.327166688069866, 18.616144197027765 ], [ 81.327281872096052, 18.616110712274537 ], [ 81.327374153672807, 18.616092193795705 ], [ 81.327467130820736, 18.616107323374312 ], [ 81.327859786702049, 18.616172119041302 ], [ 81.327952930801757, 18.616186282162786 ], [ 81.328119851380933, 18.616349606394017 ], [ 81.328195795746765, 18.616479967118316 ], [ 81.328222085151907, 18.61652509183352 ], [ 81.328379372386848, 18.616487190170822 ], [ 81.328598907656215, 18.61645609195806 ], [ 81.328685975020022, 18.616421565134242 ], [ 81.329283806988769, 18.616225434263921 ], [ 81.329370238137813, 18.616189483339042 ], [ 81.329463735776443, 18.616177736606161 ], [ 81.330002512273211, 18.61605372686002 ], [ 81.330096708380225, 18.616058224455887 ], [ 81.330174738730761, 18.616007746587815 ], [ 81.330327136179335, 18.615933503198967 ], [ 81.330415164110093, 18.615901265515152 ], [ 81.330493198267249, 18.615850793723364 ], [ 81.330641558927766, 18.615789427233601 ], [ 81.33072906314591, 18.615755920090972 ], [ 81.330821404829635, 18.615737676815687 ], [ 81.330977168150142, 18.615683817382251 ], [ 81.331593119354324, 18.615470834541032 ], [ 81.331684884892653, 18.615450119046049 ], [ 81.331750983642479, 18.615385996101633 ], [ 81.331988743089909, 18.615161871639238 ], [ 81.33215608020268, 18.615016543916646 ], [ 81.332223398215689, 18.614953585795227 ], [ 81.332272217238852, 18.614876656282931 ], [ 81.332560925013084, 18.614468209632594 ], [ 81.332603421910221, 18.614387936563311 ], [ 81.332594012995159, 18.614298438726379 ], [ 81.332580579733573, 18.614134295355871 ], [ 81.332561481591299, 18.614046207631173 ], [ 81.33256142153158, 18.61395626451208 ], [ 81.332540056451279, 18.61373736802663 ], [ 81.332518956998911, 18.613649694138918 ], [ 81.332511251168839, 18.613560048817671 ], [ 81.332489037333659, 18.613399166346248 ], [ 81.332473226162023, 18.613182306426232 ], [ 81.33244713536493, 18.612986356391517 ], [ 81.332442372047652, 18.61295059298142 ], [ 81.332449728556455, 18.612860928210591 ], [ 81.332501554742947, 18.612785809366805 ], [ 81.332886393182775, 18.612335224493133 ], [ 81.332963669033745, 18.61228370222608 ], [ 81.3329852851911, 18.612196165026454 ], [ 81.333067478943448, 18.612035966405319 ], [ 81.333184594982541, 18.611807704426475 ], [ 81.333310231035256, 18.611556600752046 ], [ 81.33334174276672, 18.611471843036874 ], [ 81.333380550304867, 18.611389886029666 ], [ 81.333480057719754, 18.611205437978789 ], [ 81.333561432191146, 18.611024477729682 ], [ 81.333611057908129, 18.610930297818779 ], [ 81.33365487210834, 18.610850671113255 ], [ 81.333653393637931, 18.610760737388183 ], [ 81.333706391609923, 18.610388352272455 ], [ 81.33374579306242, 18.610130144898321 ], [ 81.333735932375063, 18.610040689465766 ], [ 81.333741218690875, 18.609950890622873 ], [ 81.333707795015385, 18.609480327095959 ], [ 81.333698825550556, 18.60939078578539 ], [ 81.333735716347746, 18.609308026605046 ], [ 81.333910124145561, 18.60892866578531 ], [ 81.334003158805118, 18.608738922467925 ], [ 81.334049538831721, 18.60866063024049 ], [ 81.334122154143188, 18.608603273722256 ], [ 81.334364171890257, 18.608376857094797 ], [ 81.334434561507337, 18.608317031326401 ], [ 81.334496578172576, 18.608249302146081 ], [ 81.334744817535565, 18.608017420932217 ], [ 81.334957080893517, 18.607845290354845 ], [ 81.335030940392798, 18.607789398994374 ], [ 81.335177358106932, 18.607650113824139 ], [ 81.335216786594899, 18.607568427325941 ], [ 81.335345454485363, 18.607205066447438 ], [ 81.335418543664559, 18.607043132162772 ], [ 81.335473486296195, 18.60697005756214 ], [ 81.33552081171176, 18.606892281063075 ], [ 81.335612139853325, 18.606726208685007 ], [ 81.335646471117656, 18.606663779322766 ], [ 81.335826197348098, 18.606374314881336 ], [ 81.336073470675927, 18.605955283337895 ], [ 81.336132866486878, 18.605885447150985 ], [ 81.336221361360856, 18.605854402256085 ], [ 81.336404811362613, 18.605795432626806 ], [ 81.336631630448338, 18.605725334695638 ], [ 81.336724726207024, 18.605711012880015 ], [ 81.33679435687192, 18.605650385831829 ], [ 81.337169029966816, 18.605418485713731 ], [ 81.337189225567656, 18.605406258905852 ], [ 81.337227984931545, 18.605382795777579 ], [ 81.337414739610367, 18.60525435071062 ], [ 81.337489971121997, 18.60520015012515 ], [ 81.337564684158991, 18.605145299699089 ], [ 81.337821242058425, 18.604986663580696 ], [ 81.337896898046864, 18.604933003469952 ], [ 81.337963242920267, 18.604869112724316 ], [ 81.338236403726583, 18.604590072788692 ], [ 81.338291265841633, 18.604516939442963 ], [ 81.338369320046667, 18.604466498919873 ], [ 81.338601932039012, 18.604315898764067 ], [ 81.338683924165338, 18.604271498426975 ], [ 81.338763749465556, 18.604223643921987 ], [ 81.339243549709181, 18.603935949014236 ], [ 81.339326169880366, 18.603892620903874 ], [ 81.339412136494275, 18.603878214314545 ], [ 81.340002354869355, 18.603814489878868 ], [ 81.340092608306705, 18.603794144313984 ], [ 81.340178788811144, 18.603759136217715 ], [ 81.340323680191815, 18.603724331802219 ], [ 81.340401507750983, 18.603673838975908 ], [ 81.340486951367751, 18.603637002959033 ], [ 81.340534671035485, 18.603618523028132 ], [ 81.340609375273502, 18.60356386727382 ], [ 81.340699291028287, 18.603569938587604 ], [ 81.340752656847002, 18.603556428380614 ], [ 81.340844134722261, 18.60355106160883 ], [ 81.340934109114926, 18.603528624184168 ], [ 81.341166493853407, 18.603485114550391 ], [ 81.341222709160135, 18.603479747981766 ], [ 81.341314463619071, 18.60348063039941 ], [ 81.341505026677865, 18.603460899870715 ], [ 81.341826069615877, 18.603291399017287 ], [ 81.341906648701709, 18.603244708794822 ], [ 81.341976277028706, 18.603184078825414 ], [ 81.342154823417275, 18.603026469715491 ], [ 81.342438974402526, 18.602761325860094 ], [ 81.342494994827646, 18.602688996347982 ], [ 81.342582222964111, 18.602654852258809 ], [ 81.343051960863178, 18.602424548594556 ], [ 81.34313012460413, 18.602374262168084 ], [ 81.343201188172742, 18.602315166312351 ], [ 81.343486526892178, 18.602142137483781 ], [ 81.343917896133945, 18.60188081259879 ], [ 81.343987948176263, 18.601820630156151 ], [ 81.34413071468623, 18.60172736770782 ], [ 81.344211740134952, 18.601681383942005 ], [ 81.344565794995958, 18.601516446635529 ], [ 81.344656891941497, 18.601493229659763 ], [ 81.344746575274286, 18.601521087182981 ], [ 81.345178284520486, 18.601650000092704 ], [ 81.345458492331531, 18.601764956356529 ], [ 81.345546529582691, 18.601797241835282 ], [ 81.345634929240518, 18.601765951128801 ], [ 81.345690812482488, 18.601759522567786 ], [ 81.345783732551837, 18.601744216283986 ], [ 81.345827695124143, 18.601729521902442 ], [ 81.34587271790501, 18.601714473271176 ], [ 81.346142844323992, 18.601662823046393 ], [ 81.34633842913793, 18.601615696221682 ], [ 81.346800785092043, 18.601527506598575 ], [ 81.346892873482616, 18.601508161909042 ], [ 81.346987152987879, 18.601506179995599 ], [ 81.347252347654617, 18.601513422093635 ], [ 81.347346638896767, 18.601511909069345 ], [ 81.347432272031, 18.601474275359315 ], [ 81.347780801038169, 18.601328299465692 ], [ 81.347856040121826, 18.601274106518485 ], [ 81.347904330909401, 18.60119687079078 ], [ 81.34807945702282, 18.60076254954577 ], [ 81.348098668221581, 18.600674498134449 ], [ 81.34806242550242, 18.600591442169712 ], [ 81.347876114999806, 18.600315315519417 ], [ 81.347779248868463, 18.600126194199067 ], [ 81.347729508035982, 18.600049752776496 ], [ 81.347752951770204, 18.599962641006606 ], [ 81.347855160091598, 18.599749287615754 ], [ 81.347887812680199, 18.599664920322841 ], [ 81.347916088372727, 18.59957912453666 ], [ 81.347993324657381, 18.599436304438822 ], [ 81.348044800151044, 18.599360963965736 ], [ 81.348071936190223, 18.599274834413588 ], [ 81.348113608075124, 18.599080152350457 ], [ 81.348144927598526, 18.598946739167783 ], [ 81.348182047125078, 18.598864071658301 ], [ 81.348238980284435, 18.598792392227224 ], [ 81.348477950228514, 18.598456186142077 ], [ 81.348550226325386, 18.598398444839315 ], [ 81.348607125293185, 18.598326741352171 ], [ 81.348688161751184, 18.598255084502696 ], [ 81.348776234714947, 18.598148232096616 ], [ 81.348939502605788, 18.598000339681278 ], [ 81.349004660791522, 18.597935347438842 ], [ 81.349065606764555, 18.597866736578059 ], [ 81.349198085129018, 18.597771177626928 ], [ 81.349313045669888, 18.597659666707148 ], [ 81.349379240980824, 18.597595634006289 ], [ 81.349445255449297, 18.597531432038629 ], [ 81.349695931032414, 18.597290953415794 ], [ 81.349740110580981, 18.597211508623499 ], [ 81.349801700929945, 18.597143423573598 ], [ 81.350040875817228, 18.59681014639072 ], [ 81.350208261522141, 18.596607224176097 ], [ 81.350263518331616, 18.596534361059099 ], [ 81.350327363169427, 18.596468194443823 ], [ 81.350602792093682, 18.596206608664101 ], [ 81.350647521867984, 18.596127442909818 ], [ 81.350661419065361, 18.59603848425105 ], [ 81.350650733355096, 18.595951743508266 ], [ 81.350657593868902, 18.595862037303792 ], [ 81.350665390688405, 18.595772399241952 ], [ 81.35067807962858, 18.595671504670257 ], [ 81.350650332961109, 18.595513494831511 ], [ 81.350655714922283, 18.595423695673503 ], [ 81.350639469420727, 18.595335084441238 ], [ 81.350619510465634, 18.595267323797017 ], [ 81.350607743016681, 18.595178071749125 ], [ 81.350587463467946, 18.595090217583923 ], [ 81.35053817711109, 18.594918207769965 ], [ 81.350478312250985, 18.594652465443325 ], [ 81.350466700925992, 18.594563195482475 ], [ 81.350433070009771, 18.594479145913279 ], [ 81.350258456952943, 18.59410559819473 ], [ 81.350046799556068, 18.593722091243077 ], [ 81.350012839704931, 18.593638161453566 ], [ 81.349979418662258, 18.593554034444065 ], [ 81.349811210333797, 18.593247700696772 ], [ 81.349734489317996, 18.593115574543869 ], [ 81.349654407634645, 18.592977662205037 ], [ 81.349612318879579, 18.592802303611379 ], [ 81.349454109004867, 18.592293639925693 ], [ 81.349453495485207, 18.592203691858384 ], [ 81.349407993936367, 18.592124883838249 ], [ 81.349393949595935, 18.591970319326652 ], [ 81.349329898782884, 18.591803903943628 ], [ 81.349312014039782, 18.59171557802264 ], [ 81.349241728853144, 18.591655574961013 ], [ 81.348750554396943, 18.591231900171646 ], [ 81.348703924282901, 18.591153693003339 ], [ 81.348631751256676, 18.59109576713027 ], [ 81.348461846806316, 18.590945698209637 ], [ 81.348257187572344, 18.590759592413541 ], [ 81.348206069650004, 18.590683980396562 ], [ 81.348164219567352, 18.590603353902974 ], [ 81.347976566031278, 18.590377529299527 ], [ 81.347941202767956, 18.590294125516557 ], [ 81.34787129524112, 18.590233723050481 ], [ 81.347354649772029, 18.589804795493112 ], [ 81.34727990770179, 18.589749913717075 ], [ 81.347209285663425, 18.589690270724596 ], [ 81.347147819247141, 18.589651710446699 ], [ 81.347081202106992, 18.589588013408754 ], [ 81.347000232917622, 18.589541867150196 ], [ 81.346545810535346, 18.589275635141117 ], [ 81.346478110300296, 18.589212984399705 ], [ 81.346384845974214, 18.589226232296284 ], [ 81.346047294334497, 18.589250803624147 ], [ 81.345623977844937, 18.589258052402073 ], [ 81.34553305788458, 18.589281875470792 ], [ 81.345441596017622, 18.589303731911539 ], [ 81.345243056609846, 18.589366558951316 ], [ 81.3450310191635, 18.589458683120807 ], [ 81.344940455970558, 18.589483712534722 ], [ 81.3448495128074, 18.589507452466417 ], [ 81.34482098763867, 18.589512119416025 ], [ 81.344657293101449, 18.589538899462319 ], [ 81.344609688330394, 18.58955850322128 ], [ 81.344414072757004, 18.589608464118854 ], [ 81.344319993137759, 18.589614564341279 ], [ 81.344226250857119, 18.589604747726714 ], [ 81.343893378240793, 18.589619100460521 ], [ 81.343708692276451, 18.58962213526685 ], [ 81.343608819993065, 18.58963839685855 ], [ 81.343515674505824, 18.589624312867723 ], [ 81.343434176912353, 18.589669526550622 ], [ 81.343313831260147, 18.589663459560171 ], [ 81.343141436162824, 18.589642530151735 ], [ 81.343028424174221, 18.589599223004939 ], [ 81.342970389236569, 18.589528295379957 ], [ 81.342876144336316, 18.589531324595139 ], [ 81.342724357526507, 18.589491664094719 ], [ 81.342503822145787, 18.589430124355321 ], [ 81.342304842699406, 18.589394719364758 ], [ 81.342275662369772, 18.589389526644535 ], [ 81.342197368226309, 18.589183814025048 ], [ 81.342150315645469, 18.589060183028213 ], [ 81.342150080968707, 18.588970232812379 ], [ 81.342113292969145, 18.588887390562945 ], [ 81.341939083862428, 18.58866235218365 ], [ 81.341855298520656, 18.58857804791008 ], [ 81.341729212479052, 18.588479964270594 ], [ 81.341635489764798, 18.588469977290128 ], [ 81.34156977231271, 18.588405433265159 ], [ 81.341448338889677, 18.588340597680332 ], [ 81.341246718893387, 18.588292321253643 ], [ 81.341132781778143, 18.588246294442211 ], [ 81.340857752978138, 18.58805397365931 ], [ 81.34060089721163, 18.587946418989688 ], [ 81.340534752267857, 18.587918720159045 ], [ 81.340374590741291, 18.587867860429814 ], [ 81.34022337592107, 18.587848658625212 ], [ 81.340139837897993, 18.587806885439903 ], [ 81.340074142181209, 18.587742321943807 ], [ 81.339944110290446, 18.587626127843912 ], [ 81.339687832524874, 18.587419885796084 ], [ 81.339623458861354, 18.587368080053764 ], [ 81.339613226253732, 18.587359845560012 ], [ 81.33956200404954, 18.587284294547747 ], [ 81.339491899403342, 18.587224096813546 ], [ 81.339208925470146, 18.587020921943484 ], [ 81.339153001855237, 18.586948467775713 ], [ 81.339064633324895, 18.586917023615921 ], [ 81.338948305679892, 18.586845269898593 ], [ 81.338854417331675, 18.586836822956595 ], [ 81.338788386979232, 18.586772571367906 ], [ 81.338476648511744, 18.586486294907086 ], [ 81.338455562846519, 18.585874828775101 ], [ 81.338453114547008, 18.585635243840972 ], [ 81.338457921317001, 18.585545409800176 ], [ 81.338483192061474, 18.585458761168965 ], [ 81.338578904661304, 18.585208339670253 ], [ 81.338580257752398, 18.585204799896733 ], [ 81.338633544380642, 18.585130614229048 ], [ 81.338622794959591, 18.585041241579081 ], [ 81.338628717340143, 18.58484438511816 ], [ 81.338593755199142, 18.58470971245907 ], [ 81.338589528281716, 18.584435345669579 ], [ 81.338577979286143, 18.584374298071513 ], [ 81.338504084503924, 18.584219611887431 ], [ 81.338483180357741, 18.584131886129597 ], [ 81.338475628539697, 18.584096344875828 ], [ 81.338456415755317, 18.584005933119602 ], [ 81.338389157085473, 18.583689414140242 ], [ 81.338360797085429, 18.583612522143603 ], [ 81.338172070298555, 18.583483812728485 ], [ 81.338058469399371, 18.583422268987242 ], [ 81.338029955212008, 18.583352599620209 ], [ 81.337873826822857, 18.583277095726743 ], [ 81.337802682523161, 18.583260877388941 ], [ 81.337753000346169, 18.583108192844705 ], [ 81.337662320828912, 18.583012089803116 ], [ 81.337538906893201, 18.582985556071694 ], [ 81.337448215399306, 18.582961110563495 ], [ 81.3373545619975, 18.582950831297548 ], [ 81.33688619318157, 18.58287445731608 ], [ 81.33628920650365, 18.582782480509291 ], [ 81.335715170363002, 18.582657513052929 ], [ 81.335584184208727, 18.582652509197061 ], [ 81.335489896369324, 18.582652684068183 ], [ 81.335395936163906, 18.582660570845544 ], [ 81.334947721431064, 18.58272245018081 ], [ 81.334751034797677, 18.582749602947974 ], [ 81.334042120664975, 18.582836798269909 ], [ 81.333951647353956, 18.58286257063299 ], [ 81.333859914754967, 18.582883762595465 ], [ 81.333666178592821, 18.582943918480883 ], [ 81.333540408375882, 18.582982976288243 ], [ 81.333448824289846, 18.583004744070973 ], [ 81.333355881345042, 18.583020162111595 ], [ 81.333064074330778, 18.583132696965077 ], [ 81.332954253276199, 18.58317505956099 ], [ 81.332862988959278, 18.583198030487274 ], [ 81.332165213183373, 18.583373467588284 ], [ 81.332104332563006, 18.583335060021046 ], [ 81.332015549336447, 18.583365329087282 ], [ 81.331776547870746, 18.583460915028279 ], [ 81.33159566316445, 18.583557214765626 ], [ 81.331520295113904, 18.583611239212285 ], [ 81.331426057705528, 18.583614432394647 ], [ 81.331118179044424, 18.583607678336239 ], [ 81.331036450603378, 18.583605886009764 ], [ 81.330896714101684, 18.583545557551535 ], [ 81.33087541538022, 18.583536363542571 ], [ 81.330772591503944, 18.583525238011273 ], [ 81.330700666861389, 18.583564772023845 ], [ 81.330620411183205, 18.583611959224331 ], [ 81.330550494770918, 18.583672284152499 ], [ 81.330127990647284, 18.583793292528437 ], [ 81.32975788937128, 18.583890159252668 ], [ 81.329540783529524, 18.583983765282547 ], [ 81.32942788075853, 18.583905859889601 ], [ 81.329408209363976, 18.583930971223609 ], [ 81.329418325434673, 18.584001741540835 ], [ 81.329436416467075, 18.584027776153544 ], [ 81.32899121272709, 18.583879139767166 ], [ 81.328916269009127, 18.583824477252296 ], [ 81.328792712156584, 18.58376879654741 ], [ 81.328580268618325, 18.583706810320862 ], [ 81.328335951188578, 18.583617444913742 ], [ 81.328287566207663, 18.583598409469868 ], [ 81.328152098243919, 18.583545113765258 ], [ 81.327796683722681, 18.583625993225386 ], [ 81.327239464828267, 18.583738409895943 ], [ 81.32706266611163, 18.583812379258287 ], [ 81.327002409251946, 18.583882414034388 ], [ 81.326908303658314, 18.583886948722249 ], [ 81.32644516960147, 18.583906231626404 ], [ 81.32635096877766, 18.583907308368335 ], [ 81.326256769704429, 18.583908509120224 ], [ 81.32557886474757, 18.583862856041542 ], [ 81.325488187352335, 18.583838625098082 ], [ 81.325394067628523, 18.583842835710332 ], [ 81.325234584456226, 18.583805972883439 ], [ 81.325143803260858, 18.583782096012001 ], [ 81.325050034724129, 18.583791204427094 ], [ 81.324839585925687, 18.583831740739971 ], [ 81.324745853486746, 18.583849795014551 ], [ 81.324509365100425, 18.583769403453562 ], [ 81.324509008847357, 18.583769283242312 ], [ 81.324499089172704, 18.583765910963091 ], [ 81.324356107825082, 18.583797214541882 ], [ 81.324206591359214, 18.583860019263778 ], [ 81.324085916788533, 18.583877093790065 ], [ 81.324023297819764, 18.583945223408787 ], [ 81.323964757586339, 18.583874312328106 ], [ 81.323458130328405, 18.58376811406432 ], [ 81.323386673592765, 18.583826209758683 ], [ 81.323293622039017, 18.58384080829001 ], [ 81.323199457942678, 18.583838355630007 ], [ 81.323174994620018, 18.583838649759912 ], [ 81.3226594707412, 18.58384485288207 ], [ 81.322566112948607, 18.583833027060596 ], [ 81.322495944107729, 18.583842678715403 ], [ 81.322472784716652, 18.583845864491384 ], [ 81.322031007939714, 18.583997393883159 ], [ 81.321936898589612, 18.584002208624732 ], [ 81.3218430456551, 18.584010637480294 ], [ 81.321537021720786, 18.58400644841004 ], [ 81.321270174549539, 18.584018447618607 ], [ 81.321177956885151, 18.584000203237668 ], [ 81.321096660682102, 18.584046500186748 ], [ 81.321013717356252, 18.584047621540972 ], [ 81.320949454969352, 18.584051126044027 ], [ 81.32091615186792, 18.584052941575312 ], [ 81.320902352082413, 18.584094332644764 ], [ 81.320845418596207, 18.584265099011567 ], [ 81.320841425824341, 18.584317621028113 ], [ 81.320830255286694, 18.58446442189981 ], [ 81.320782569650575, 18.584481471865736 ], [ 81.320545820589757, 18.584566122679686 ], [ 81.32051171583295, 18.584517397026502 ], [ 81.320449987186635, 18.58455436930015 ], [ 81.320400114389571, 18.584584238278982 ], [ 81.32032701637668, 18.58464194140225 ], [ 81.320232828466303, 18.584639199425553 ], [ 81.31995554538139, 18.584725903971201 ], [ 81.319863637418194, 18.584746485802473 ], [ 81.319771699202221, 18.584726911047955 ], [ 81.31953361095627, 18.584682488036236 ], [ 81.319386219668814, 18.584654988660546 ], [ 81.3192924822078, 18.584665031390937 ], [ 81.319202454550279, 18.584692410289488 ], [ 81.318930898674566, 18.584721711217536 ], [ 81.318565753275891, 18.584814502755794 ], [ 81.318463585093383, 18.584807283192983 ], [ 81.31837887945494, 18.584822581674331 ], [ 81.318180334433407, 18.584858128051799 ], [ 81.318142546802562, 18.584852288986074 ], [ 81.318044403235419, 18.584837121495152 ], [ 81.317884815405463, 18.584836687991643 ], [ 81.317443833290724, 18.58484203195637 ], [ 81.317144683791767, 18.584849014552709 ], [ 81.316935387777548, 18.58481239751141 ], [ 81.316657441048832, 18.584951130126736 ], [ 81.316512368366915, 18.585020368296448 ], [ 81.31650367667865, 18.585024516491348 ], [ 81.316427981994337, 18.585122139814189 ], [ 81.31635490915771, 18.585179863417174 ], [ 81.316290439531613, 18.585113856168192 ], [ 81.316204427546552, 18.58504733603294 ], [ 81.31611570808829, 18.585071558535883 ], [ 81.316005697607466, 18.585068590342278 ], [ 81.315827068713588, 18.585024985362626 ], [ 81.315731241729395, 18.585176467052623 ], [ 81.315630703010257, 18.585355167832311 ], [ 81.315738369977225, 18.58543084969731 ], [ 81.315825011100671, 18.585558350546744 ], [ 81.315681660508233, 18.585662640678169 ], [ 81.31561430197327, 18.585797896325172 ], [ 81.315518497588883, 18.585801617473752 ], [ 81.315296216346155, 18.585920251383069 ], [ 81.315256916604937, 18.585963573220102 ], [ 81.315261949642817, 18.586053936925762 ], [ 81.315204115971952, 18.586125503168134 ], [ 81.315075502477796, 18.586259437518983 ], [ 81.314892300122111, 18.586301670971256 ], [ 81.314652798174663, 18.586490588148376 ], [ 81.31439467535651, 18.586665181427058 ], [ 81.314386657808683, 18.586664125363672 ], [ 81.314309533507924, 18.586653971151556 ], [ 81.314249286421116, 18.586690931652104 ], [ 81.314167694378469, 18.586735250429058 ], [ 81.314092275773177, 18.586788272036078 ], [ 81.314019150922775, 18.586858428558198 ], [ 81.313818666994763, 18.586985424875362 ], [ 81.313764052021554, 18.586958723302441 ], [ 81.313682556314461, 18.586985406576169 ], [ 81.313602745474824, 18.587030511622924 ], [ 81.313513527769814, 18.587056431006733 ], [ 81.313347398476381, 18.587080403874523 ], [ 81.313283815952005, 18.587024537102049 ], [ 81.313133090714473, 18.5869724013099 ], [ 81.312983406654112, 18.586976982555033 ], [ 81.312836787462828, 18.587053576641143 ], [ 81.312712651365572, 18.587117372335722 ], [ 81.312584391414163, 18.587114748978333 ], [ 81.312360584970151, 18.587129283748819 ], [ 81.312130122762341, 18.587226043637671 ], [ 81.312044056166144, 18.5872622024315 ], [ 81.311955255077265, 18.587273003244803 ], [ 81.311870254500747, 18.587288023116244 ], [ 81.311694467052803, 18.587330494765816 ], [ 81.311417797604605, 18.587520602039813 ], [ 81.311243296516125, 18.587661017154062 ], [ 81.311149865229353, 18.587808693802906 ], [ 81.311011088883987, 18.587882840282827 ], [ 81.310754564983327, 18.588034970845964 ], [ 81.310706076531588, 18.588107042459104 ], [ 81.31064321541875, 18.588230674316204 ], [ 81.310574471130664, 18.588306079258622 ], [ 81.31050093123271, 18.588376552896996 ], [ 81.310167915832849, 18.588712522402343 ], [ 81.310066826240558, 18.588690686462407 ], [ 81.310013944083764, 18.58872515618695 ], [ 81.309989640344796, 18.588741230902105 ], [ 81.310001469912606, 18.588826493952155 ], [ 81.309966718097726, 18.588780107127739 ], [ 81.309949498994214, 18.588757123851291 ], [ 81.309848020070021, 18.588773745667751 ], [ 81.309651079773161, 18.588687217109001 ], [ 81.30937018395737, 18.588505271879153 ], [ 81.309109709025222, 18.588423328066774 ], [ 81.308949083948306, 18.588303777196103 ], [ 81.308800134252209, 18.588273727277926 ], [ 81.308710459295995, 18.588212146393751 ], [ 81.308664549324448, 18.588131779899289 ], [ 81.308594107892333, 18.588069647890492 ], [ 81.308488124829779, 18.587922590639128 ], [ 81.308447075120341, 18.58773338991065 ], [ 81.30849959771399, 18.587536487317575 ], [ 81.308494635541123, 18.587470615852606 ], [ 81.308412264614233, 18.58738772838041 ], [ 81.308358993056771, 18.587325474306212 ], [ 81.308386471650039, 18.587205341585999 ], [ 81.308367493558265, 18.586944575030923 ], [ 81.30839510363991, 18.586868531151101 ], [ 81.308537340874196, 18.586834665071059 ], [ 81.308454710363037, 18.586567967008406 ], [ 81.30837924911495, 18.586513975883367 ], [ 81.308329676608778, 18.586478557592265 ], [ 81.308123190961197, 18.58633103006186 ], [ 81.308054573062904, 18.586269285141046 ], [ 81.307968699884952, 18.586232059878022 ], [ 81.307496146697218, 18.586053427014235 ], [ 81.307286060980829, 18.585979448072329 ], [ 81.30719483891059, 18.585956589568745 ], [ 81.307116504606483, 18.585906461057654 ], [ 81.30689283749453, 18.585813320513278 ], [ 81.30680928112605, 18.585756970557185 ], [ 81.306729987346642, 18.58570823488807 ], [ 81.306684174631783, 18.58562958211477 ], [ 81.306544137098101, 18.585420273668159 ], [ 81.306509126459332, 18.585336728456276 ], [ 81.306442124769163, 18.58527338857402 ], [ 81.306140702085131, 18.585066735698597 ], [ 81.306086590509921, 18.584993032117932 ], [ 81.305997864459144, 18.584962505954714 ], [ 81.305722604778211, 18.584851631896097 ], [ 81.305570247728923, 18.58478854004635 ], [ 81.305492098904622, 18.584738147114795 ], [ 81.305490965515773, 18.584739535216702 ], [ 81.305481622697727, 18.584750964090254 ], [ 81.305434128040005, 18.584809064676708 ], [ 81.3053969919944, 18.584845137619162 ], [ 81.305296452984877, 18.584942803605536 ], [ 81.305095780329211, 18.585151445090638 ], [ 81.305036650647807, 18.585221486808802 ], [ 81.304947056930374, 18.585249502336719 ], [ 81.304561917168257, 18.585311064222843 ], [ 81.304312428273178, 18.585352575967551 ], [ 81.304218349160138, 18.585358722027213 ], [ 81.30412979336603, 18.58538959222086 ], [ 81.303866674563054, 18.585453780551667 ], [ 81.303774333464389, 18.5854719788437 ], [ 81.30368352975286, 18.585496205609182 ], [ 81.303439509147225, 18.585561077034459 ], [ 81.303419567477476, 18.585566378624538 ], [ 81.303403373144846, 18.585592039779932 ], [ 81.303389273735277, 18.585614381863714 ], [ 81.303360893060002, 18.58562287283802 ], [ 81.303076412833065, 18.585706970322462 ], [ 81.303086129361176, 18.585670530241543 ], [ 81.302548520984104, 18.585850579329659 ], [ 81.302459077329587, 18.585879034923291 ], [ 81.302379836579362, 18.585927758410552 ], [ 81.301966696410972, 18.586124200466223 ], [ 81.301848129449127, 18.586165905257484 ], [ 81.301316989112593, 18.58637312927695 ], [ 81.301238138053264, 18.586421618979895 ], [ 81.301154652030732, 18.586458227135207 ], [ 81.300884638901621, 18.586605257065564 ], [ 81.300641666579679, 18.586738699899175 ], [ 81.300561194293607, 18.586785901865714 ], [ 81.30050476412481, 18.586867158939253 ], [ 81.300163797182137, 18.58723383014167 ], [ 81.299932009171542, 18.587481905817317 ], [ 81.299664351050566, 18.58774639902385 ], [ 81.299596372904702, 18.587827186382107 ], [ 81.299511523423291, 18.587807430028104 ], [ 81.299244974080011, 18.587910201625878 ], [ 81.298876393146898, 18.588053802205824 ], [ 81.298865621279759, 18.588059342590217 ], [ 81.298793408945812, 18.588096484671244 ], [ 81.298757425637632, 18.588112276375458 ], [ 81.298707756045459, 18.588134073209865 ], [ 81.298441936963002, 18.588266844358056 ], [ 81.29826194448772, 18.588345905858361 ], [ 81.29805136364871, 18.58837628794647 ], [ 81.29789641103568, 18.588453416259267 ], [ 81.297755067219882, 18.588523771180352 ], [ 81.297608411701489, 18.58858954350352 ], [ 81.297172786775079, 18.588784912735431 ], [ 81.297105919315143, 18.588784737271101 ], [ 81.297015071603809, 18.588784498247652 ], [ 81.296860723618906, 18.588824529912884 ], [ 81.29685848589952, 18.588914546035259 ], [ 81.296857221283418, 18.588915831478889 ], [ 81.296780387460728, 18.588993919306397 ], [ 81.296757232849771, 18.589081104989631 ], [ 81.296682471851597, 18.589135891697058 ], [ 81.296476120052247, 18.589255316943103 ], [ 81.296370902230819, 18.589314667168352 ], [ 81.295715350312534, 18.589725030004846 ], [ 81.295633011136999, 18.589768833924147 ], [ 81.295554229606566, 18.589818232637011 ], [ 81.295165380294947, 18.590131859438731 ], [ 81.294592125460852, 18.590562937886538 ], [ 81.29427736107985, 18.590818615211056 ], [ 81.294207032136001, 18.590875742356928 ], [ 81.294131240348477, 18.590929225550603 ], [ 81.294062690339516, 18.590990958416327 ], [ 81.294031352912398, 18.591030990138261 ], [ 81.29399574639578, 18.591076471717145 ], [ 81.293574371008447, 18.591716566877466 ], [ 81.293514756019164, 18.591786230870142 ], [ 81.293471618436399, 18.591866195926681 ], [ 81.29340034834847, 18.592034102854814 ], [ 81.29329439621246, 18.592270731630926 ], [ 81.293261080514085, 18.592354863677809 ], [ 81.293218588211062, 18.59243514350015 ], [ 81.293067885934306, 18.592820676181923 ], [ 81.29302873532454, 18.592902487250125 ], [ 81.292990016051107, 18.592984485332551 ], [ 81.292877596190436, 18.593114630998613 ], [ 81.292812944727842, 18.593180081753363 ], [ 81.292741732905924, 18.593239012032672 ], [ 81.292366826905536, 18.593550427527099 ], [ 81.291820251125813, 18.593996759990667 ], [ 81.291740733108412, 18.594045073557432 ], [ 81.291691826713958, 18.594121956191483 ], [ 81.291468051073096, 18.594280678198718 ], [ 81.290883225604503, 18.594734233162256 ], [ 81.29080564023927, 18.594785324850243 ], [ 81.290711875627977, 18.594794912444335 ], [ 81.290659405125467, 18.59479176839438 ], [ 81.290530297737391, 18.594784030886292 ], [ 81.290258769575971, 18.594816918060449 ], [ 81.290043400020011, 18.594814670040709 ], [ 81.289949103760051, 18.594813089555394 ], [ 81.289875338071369, 18.594869089817731 ], [ 81.289632442785049, 18.594956285733328 ], [ 81.289541129405166, 18.594978719284192 ], [ 81.28950807721175, 18.59506294498879 ], [ 81.289352237020353, 18.595266822632865 ], [ 81.289338824657278, 18.595280466138213 ], [ 81.289260968152476, 18.595359668810982 ], [ 81.289276831497347, 18.595603146679391 ], [ 81.289283889845407, 18.59571149151293 ], [ 81.289328015365257, 18.595870144125506 ], [ 81.289393106267354, 18.596050261842695 ], [ 81.28944807486657, 18.596123387631707 ], [ 81.289541893173521, 18.596114283472478 ], [ 81.28966438364553, 18.596099630185034 ], [ 81.289759396070551, 18.596611518782545 ], [ 81.289741587356573, 18.596661761607319 ], [ 81.289729547745026, 18.59669572983946 ], [ 81.289775638766386, 18.596775028191843 ], [ 81.289908683754518, 18.597239828351888 ], [ 81.290065456393734, 18.597787520107641 ], [ 81.290134992081605, 18.59832299103731 ], [ 81.290161563571033, 18.598527601447689 ], [ 81.290149197043377, 18.598617580255201 ], [ 81.290163497727818, 18.598706617415591 ], [ 81.290137191368501, 18.599151895419475 ], [ 81.290271176999937, 18.599660592050736 ], [ 81.290489831514449, 18.600270872710428 ], [ 81.290516470860666, 18.600345421533504 ], [ 81.290543003289486, 18.600432187516351 ], [ 81.290583337309073, 18.600519823719981 ], [ 81.290596901691103, 18.600574066064031 ], [ 81.290620572855929, 18.600668727051485 ], [ 81.290627563866323, 18.60075789762649 ], [ 81.290653853756751, 18.600844297524986 ], [ 81.290804791676152, 18.601145751665587 ], [ 81.291028641774417, 18.601613501183841 ], [ 81.291054429689382, 18.601700038297388 ], [ 81.291097611495402, 18.6017800305988 ], [ 81.291340345113909, 18.602212820535389 ], [ 81.291541805460866, 18.602609581598625 ], [ 81.291806477305855, 18.603038826498569 ], [ 81.292052448713065, 18.603501982751446 ], [ 81.292087026860955, 18.603585687344268 ], [ 81.292444781645088, 18.603760612537542 ], [ 81.292444835879664, 18.603758758763117 ], [ 81.292495372965504, 18.603836672441069 ], [ 81.292771244742383, 18.604300852192836 ], [ 81.29292687953351, 18.60470430854258 ], [ 81.292987973285932, 18.604812725002684 ], [ 81.293097075783052, 18.605006336941226 ], [ 81.293207181515797, 18.605115854951158 ], [ 81.293261269648113, 18.605192398861433 ], [ 81.293296746702609, 18.605290128419629 ], [ 81.293314623013913, 18.605453137308597 ], [ 81.293388915541584, 18.605580621380419 ], [ 81.293471951050876, 18.605825912461327 ], [ 81.293481257732012, 18.605853408267183 ], [ 81.293499435813843, 18.60591401171115 ], [ 81.293500497290651, 18.605917545083972 ], [ 81.293579417682125, 18.606219735224244 ], [ 81.29361327970085, 18.60654356398507 ], [ 81.293655714221018, 18.606649308683078 ], [ 81.293756480349217, 18.606694667364263 ], [ 81.293718883753485, 18.60673530740555 ], [ 81.293769405659191, 18.606915168143988 ], [ 81.293788698749353, 18.607015298753161 ], [ 81.293699613562339, 18.607029738864377 ], [ 81.292802143954788, 18.607222996368272 ], [ 81.292715169003969, 18.607232051340251 ], [ 81.292626589639312, 18.607275978471378 ], [ 81.292599113911081, 18.607276951549355 ], [ 81.292382107601213, 18.607343343432095 ], [ 81.292208928017772, 18.607390822784186 ], [ 81.292216957770165, 18.60740401358742 ], [ 81.291624392304882, 18.607527237413201 ], [ 81.291614329559508, 18.607529996274632 ], [ 81.291399080930205, 18.607589007636424 ], [ 81.291136588616851, 18.607665412128931 ], [ 81.290719910657117, 18.607786693902586 ], [ 81.290636112289434, 18.60782791629509 ], [ 81.290547933800738, 18.607859777517334 ], [ 81.290296511100138, 18.607978438142872 ], [ 81.289956495678965, 18.608164802907101 ], [ 81.289893915760103, 18.608232059427156 ], [ 81.289752233479021, 18.608286929978021 ], [ 81.289753971908155, 18.608298458364573 ], [ 81.289682929805835, 18.608328732710898 ], [ 81.2896813245071, 18.608329226375961 ], [ 81.289600532891413, 18.608375587783879 ], [ 81.289603739697185, 18.608465484408349 ], [ 81.289603330188555, 18.608515424702631 ], [ 81.289555465363421, 18.608661980434636 ], [ 81.289488247047672, 18.60881752399095 ], [ 81.289473386977534, 18.608851909941777 ], [ 81.289421539806114, 18.608971887429739 ], [ 81.289412389735219, 18.609061404262047 ], [ 81.289388409742401, 18.609148380089771 ], [ 81.289253275818538, 18.609411196566519 ], [ 81.289238875229103, 18.609445995253623 ], [ 81.289218661136715, 18.609494844903097 ], [ 81.289238106828662, 18.609582871220198 ], [ 81.289356880203968, 18.610099432140249 ], [ 81.28935929023487, 18.610102698162997 ], [ 81.289553939897246, 18.610261666788052 ], [ 81.289822300554761, 18.610504192355918 ], [ 81.290049528988192, 18.610713291057888 ], [ 81.290122204886757, 18.610770126068441 ], [ 81.290187273231282, 18.610834750883157 ], [ 81.290488395877887, 18.611101508102028 ], [ 81.290555292872583, 18.611164423590001 ], [ 81.290648369361179, 18.611177719825534 ], [ 81.290686644245923, 18.611193099921891 ], [ 81.291125979876909, 18.611369638695514 ], [ 81.291209107672671, 18.611411589220097 ], [ 81.29129933008187, 18.611437064882541 ], [ 81.291516316238472, 18.611525843996418 ], [ 81.291596554636783, 18.611572599838688 ], [ 81.291679529476824, 18.611614823261398 ], [ 81.292046325128453, 18.611804387684771 ], [ 81.29211356817342, 18.611866970571146 ], [ 81.292205295107649, 18.61188701652998 ], [ 81.292389326949163, 18.611917490030336 ], [ 81.292481209110221, 18.611936884826552 ], [ 81.292571119349489, 18.611910450713943 ], [ 81.292844146946905, 18.611824837654648 ], [ 81.292926160801969, 18.611780969137936 ], [ 81.292998518347574, 18.611723788189924 ], [ 81.293071296391432, 18.611680171110688 ], [ 81.293132667948456, 18.611612374813369 ], [ 81.293203485603783, 18.611553477194544 ], [ 81.293495285226356, 18.61140168833392 ], [ 81.293825351167555, 18.611049024104414 ], [ 81.293867975876566, 18.610968814074596 ], [ 81.293884891555891, 18.6108803366659 ], [ 81.294042157612751, 18.61050599487114 ], [ 81.294038354505901, 18.610416118957019 ], [ 81.294068284834282, 18.610330839412537 ], [ 81.294102304566778, 18.610222664943091 ], [ 81.294115280970757, 18.610133581335734 ], [ 81.294198701605183, 18.610091667495876 ], [ 81.29436510013818, 18.609939589685887 ], [ 81.294563547031402, 18.609812451562522 ], [ 81.294640817455146, 18.609768642026459 ], [ 81.294644594847654, 18.609766501390791 ], [ 81.294697689238134, 18.609692192859608 ], [ 81.294856503260775, 18.609529664253433 ], [ 81.294858583021636, 18.609527534725835 ], [ 81.294867649581136, 18.609517238514552 ], [ 81.295220640241098, 18.609116410727278 ], [ 81.295275466306776, 18.609043254669601 ], [ 81.295316520634515, 18.609007354283417 ], [ 81.295344958381719, 18.608982484494149 ], [ 81.295533535070675, 18.608790790637951 ], [ 81.295590835680471, 18.608719381844345 ], [ 81.295639836666069, 18.608642556398479 ], [ 81.295880242866133, 18.608277887291525 ], [ 81.295898566987432, 18.608189665878712 ], [ 81.295975116437589, 18.608137168302001 ], [ 81.296022396764286, 18.608092053668035 ], [ 81.296024649290587, 18.608089903045663 ], [ 81.296123739522983, 18.607995349205499 ], [ 81.296176242361312, 18.607920659273777 ], [ 81.296239654778333, 18.607854115390495 ], [ 81.296399747391845, 18.60767456377182 ], [ 81.296431894161515, 18.607617997307869 ], [ 81.296592548608928, 18.607681886741251 ], [ 81.297088863628161, 18.607879253990625 ], [ 81.297391625023423, 18.607988939457975 ], [ 81.297397841831398, 18.607991192477364 ], [ 81.297491039903719, 18.608005032842183 ], [ 81.29755335226578, 18.608072588455567 ], [ 81.297870521063388, 18.60845822293501 ], [ 81.298199578069955, 18.608906766771575 ], [ 81.298240478974805, 18.608962521794272 ], [ 81.298307595196491, 18.609025752167323 ], [ 81.29836091186155, 18.609099978337625 ], [ 81.298737288966962, 18.609633545166602 ], [ 81.298786484181022, 18.609710313732023 ], [ 81.298841733486157, 18.609783242515459 ], [ 81.299163292859987, 18.610208449252681 ], [ 81.299222531235557, 18.610278473586881 ], [ 81.299302369170576, 18.610326402991085 ], [ 81.299628629962669, 18.610658206980577 ], [ 81.299717549765546, 18.610688239910012 ], [ 81.299760944259376, 18.610768124249489 ], [ 81.299918620625931, 18.61094034848789 ], [ 81.29995639668725, 18.611022785203275 ], [ 81.30000658538745, 18.611098966667704 ], [ 81.300013076867984, 18.611110562643663 ], [ 81.300102685743298, 18.61127062575175 ], [ 81.300144889774543, 18.611351087772142 ], [ 81.300187081772776, 18.611431554674009 ], [ 81.300358635818199, 18.611760257707967 ], [ 81.300422166277201, 18.611881981404661 ], [ 81.300588983182308, 18.612047730999898 ], [ 81.300683306809887, 18.61215211855194 ], [ 81.300743469465345, 18.612220898566907 ], [ 81.300804284548533, 18.612289156542364 ], [ 81.300920851302436, 18.612534884331268 ], [ 81.301003771899573, 18.612714447066011 ], [ 81.30102837438973, 18.612767722087902 ], [ 81.301113677927106, 18.612805518885708 ], [ 81.301165624601154, 18.612880098162279 ], [ 81.30126386233043, 18.613006843070114 ], [ 81.301368657099587, 18.613142047948013 ], [ 81.301717038638543, 18.61360938692312 ], [ 81.301754431655795, 18.613659547979605 ], [ 81.302058836969053, 18.614075610357609 ], [ 81.302103241060706, 18.614154466731382 ], [ 81.302166820952195, 18.61422041121088 ], [ 81.302197594585593, 18.61424043971245 ], [ 81.302482316711917, 18.61442574532127 ], [ 81.302559027070259, 18.614477567897367 ], [ 81.302637310135381, 18.614527223901995 ], [ 81.302921705059788, 18.614686209674964 ], [ 81.303037845152815, 18.614746793579666 ], [ 81.303126229019256, 18.614777545519267 ], [ 81.303216493785612, 18.614802884369396 ], [ 81.303626801525809, 18.614904390429682 ], [ 81.303715858296826, 18.614933335846388 ], [ 81.303771724112138, 18.614933347247316 ], [ 81.303809978039254, 18.61493335535673 ], [ 81.304106791103862, 18.614985151102669 ], [ 81.30415165395857, 18.6149929805065 ], [ 81.304415749567781, 18.615058482165487 ], [ 81.304512249210461, 18.615033861505875 ], [ 81.304804793873728, 18.615033234335399 ], [ 81.304977436417332, 18.615032864860517 ], [ 81.305348387755728, 18.615063035397153 ], [ 81.305444420417601, 18.615081768841222 ], [ 81.30546733136201, 18.615077315171995 ], [ 81.30555173531053, 18.615117497004206 ], [ 81.305712828325326, 18.615205608612715 ], [ 81.305859387162812, 18.615285769562249 ], [ 81.306128885902197, 18.615440987901351 ], [ 81.306202746500645, 18.615496961709248 ], [ 81.306268244510591, 18.615561714528496 ], [ 81.306320886992609, 18.615596376839836 ], [ 81.306460084011903, 18.615688026686016 ], [ 81.306617685384268, 18.615743145969862 ], [ 81.306989163007302, 18.61583681054735 ], [ 81.307354464097145, 18.615876678871579 ], [ 81.307459039207757, 18.615888092005033 ], [ 81.307551997314661, 18.615872936598794 ], [ 81.307646273405894, 18.615870426769451 ], [ 81.308122127091622, 18.61585000305978 ], [ 81.30825163964937, 18.615820296942097 ], [ 81.308454118933483, 18.615805936917724 ], [ 81.308453932434546, 18.615800032191284 ], [ 81.308548354807797, 18.615772808972171 ], [ 81.309106505444888, 18.615650089967531 ], [ 81.309363074895728, 18.61561565144903 ], [ 81.309438642989704, 18.615688140722657 ], [ 81.309439682528264, 18.615729902717831 ], [ 81.309477665711853, 18.615726067395258 ], [ 81.309570461077413, 18.615710047677307 ], [ 81.309661169242844, 18.615734733074884 ], [ 81.309756476497199, 18.615748874434196 ], [ 81.309902476598026, 18.615770536778541 ], [ 81.310329045431487, 18.615837261450377 ], [ 81.310420339706624, 18.615859888615638 ], [ 81.310514297379072, 18.615867746659816 ], [ 81.310821931705291, 18.615888440438347 ], [ 81.310908974830227, 18.615894295068898 ], [ 81.311001074099565, 18.615913719873163 ], [ 81.311094655292123, 18.6159025729768 ], [ 81.311404829993094, 18.615925152654469 ], [ 81.31143223242664, 18.615926517387489 ], [ 81.311667370255435, 18.615938226738098 ], [ 81.311762556456245, 18.61595804008935 ], [ 81.311944359303936, 18.615965190271069 ], [ 81.312033384396955, 18.615935540588374 ], [ 81.312122492430305, 18.615906119228509 ], [ 81.312538832436672, 18.615777511215498 ], [ 81.312883175281129, 18.615686518166054 ], [ 81.312976144978535, 18.615671432640205 ], [ 81.313000404210626, 18.615666104302747 ], [ 81.313068041877472, 18.615651249331375 ], [ 81.313707020523097, 18.615546664755996 ], [ 81.313797880783795, 18.615522595485018 ], [ 81.31389218989608, 18.61552358104338 ], [ 81.31398664534693, 18.61554628967745 ], [ 81.31423138725134, 18.615605130884589 ], [ 81.314520779603953, 18.615662808747295 ], [ 81.314614163146373, 18.615675451806734 ], [ 81.31470609364878, 18.615695598094227 ], [ 81.314997977228273, 18.615705712103559 ], [ 81.315160861199686, 18.615723179472454 ], [ 81.315590142757273, 18.615741186844375 ], [ 81.315620390971091, 18.615741732860698 ], [ 81.315684452073825, 18.615742181337019 ], [ 81.315771213812496, 18.615777495266578 ], [ 81.315874776877223, 18.615836154001911 ], [ 81.315958282169618, 18.615878008317839 ], [ 81.316036811555577, 18.615927862295443 ], [ 81.316306398254696, 18.616090167222971 ], [ 81.316783695943386, 18.616363003640799 ], [ 81.317272841491842, 18.61659745980484 ], [ 81.317361729855449, 18.616627573588904 ], [ 81.317412777924673, 18.616703229603697 ], [ 81.317436365564717, 18.616752491391605 ], [ 81.317466804199242, 18.616816062161469 ], [ 81.317513740878226, 18.616894100695561 ], [ 81.31756919286174, 18.616966884810232 ], [ 81.317770845900398, 18.617252918810248 ], [ 81.317821898973222, 18.617328570849359 ], [ 81.317904152059413, 18.617372624748317 ], [ 81.31796879462901, 18.617404952905289 ], [ 81.318051618673081, 18.617448018813079 ], [ 81.318065699751614, 18.617454722427169 ], [ 81.31806306053322, 18.617471955905291 ], [ 81.318439514334131, 18.617641428828357 ], [ 81.318538853999002, 18.617638928718062 ], [ 81.318639875989845, 18.617641245742398 ], [ 81.318756090682669, 18.617656914989237 ], [ 81.318897488651615, 18.617696884533213 ], [ 81.318956126503139, 18.617685750228748 ], [ 81.319028796411004, 18.617669643179635 ] ] ] } }
]
}
